id,true_label,predicted_label,correct,confidence,p_class_1,p_class_2,p_class_3,p_class_4
2_trans_1853.csv,1,1,1,1.0,1.0,1.9150963395425817e-71,2.6085652201629438e-54,5.345000546049679e-25
2_trans_1106.csv,1,1,1,0.9999999972357927,0.9999999972357927,3.028832168220079e-39,4.8555246402816135e-37,2.7642073790994305e-09
2_trans_1112.csv,1,1,1,1.0,1.0,1.3294508536005482e-77,1.7299652782107013e-50,1.0482271568027905e-27
2_trans_1674.csv,1,1,1,1.0,1.0,2.17894927522484e-64,4.744579048062048e-65,3.353591682109796e-17
2_trans_1890.csv,1,1,1,0.997016348615643,0.997016348615643,1.6427130565495827e-28,0.0029836415911039674,9.793253113133181e-09
2_trans_1648.csv,1,3,0,0.9999434941472509,5.650585274887027e-05,8.621926123996173e-30,0.9999434941472509,1.3155854695269965e-16
2_trans_33.csv,1,1,1,1.0,1.0,5.457807946184996e-84,4.870319398073439e-72,1.316412814536187e-29
2_trans_871.csv,1,1,1,0.9999999999927558,0.9999999999927558,5.399371564879381e-45,3.523610499289313e-50,7.24425821225325e-12
2_trans_1462.csv,1,1,1,1.0,1.0,1.3158007198633156e-42,4.769630381767905e-28,8.145081622815081e-20
2_trans_1476.csv,1,1,1,0.9999999824191229,0.9999999824191229,4.250271396027332e-21,1.3842971015344801e-24,1.758087705515478e-08
2_trans_2619.csv,1,1,1,0.9918350526612811,0.9918350526612811,1.5606393361086468e-16,4.410975828532688e-22,0.008164947338718637
2_trans_1338.csv,1,1,1,1.0,1.0,4.563434334290644e-68,4.234493302273597e-40,3.930263589692573e-27
2_trans_2631.csv,1,1,1,1.0,1.0,1.1142368987998933e-49,3.956528040294084e-40,3.4439714221823674e-17
2_trans_2625.csv,1,1,1,0.9999999996961932,0.9999999996961932,8.733179179103343e-31,5.2913841087050164e-20,3.03806780950314e-10
2_trans_939.csv,4,1,0,0.7124210220744376,0.7124210220744376,1.999038000907001e-12,1.5654560810491505e-08,0.28757896226900254
2_trans_722.csv,1,1,1,0.9999999988455663,0.9999999988455663,2.457786634142613e-28,1.862198264516028e-15,1.1544318137271874e-09
2_trans_1258.csv,4,4,1,0.9290012122196253,0.07099878778037466,5.2825092258888685e-17,3.878150939635767e-22,0.9290012122196253
2_trans_285.csv,1,1,1,0.9999999999994484,0.9999999999994484,1.6067028315846183e-47,1.1906854339302641e-37,5.516137408626569e-13
2_trans_1933.csv,1,1,1,0.9999729955884673,0.9999729955884673,1.2679617569493232e-19,1.5230041783542688e-09,2.700288852869591e-05
2_trans_1927.csv,1,1,1,0.9999999999999853,0.9999999999999853,2.685277035320417e-44,2.128857682100519e-34,1.4739682800046255e-14
2_trans_1700.csv,1,1,1,0.9999999999999942,0.9999999999999942,2.937690295811768e-52,5.044924294633567e-42,5.819241081054259e-15
2_trans_534.csv,1,1,1,1.0,1.0,3.003762501566585e-39,3.6558317832560415e-31,2.6612041679366962e-17
2_trans_2209.csv,1,1,1,0.9999999999999996,0.9999999999999996,1.4448462342248523e-40,9.547245944185804e-32,4.532663213469873e-16
2_trans_2221.csv,1,1,1,0.9999983707966413,0.9999983707966413,4.4797098792119954e-27,9.391686654078201e-17,1.6292033587206318e-06
2_trans_2547.csv,1,1,1,0.9999999995211601,0.9999999995211601,3.809185761239237e-37,2.4886509398585787e-35,4.788397879721526e-10
2_trans_2220.csv,1,4,0,0.9903126185646929,0.009687356022062877,6.369263097087044e-11,2.534955149830156e-08,0.9903126185646929
2_trans_1729.csv,1,1,1,1.0,1.0,1.6710845075686178e-82,1.7867538734214374e-78,1.7940549107331702e-26
2_trans_2546.csv,1,1,1,0.9772008758551722,0.9772008758551722,9.618283476198331e-24,0.02279912413611006,8.717681661997496e-12
2_trans_2208.csv,1,1,1,0.9999830736283714,0.9999830736283714,8.845595511648373e-28,2.649500511489889e-28,1.6926371628611694e-05
2_trans_1701.csv,1,1,1,1.0,1.0,7.24621945564695e-69,2.3632339149395688e-59,2.5667566048999704e-20
2_trans_247.csv,1,1,1,1.0,1.0,3.943697100075511e-68,1.2291867302976164e-51,2.6035006750391246e-25
2_trans_2591.csv,1,1,1,1.0,1.0,8.835483827152988e-86,5.390898520024366e-55,1.6332745885093997e-36
2_trans_1926.csv,1,1,1,1.0,1.0,3.635894501654426e-78,5.562893048171551e-55,3.3500073373715897e-32
2_trans_1932.csv,1,1,1,0.9999999999997184,0.9999999999997184,9.476605820646425e-36,2.8075325758840903e-13,8.867303475052081e-16
2_trans_1259.csv,1,1,1,0.9999999999999294,0.9999999999999294,3.3669869250388705e-45,8.81287695936796e-40,7.059005320714143e-14
2_trans_2744.csv,1,1,1,0.9999999831627618,0.9999999831627618,8.415655153295025e-30,4.302559485926671e-22,1.6837238275347568e-08
2_trans_1503.csv,1,1,1,1.0,1.0,1.1774702885173126e-72,3.9154834389196424e-50,1.2873566651808203e-26
2_trans_2787.csv,1,1,1,1.0,1.0,1.270739148047508e-62,1.274827195713183e-51,9.363622194947325e-20
2_trans_2977.csv,2,2,1,0.9410737624325012,1.1548972889668687e-14,0.9410737624325012,2.4421261449090448e-11,0.05892623754306621
2_trans_938.csv,1,1,1,1.0,1.0,3.2928494932433112e-65,1.429815777046979e-47,1.9671121755443855e-20
2_trans_2142.csv,3,3,1,0.9999999898449855,1.0155013624547043e-08,2.5583958214429982e-20,0.9999999898449855,9.834237265623905e-16
2_trans_119.csv,3,3,1,0.9980764224605656,0.0019232988969345958,2.9137362146428615e-16,0.9980764224605656,2.7864249954873804e-07
2_trans_2156.csv,1,1,1,0.9918538909793361,0.9918538909793361,1.036341892175529e-29,0.008146109020546827,1.171895886616777e-13
2_trans_125.csv,1,1,1,1.0,1.0,5.890421201025192e-56,1.64213919096172e-42,5.669718574135431e-23
2_trans_864.csv,1,1,1,1.0,1.0,2.7454733233162994e-55,8.357839342736761e-45,7.180664066946237e-18
2_trans_2181.csv,1,1,1,1.0,1.0,1.493429813157361e-70,3.418149033793269e-62,1.7710266327746329e-22
2_trans_680.csv,1,1,1,0.9982004008776441,0.9982004008776441,3.4831099232710815e-12,9.722382124755424e-11,0.0017995990216488288
2_trans_1891.csv,1,1,1,0.9999999320689261,0.9999999320689261,3.489773624576319e-25,9.598699685058345e-15,6.793106439222525e-08
2_trans_2432.csv,1,1,1,0.9999999997044,0.9999999997044,7.741690768769805e-37,1.2027724782187474e-31,2.955999255188728e-10
2_trans_327.csv,3,3,1,0.9938303174590616,1.1163710012385915e-07,0.0008489943144445499,0.9938303174590616,0.005320576589393754
2_trans_455.csv,1,1,1,0.9999999586070921,0.9999999586070921,3.897103529259078e-30,1.2386770024619082e-20,4.1392907917367915e-08
2_trans_2368.csv,1,1,1,0.9999892546826558,0.9999892546826558,1.6356143437499464e-24,1.0524673863051484e-05,2.2064348118039464e-07
2_trans_1852.csv,1,3,0,0.9974774331407658,0.0013137333654413218,4.2553426369316454e-14,0.9974774331407658,0.00120883349375045
2_trans_482.csv,1,1,1,1.0,1.0,4.561428549771585e-87,5.0870222585197006e-74,3.4409550207670345e-32
2_trans_496.csv,1,1,1,0.9999999981959531,0.9999999981959531,5.584577323134318e-24,5.482965630227446e-13,1.8034986891030357e-09
2_trans_1688.csv,1,1,1,0.9999998899814643,0.9999998899814643,2.6560704577933093e-26,1.2163669987545361e-24,1.1001853578868881e-07
2_trans_2395.csv,1,1,1,1.0,1.0,1.1505719847390061e-74,4.63848290885341e-56,7.348861265454457e-28
2_trans_1111.csv,4,4,1,0.9841182214665333,0.01588177853315171,2.971763288627617e-14,2.8516458580415816e-13,0.9841182214665333
2_trans_1105.csv,1,1,1,0.9999999999999671,0.9999999999999671,1.2644524752614784e-40,1.5275194130787259e-33,3.296804549733554e-14
2_trans_331.csv,1,1,1,0.9999999999993394,0.9999999999993394,5.364695152606977e-45,4.090544597672795e-46,6.605071583602289e-13
2_trans_1663.csv,1,1,1,1.0,1.0,1.9956613042995547e-60,1.3020484695574727e-60,2.468473300992997e-19
2_trans_2430.csv,1,1,1,1.0,1.0,7.853681980300233e-50,8.27980574979642e-42,1.2529713702268336e-20
2_trans_1139.csv,3,3,1,0.9999999999999925,7.499267529201793e-15,6.333766578601385e-27,0.9999999999999925,1.519136731626674e-23
2_trans_682.csv,1,1,1,0.9999999997650686,0.9999999997650686,2.3975987394374485e-24,4.318674414603807e-12,2.3061262257482765e-10
2_trans_696.csv,1,4,0,0.7979011920662608,0.20209880760978396,3.9561766691870447e-13,3.2355968134098927e-10,0.7979011920662608
2_trans_2815.csv,2,2,1,0.988760725497184,5.259983888536477e-18,0.988760725497184,1.7912993531382049e-10,0.01123927432368605
2_trans_2197.csv,1,1,1,1.0,1.0,6.327581427560737e-61,1.8473341952267235e-34,4.488795482761764e-24
2_trans_872.csv,1,1,1,0.828485631454883,0.828485631454883,6.853858398443667e-23,0.17151260824454512,1.7603005718953002e-06
2_trans_641.csv,1,1,1,1.0,1.0,2.5011955780529185e-45,4.58789640144516e-33,7.214188123985564e-17
2_trans_899.csv,1,1,1,1.0,1.0,8.4703536198522e-57,1.2116672025027932e-44,3.219947568551182e-19
2_trans_1475.csv,3,3,1,1.0,1.139065836742791e-19,1.751701079698021e-23,1.0,2.9478555588984215e-22
2_trans_2975.csv,4,4,1,0.9975262723715504,5.1405137131427775e-12,0.00247372762330895,2.3690442300381325e-19,0.9975262723715504
2_trans_2949.csv,2,2,1,0.9325238022194329,4.82499242747605e-13,0.9325238022194329,2.2497151077159596e-12,0.06747619777783488
2_trans_2785.csv,1,1,1,1.0,1.0,3.5389346066583095e-76,2.3693424177772554e-49,6.91692266214211e-30
2_trans_2008.csv,4,4,1,0.9654212886656229,0.03457871133436525,1.4124224215025232e-16,1.1785606368424225e-14,0.9654212886656229
2_trans_1515.csv,1,1,1,0.999999999985564,0.999999999985564,4.524327900411818e-24,1.3126973853496992e-11,1.3090223259556068e-12
2_trans_721.csv,1,1,1,1.0,1.0,9.878147937294591e-59,5.020523617533005e-47,8.107496567706905e-20
2_trans_1273.csv,1,1,1,1.0,1.0,1.3227590203753657e-90,1.86689530422908e-79,4.24987828101027e-33
2_trans_2593.csv,1,1,1,0.999999999995622,0.999999999995622,8.124390734068263e-57,1.2198973034193364e-63,4.3781607122575226e-12
2_trans_1065.csv,1,1,1,1.0,1.0,2.2515265733649728e-61,3.104045190648224e-59,4.578806641754612e-18
2_trans_2578.csv,1,1,1,1.0,1.0,1.659815716705433e-58,1.1800139872598527e-42,2.090338089152967e-20
2_trans_2236.csv,1,1,1,0.9999999932617236,0.9999999932617236,2.72508807558061e-30,6.738275981447366e-09,3.77185021983732e-16
2_trans_2551.csv,1,1,1,0.9999999999998923,0.9999999999998923,5.2587030453301777e-45,2.0893378416631215e-32,1.0770728691671789e-13
2_trans_1716.csv,1,1,1,1.0,1.0,5.5746326849095694e-70,1.1998636019925418e-77,5.2883347641135615e-18
2_trans_522.csv,4,1,0,0.9038773249960185,0.9038773249960185,7.040785371691959e-15,1.0303150634709479e-22,0.09612267500397459
2_trans_536.csv,1,1,1,0.9999999999999991,0.9999999999999991,6.359252628861353e-42,2.42815185227783e-26,9.852135431009606e-16
2_trans_1064.csv,1,1,1,1.0,1.0,8.867366324655122e-62,1.2333088048969295e-50,5.949166783628897e-21
2_trans_1925.csv,1,1,1,0.9999981508262381,0.9999981508262381,3.888910046871588e-21,8.652728828194016e-15,1.8491737532501995e-06
2_trans_2592.csv,4,4,1,0.9998981114440406,1.1504387917184248e-11,0.00010188854356659034,8.883116476209988e-13,0.9998981114440406
2_trans_1919.csv,1,1,1,1.0,1.0,1.2481735065946969e-53,2.6258210807978606e-34,7.072634000174863e-23
2_trans_293.csv,1,1,1,0.9999999064036736,0.9999999064036736,9.766332189985857e-30,5.1645152682458404e-24,9.359632639574526e-08
2_trans_708.csv,1,1,1,1.0,1.0,3.8898613328966515e-65,3.881072309239601e-56,3.665732107185188e-20
2_trans_907.csv,1,1,1,0.9999999999999805,0.9999999999999805,6.871517266368556e-40,9.645891269412516e-19,1.9583549113680238e-14
2_trans_1299.csv,1,1,1,0.9999999999999993,0.9999999999999993,1.7018740408512845e-36,5.252400315852852e-26,7.740674078396786e-16
2_trans_913.csv,1,1,1,1.0,1.0,2.074436998259372e-62,4.102036746302649e-33,7.23484271449599e-26
2_trans_2627.csv,1,1,1,1.0,1.0,8.46043271853972e-81,1.6061930900215063e-86,1.1626992839491044e-27
2_trans_132.csv,1,1,1,1.0,1.0,1.1632107933366035e-77,2.668518685397569e-60,3.6195080808940965e-29
2_trans_873.csv,3,3,1,0.999999999999998,2.047635149108186e-15,6.604818477880229e-27,0.999999999999998,6.340238935044052e-23
2_trans_683.csv,1,1,1,0.9999999954879064,0.9999999954879064,8.805525595776294e-30,1.9005572260471694e-24,4.51209346320394e-09
2_trans_2357.csv,4,4,1,0.9999400843752005,5.991562478108928e-05,1.843689919734124e-14,1.2401095566814275e-17,0.9999400843752005
2_trans_2343.csv,3,3,1,0.9996281259216653,0.0003718740783345833,6.215315835958896e-31,0.9996281259216653,2.7401936359035803e-19
2_trans_318.csv,1,1,1,0.9999995899616985,0.9999995899616985,1.3967533246255121e-24,4.099900809315644e-07,4.822046891329559e-11
2_trans_324.csv,1,1,1,1.0,1.0,7.135878741555288e-86,1.3884874358887994e-55,2.1001067425656808e-33
2_trans_2394.csv,1,1,1,0.9999999907349907,0.9999999907349907,1.6118801686945805e-16,9.634478473948218e-14,9.264912835282712e-09
2_trans_1851.csv,3,3,1,0.999999999489029,5.109687265232168e-10,9.319943397592289e-22,0.999999999489029,2.311543153221724e-15
2_trans_1689.csv,1,1,1,0.5638038337702642,0.5638038337702642,4.0912927005626156e-18,0.4361961660941464,1.3558928789883601e-10
2_trans_495.csv,1,1,1,1.0,1.0,3.168977987001779e-77,3.5742445409130854e-45,6.005716024723752e-36
2_trans_1855.csv,1,1,1,0.9999999998980242,0.9999999998980242,3.15626510546017e-27,1.0542818203642331e-12,1.0092147767913926e-10
2_trans_1699.csv,1,1,1,0.9999999999999996,0.9999999999999996,1.3127264245899479e-62,8.389618153377532e-61,5.39521357848605e-16
2_trans_1841.csv,1,1,1,1.0,1.0,7.637141697114953e-74,1.4437030456270736e-49,6.202032898083577e-28
2_trans_485.csv,1,1,1,1.0,1.0,2.4911931799770017e-70,2.0783808235137974e-28,7.3575548266681565e-31
2_trans_491.csv,1,1,1,1.0,1.0,5.909733276203266e-60,1.1429349825111959e-34,5.364113399766979e-24
2_trans_1128.csv,1,1,1,0.9999999999998006,0.9999999999998006,2.2458381335351018e-51,1.2876365456739387e-55,1.9935859316103742e-13
2_trans_1896.csv,1,1,1,1.0,1.0,6.694544523616053e-54,1.6862809583616255e-46,8.137865521365581e-17
2_trans_1882.csv,1,1,1,1.0,1.0,2.338785622613815e-76,5.7023307400546255e-56,3.617119625781086e-29
2_trans_2435.csv,1,1,1,0.943580990112647,0.943580990112647,3.6603786884324704e-23,1.5982148388120873e-25,0.05641900988735298
2_trans_320.csv,1,1,1,1.0,1.0,1.5408453489718818e-72,8.769649619954828e-53,3.358234729198431e-27
2_trans_1672.csv,4,4,1,0.9998996820207358,0.00010031797926414839,8.585611746266726e-21,6.313747589723634e-36,0.9998996820207358
2_trans_446.csv,1,1,1,0.9999999999999991,0.9999999999999991,1.564522934807217e-54,1.8429765150474458e-47,7.948183314009037e-16
2_trans_1100.csv,1,1,1,1.0,1.0,2.9413491972414257e-57,3.6082847857084215e-37,1.3502762533343396e-21
2_trans_334.csv,4,4,1,0.9989014977596891,0.0010985003772285742,1.8630815735060885e-09,8.229497113509855e-16,0.9989014977596891
2_trans_877.csv,3,3,1,0.9999999999999958,1.2382607391461735e-16,2.6314429023294233e-16,0.9999999999999958,3.707272342762816e-15
2_trans_2804.csv,4,4,1,0.9999541614613604,9.825157703147723e-09,4.5683990631482284e-05,1.447228504437723e-07,0.9999541614613604
2_trans_693.csv,1,1,1,0.9986081984134747,0.9986081984134747,1.4765579128128364e-19,7.985643988104298e-10,0.0013918007879608065
2_trans_1458.csv,4,4,1,0.9723716543712801,0.027628345628714315,5.5727229525161995e-15,4.1628033754512374e-26,0.9723716543712801
2_trans_2179.csv,4,4,1,0.9990784268250209,5.555691099165225e-10,0.0009215726194093248,6.137177042119335e-16,0.9990784268250209
2_trans_1470.csv,1,1,1,0.9999999999999993,0.9999999999999993,8.131709458722335e-56,6.558935112888825e-53,6.184523716840551e-16
2_trans_136.csv,1,1,1,0.9999999999999998,0.9999999999999998,2.208638482180006e-41,3.135027474861103e-30,1.6339092382717898e-16
2_trans_888.csv,1,1,1,0.9999810591902949,0.9999810591902949,1.1369099002954911e-32,8.065202571042637e-29,1.8940809705045544e-05
2_trans_1538.csv,1,1,1,1.0,1.0,1.5293709631689423e-81,2.3603726732002126e-71,4.973890738878999e-28
2_trans_2757.csv,1,1,1,0.9995259736381462,0.9995259736381462,1.313997013570758e-19,0.0004733412035932046,6.851582607427282e-07
2_trans_2743.csv,1,1,1,0.9999999999992015,0.9999999999992015,1.2255075155518604e-40,1.0112774720833816e-31,7.984965439619811e-13
2_trans_730.csv,4,4,1,0.999998109113105,4.804737311718382e-07,1.4027878359795216e-06,7.625327746830118e-09,0.999998109113105
2_trans_2019.csv,1,1,1,1.0,1.0,2.0683234375508924e-68,2.155755165425891e-65,1.1491587355323806e-20
2_trans_1921.csv,1,1,1,1.0,1.0,1.9602677742369723e-64,2.4039725531777224e-47,3.184663970454672e-22
2_trans_2582.csv,1,1,1,0.9999999999999893,0.9999999999999893,3.647579850155705e-42,4.7401117891275445e-23,1.0750470871045249e-14
2_trans_2233.csv,1,1,1,1.0,1.0,1.3544961978875171e-47,6.373602867712051e-29,1.801172355696357e-17
2_trans_1048.csv,1,1,1,0.9999999959992545,0.9999999959992545,3.7921805067445927e-28,1.4126797584282164e-22,4.000745581168777e-09
2_trans_1706.csv,1,1,1,1.0,1.0,1.9400747148714938e-101,1.8289898399670073e-69,6.6946332600100824e-40
2_trans_1074.csv,1,1,1,1.0,1.0,8.080195550252307e-74,1.2653154175559451e-59,4.305960405549139e-30
2_trans_527.csv,1,1,1,1.0,1.0,4.308367348060229e-57,1.1419949075401767e-52,1.5698951524127723e-18
2_trans_241.csv,1,1,1,0.9999999957909986,0.9999999957909986,2.7447642194320497e-27,7.501088942055075e-28,4.2090014585399106e-09
2_trans_1061.csv,1,1,1,0.9999999999999998,0.9999999999999998,1.1162342765684685e-39,1.4358780482410508e-16,1.2374294630073927e-19
2_trans_255.csv,2,2,1,0.9859025782905511,1.194555926519195e-14,0.9859025782905511,2.0541028151195957e-17,0.014097421709436921
2_trans_533.csv,4,4,1,0.9996306324033101,0.00036936759663421507,2.4341844301374126e-14,3.1438007079067246e-14,0.9996306324033101
2_trans_2226.csv,1,1,1,0.9999995420399371,0.9999995420399371,4.916092421797229e-33,2.0497395868285334e-32,4.57960062871066e-07
2_trans_1049.csv,1,1,1,1.0,1.0,1.7574468098489213e-65,2.5428535622907254e-70,5.532862041023037e-19
2_trans_2540.csv,1,1,1,1.0,1.0,3.224114893565979e-67,5.9484222588480724e-43,3.2828979338914737e-24
2_trans_269.csv,1,1,1,1.0,1.0,4.713398949430851e-61,6.635789009968106e-34,4.066490482539738e-25
2_trans_2232.csv,1,1,1,0.9997342137089041,0.9997342137089041,1.5581501383416137e-15,1.0522234201969987e-10,0.0002657861858719648
2_trans_1934.csv,1,1,1,0.9995379739912695,0.9995379739912695,2.2628487828189133e-21,3.582897001483364e-29,0.0004620260087305125
2_trans_2018.csv,4,4,1,0.9999911712073104,2.4462368848955827e-08,8.804328621915627e-06,1.6987940655355984e-12,0.9999911712073104
2_trans_731.csv,1,1,1,0.9999897330529834,0.9999897330529834,2.1597910757248734e-18,1.2104623785341064e-10,1.0266825970395012e-05
2_trans_9.csv,1,1,1,0.9999612399763446,0.9999612399763446,2.969034476543157e-11,4.2357950045492105e-11,3.8759951606910756e-05
2_trans_719.csv,1,1,1,0.9999992099217238,0.9999992099217238,1.7423062406988927e-40,7.741101602409472e-45,7.900782763163037e-07
2_trans_2030.csv,3,3,1,0.9999995761007453,4.2081955466688503e-07,1.658021495895345e-18,0.9999995761007453,3.0797000576476752e-09
2_trans_1539.csv,1,1,1,1.0,1.0,1.0399626312054909e-59,3.7486898527131263e-48,3.297176584994446e-25
2_trans_2756.csv,1,1,1,1.0,1.0,4.521842242445078e-75,9.070304070240251e-47,3.480990284645621e-32
2_trans_2965.csv,4,4,1,0.5986467922805725,0.0008846858935358796,0.40046726230469865,1.2595211930549344e-06,0.5986467922805725
2_trans_916.csv,1,1,1,1.0,1.0,7.999876549598991e-60,1.5684676730957953e-60,2.551370755361779e-17
2_trans_1459.csv,1,1,1,1.0,1.0,3.6794050197607747e-69,1.648354085108622e-42,2.864711673526628e-25
2_trans_2150.csv,1,1,1,1.0,1.0,1.2015485773863773e-47,6.908063807332712e-35,3.023003352848065e-20
2_trans_2805.csv,2,2,1,0.9999672920408926,3.8361682781615826e-17,0.9999672920408926,3.705831606096363e-12,3.2707955401550676e-05
2_trans_876.csv,1,1,1,1.0,1.0,6.996170039677545e-81,2.3907939161666923e-70,8.94560102186815e-28
2_trans_335.csv,1,1,1,0.9989599354034598,0.9989599354034598,2.0510202918592238e-23,2.2580336725000093e-25,0.0010400645965400648
2_trans_1115.csv,1,1,1,1.0,1.0,7.81240547477962e-56,3.0776818535532703e-30,1.499367855371325e-22
2_trans_447.csv,1,1,1,1.0,1.0,2.812710456433428e-80,2.8689189398050787e-67,1.6114280723556054e-27
2_trans_2352.csv,1,1,1,0.9999999871559136,0.9999999871559136,1.0673612694093425e-47,2.437857665682871e-53,1.2844086262100823e-08
2_trans_309.csv,4,3,0,0.9975449764437785,1.2923838265483682e-08,3.2129661245417493e-07,0.9975449764437785,0.00245468933577085
2_trans_1129.csv,1,1,1,0.9999999999999984,0.9999999999999984,7.145201801211877e-66,3.173664579863602e-73,1.49983497895891e-15
2_trans_2346.csv,1,1,1,1.0,1.0,6.412621302870896e-60,7.445160439100833e-56,1.5231633470241406e-19
2_trans_1868.csv,1,1,1,0.9999999999999876,0.9999999999999876,1.9498125565087856e-38,1.1414746199983044e-18,1.2433233196980252e-14
2_trans_2385.csv,1,1,1,0.9999999999997544,0.9999999999997544,5.825300125085561e-39,4.479922058574865e-31,2.4568762217075087e-13
2_trans_1854.csv,1,1,1,0.9999999999960392,0.9999999999960392,2.7195276094839673e-43,7.463891626300401e-39,3.960892080981433e-12
2_trans_1842.csv,1,1,1,0.9999999871677029,0.9999999871677029,3.5032678285336736e-30,5.3423482262723606e-30,1.2832297061525317e-08
2_trans_1856.csv,1,1,1,1.0,1.0,7.136679343401117e-68,1.6125422884620235e-58,1.268243911820641e-27
2_trans_2387.csv,4,4,1,0.999672081983803,0.00032791801619710856,5.876350237608213e-17,7.434041103315825e-33,0.999672081983803
2_trans_486.csv,3,3,1,0.9999975653271019,2.4346674689152783e-06,1.96819897098995e-18,0.9999975653271019,5.429093634532727e-12
2_trans_1881.csv,1,1,1,0.9999999999999989,0.9999999999999989,2.6576463858202112e-42,6.797052293559955e-27,1.0441351500181244e-15
2_trans_2344.csv,1,1,1,0.9999999999999802,0.9999999999999802,4.915518198187211e-59,3.9841158739906335e-61,1.9756081357880518e-14
2_trans_1665.csv,1,1,1,0.9999999999812581,0.9999999999812581,1.060644865373448e-45,1.2531908156165238e-40,1.8741857814429763e-11
2_trans_323.csv,1,1,1,0.9999999984069425,0.9999999984069425,1.7917577864431665e-22,1.1368576990183476e-09,4.561996978193333e-10
2_trans_2185.csv,1,1,1,1.0,1.0,1.3116161950733313e-59,1.2774987194497229e-39,2.8675050734933026e-24
2_trans_684.csv,1,1,1,0.9999998311086203,0.9999998311086203,2.6744938701164977e-30,1.8335657484457986e-31,1.6889137964430059e-07
2_trans_2152.csv,1,1,1,1.0,1.0,5.904689063657341e-43,7.626429429069241e-25,5.1184691033624797e-17
2_trans_2634.csv,1,1,1,0.9999999999999962,0.9999999999999962,1.3950590503112146e-45,3.018398722392531e-27,3.837074944487658e-15
2_trans_2620.csv,1,1,1,0.9534638242877358,0.9534638242877358,2.219640078381498e-22,2.6660951963708817e-22,0.04653617571226424
2_trans_2146.csv,1,1,1,0.9678408616525198,0.9678408616525198,7.235647638671174e-12,2.555558779209927e-07,0.032158882784366814
2_trans_1467.csv,1,1,1,1.0,1.0,2.528778490606026e-68,7.221726600704596e-56,2.3914708647651486e-23
2_trans_2608.csv,1,1,1,1.0,1.0,7.689306898195983e-75,2.811136100195459e-77,2.021676720424325e-22
2_trans_900.csv,1,1,1,0.9999999999993394,0.9999999999993394,1.890434012513497e-41,1.7246261359411608e-49,6.606139900783601e-13
2_trans_2797.csv,1,1,1,0.9999999999437716,0.9999999999437716,2.090281902088324e-45,6.954153704361145e-46,5.6228267314869445e-11
2_trans_2967.csv,2,4,0,0.9923055391002125,2.5183097671840344e-17,0.007694242264202522,2.1863558505280486e-07,0.9923055391002125
2_trans_1513.csv,1,1,1,1.0,1.0,1.796951294386332e-59,8.708896425173465e-55,8.52069685000441e-22
2_trans_2768.csv,1,1,1,1.0,1.0,3.3703045663901847e-56,4.440560619832854e-38,6.571645512461268e-19
2_trans_733.csv,1,1,1,1.0,1.0,2.124327020792721e-72,7.166356262471405e-50,3.311456416462895e-28
2_trans_2595.csv,1,1,1,0.9999999999998803,0.9999999999998803,6.473218879215904e-50,4.413353773853247e-50,1.197563979071178e-13
2_trans_294.csv,1,1,1,1.0,1.0,6.156635007846683e-80,9.991065248095886e-61,4.6274828192234425e-31
2_trans_519.csv,1,1,1,0.9999999999999729,0.9999999999999729,3.5616412667878614e-53,1.6648230231259197e-47,2.7141269824171e-14
2_trans_2556.csv,1,1,1,0.9954286314961768,0.9954286314961768,8.877617680598735e-20,0.004571368354257915,1.4956536262232525e-10
2_trans_1077.csv,1,1,1,0.999996950824197,0.999996950824197,8.54260657129344e-26,1.9352201201498796e-21,3.049175802990235e-06
2_trans_243.csv,1,1,1,1.0,1.0,9.03907391401562e-70,5.2987366359402806e-48,2.9450118598797575e-25
2_trans_2218.csv,1,1,1,0.9999999959670061,0.9999999959670061,1.0043289970084016e-36,5.55387395760835e-31,4.032993992634648e-09
2_trans_1711.csv,1,1,1,0.9999999999999969,0.9999999999999969,7.972711839895856e-47,3.2909907882714186e-40,3.1309688451550966e-15
2_trans_1063.csv,1,1,1,1.0,1.0,2.419523109103455e-88,8.017641838697965e-85,3.5861078826711564e-31
2_trans_1076.csv,1,1,1,1.0,1.0,2.920509934111371e-69,8.19331005405173e-59,5.007650344820779e-28
2_trans_2231.csv,1,1,1,0.9999999999975475,0.9999999999975475,4.5095155052744495e-46,2.559452168887674e-41,2.4524925314323075e-12
2_trans_295.csv,4,4,1,0.5258344708917865,0.4741655291070638,1.1497591219212675e-12,1.0892925401244475e-17,0.5258344708917865
2_trans_2594.csv,3,3,1,0.9567152659060445,5.574121053331451e-07,0.005405253939002717,0.9567152659060445,0.037878922742847355
2_trans_1937.csv,1,1,1,1.0,1.0,5.518550512266843e-77,8.831643774632171e-51,1.3341652385193812e-30
2_trans_1260.csv,1,1,1,0.9999601059210408,0.9999601059210408,2.7523233415704534e-25,8.76440323339694e-16,3.989407895838427e-05
2_trans_1506.csv,1,1,1,0.99999999999892,0.99999999999892,1.5674864872877965e-58,3.318287576879017e-71,1.080110161279722e-12
2_trans_2755.csv,1,1,1,0.9999999999994578,0.9999999999994578,1.119804990184225e-48,1.2775770286970675e-35,5.422123443032228e-13
2_trans_2027.csv,1,1,1,0.9999999999952147,0.9999999999952147,5.6443852354949154e-30,2.041637409404542e-21,4.78536846039246e-12
2_trans_2966.csv,2,2,1,0.9949030446357485,1.0112813031157135e-16,0.9949030446357485,4.319490005378685e-09,0.005096951044761478
2_trans_2796.csv,1,1,1,0.7292884992249995,0.7292884992249995,1.0466215418006234e-11,8.282204264969659e-09,0.27071149248233
2_trans_120.csv,1,1,1,1.0,1.0,4.2307716421570086e-82,3.051261452536407e-59,3.76999916287379e-32
2_trans_134.csv,1,1,1,1.0,1.0,5.855922497146276e-73,3.15715085487145e-68,2.7881325617581386e-22
2_trans_2621.csv,1,1,1,0.9999999999999793,0.9999999999999793,4.696847593670971e-38,7.232754867771008e-24,2.0695885425880793e-14
2_trans_2806.csv,2,2,1,0.9991673101038578,1.5041463877463802e-19,0.9991673101038578,1.195903657972186e-13,0.0008326898960226119
2_trans_23.csv,4,4,1,0.998944046286237,2.594785929849835e-06,2.7751041449632748e-06,0.0010505838236881072,0.998944046286237
2_trans_1116.csv,1,1,1,0.9999929476211884,0.9999929476211884,2.928669374645185e-22,8.249876429980546e-15,7.052378803380693e-06
2_trans_2437.csv,1,1,1,1.0,1.0,9.023596555686149e-55,9.564040975550109e-46,1.4142769942078823e-20
2_trans_2351.csv,1,1,1,0.9999999712832922,0.9999999712832922,1.1606139184935676e-29,1.7837432205269216e-17,2.871670776249363e-08
2_trans_493.csv,4,4,1,0.9973390226271219,0.0026609773728486085,2.949365979855985e-14,5.579141336365529e-19,0.9973390226271219
2_trans_1857.csv,1,1,1,0.9999999999989644,0.9999999999989644,4.661587693366078e-47,2.700303434325104e-41,1.035654419894698e-12
2_trans_1603.csv,1,1,1,0.9984819860845675,0.9984819860845675,3.0547124975926454e-19,3.731624340771129e-11,0.001518013878116226
2_trans_1617.csv,1,1,1,0.99655612740194,0.99655612740194,1.6835001586137446e-15,4.878391921406938e-12,0.0034438725931797954
2_trans_1171.csv,1,1,1,0.9999999999999973,0.9999999999999973,9.379039884212154e-54,9.659813310448108e-53,2.6747298717467455e-15
2_trans_1159.csv,4,4,1,0.8545868128107886,0.14541318718749674,1.7097364909198425e-12,4.800382647458085e-15,0.8545868128107886
2_trans_2450.csv,1,1,1,1.0,1.0,2.9991829151491536e-53,9.401112794981881e-22,3.496273936376306e-25
2_trans_2444.csv,1,1,1,0.9999902734544913,0.9999902734544913,9.932965015409332e-23,1.4752778261017692e-10,9.726397980845951e-06
2_trans_190.csv,1,1,1,1.0,1.0,3.96840840383146e-69,2.6593964675862334e-47,2.9411924811352774e-25
2_trans_2875.csv,4,4,1,0.9983702083578151,1.6117233420739135e-08,0.0016297755249492227,2.277510618782012e-15,0.9983702083578151
2_trans_50.csv,4,4,1,0.7252988541977852,0.274701143653129,2.1488311499836043e-09,2.5466854239748163e-13,0.7252988541977852
2_trans_2691.csv,1,1,1,0.9999999999996034,0.9999999999996034,2.1130565020581883e-38,3.8617850097226303e-13,1.0447815259605664e-14
2_trans_2685.csv,1,1,1,0.9999999970873175,0.9999999970873175,7.024897653840605e-33,4.913756191673589e-18,2.9126824985296206e-09
2_trans_635.csv,1,1,1,0.9911529872199143,0.9911529872199143,1.0845356230150101e-12,7.594580711279253e-09,0.008847005184420303
2_trans_147.csv,1,1,1,1.0,1.0,4.210030337674078e-71,2.3361174018890205e-50,9.829408514439401e-25
2_trans_1429.csv,1,1,1,0.9999999965496356,0.9999999965496356,1.0067337348736397e-28,1.4309813619075026e-22,3.450364420998909e-09
2_trans_2901.csv,2,4,0,0.9373003092440423,1.2283871772336227e-19,0.06269968773647933,3.019478372256846e-09,0.9373003092440423
2_trans_966.csv,1,1,1,1.0,1.0,3.386666936555164e-77,2.839688144061284e-40,8.374633942844391e-37
2_trans_2929.csv,2,2,1,0.997539974885322,1.0264935468977406e-22,0.997539974885322,1.7094807447553212e-15,0.0024600251146761534
2_trans_2097.csv,1,1,1,0.9999999962358139,0.9999999962358139,5.736465851986758e-31,3.764005198525077e-09,1.809521910964057e-13
2_trans_999.csv,1,1,1,0.9999999999694613,0.9999999999694613,1.5364396010882236e-34,2.669401885621711e-28,3.05387757408744e-11
2_trans_2726.csv,1,1,1,1.0,1.0,1.88238676342865e-61,1.537845214865209e-34,1.409702136409785e-26
2_trans_2054.csv,1,1,1,1.0,1.0,1.4386779812411342e-59,1.4484105533403283e-45,1.169714878111837e-21
2_trans_1944.csv,3,4,0,0.8493680117297265,0.0006621239772162593,0.00018014378359844992,0.1497897205094587,0.8493680117297265
2_trans_2518.csv,1,1,1,0.9999999999999987,0.9999999999999987,1.2124580780319833e-57,2.463703080117462e-57,1.2838270556926841e-15
2_trans_1011.csv,4,4,1,0.9998116593010667,0.00018834069893327126,1.4075953304789474e-23,5.675808120275926e-35,0.9998116593010667
2_trans_1005.csv,1,1,1,0.818593148240808,0.818593148240808,1.8747944067009614e-15,5.950715142530029e-17,0.1814068517591902
2_trans_1993.csv,1,1,1,1.0,1.0,3.778673238530828e-46,2.9028505551903185e-29,3.9559207128445884e-20
2_trans_218.csv,1,1,1,0.99999999944407,0.99999999944407,2.8309442733735006e-32,9.663287452274328e-31,5.559299375281315e-10
2_trans_1992.csv,1,1,1,1.0,1.0,1.9020188892562954e-44,7.2163680643384175e-19,3.8509609118994338e-19
2_trans_2243.csv,1,1,1,1.0,1.0,5.818105740997966e-60,3.4827660120839487e-59,1.3196239966820732e-19
2_trans_1762.csv,1,1,1,0.9999999999459053,0.9999999999459053,1.984761855073246e-39,3.4250175101487594e-25,5.4094768506662675e-11
2_trans_1004.csv,3,3,1,0.9994975108739161,0.0005024804627422516,1.5592475199193106e-17,0.9994975108739161,8.663341670641409e-09
2_trans_1951.csv,1,1,1,1.0,1.0,1.110916477271016e-55,1.5053364213922037e-55,4.536590819372827e-17
2_trans_2055.csv,1,1,1,1.0,1.0,1.8999125310489156e-77,2.643159030428172e-44,6.111318911984838e-31
2_trans_2041.csv,1,1,1,0.999999999997816,0.999999999997816,2.79533061180459e-34,4.319130529285187e-32,2.184128766266793e-12
2_trans_1206.csv,1,1,1,0.5128515634741505,0.5128515634741505,2.2818915862137236e-09,4.1056012514877806e-06,0.4871443286427064
2_trans_754.csv,1,1,1,1.0,1.0,2.196095456918557e-47,1.365873479570218e-34,2.4874070795120943e-19
2_trans_2069.csv,1,1,1,1.0,1.0,5.592453013437165e-77,6.55157611028752e-60,6.525439298348695e-28
2_trans_740.csv,1,1,1,0.9999999730923702,0.9999999730923702,8.838481947621672e-26,4.625209245282397e-09,2.2282420549084263e-08
2_trans_998.csv,4,4,1,0.9999395598042408,6.044019458322773e-05,1.175924714768842e-12,2.536588649820641e-25,0.9999395598042408
2_trans_973.csv,1,1,1,0.9999999999402776,0.9999999999402776,1.1006917340270365e-36,1.6444610203163392e-28,5.972240444601984e-11
2_trans_2082.csv,1,1,1,1.0,1.0,1.0520963953522592e-62,1.1753621227579861e-38,8.011095755115875e-27
2_trans_967.csv,1,1,1,0.9999999999999982,0.9999999999999982,2.4100697714489634e-35,2.2410074437091336e-24,1.7727867428301816e-15
2_trans_783.csv,3,3,1,0.9999999923050104,7.656102214148116e-09,1.0337088334778886e-12,0.9999999923050104,3.7853748494183776e-11
2_trans_2121.csv,1,1,1,1.0,1.0,3.164609153007881e-62,6.247568797378784e-35,5.876530809220897e-26
2_trans_2135.csv,1,1,1,1.0,1.0,1.2642641805360752e-99,9.525368744966624e-78,8.853210246277852e-42
2_trans_608.csv,1,1,1,1.0,1.0,1.1485769947370566e-83,1.7951775820147725e-73,4.982077308386464e-30
2_trans_620.csv,1,1,1,1.0,1.0,7.447413230000087e-76,1.2395128295277415e-53,2.689977383047649e-30
2_trans_79.csv,1,1,1,0.9999734224987774,0.9999734224987774,2.8409965237088006e-25,7.88457884085245e-23,2.6577501222739142e-05
2_trans_2848.csv,2,2,1,0.9990467039541018,4.2371467236512217e-16,0.9990467039541018,5.970649179226809e-14,0.0009532960458379899
2_trans_51.csv,4,4,1,0.99988141304494,0.00011858695491759138,1.4227325691570737e-13,8.218320393490895e-27,0.99988141304494
2_trans_45.csv,1,1,1,1.0,1.0,1.0737367790770845e-79,5.082041414171858e-50,5.011814103623806e-32
2_trans_2445.csv,1,1,1,1.0,1.0,2.633812475152639e-57,4.8763509611448e-50,2.9024825393284777e-22
2_trans_378.csv,1,1,1,0.9999999978745506,0.9999999978745506,2.254128807759774e-33,1.8436339182405242e-28,2.1254493051384895e-09
2_trans_1158.csv,1,1,1,1.0,1.0,8.002916667710164e-55,1.2867564854755905e-39,2.187740643136183e-17
2_trans_344.csv,1,1,1,0.9999999999198841,0.9999999999198841,2.139687927924449e-35,4.985360247853822e-40,8.011591983366573e-11
2_trans_1170.csv,1,1,1,0.9999996327558222,0.9999996327558222,5.416220821743738e-16,2.3890610772080214e-07,1.2833806963350481e-07
2_trans_1825.csv,4,4,1,0.9999917012909929,2.7538091438690146e-10,8.2984336018577e-06,2.429653481992791e-14,0.9999917012909929
2_trans_387.csv,1,1,1,0.9999999999999998,0.9999999999999998,1.035363526847803e-54,1.8158267146247308e-46,3.3265384241162233e-16
2_trans_385.csv,1,1,1,1.0,1.0,2.0847535033111774e-66,2.6498441187095108e-45,2.3057100976912908e-23
2_trans_1833.csv,1,1,1,1.0,1.0,6.199353867307743e-46,2.3089796440553373e-19,1.2292453109896677e-19
2_trans_1199.csv,1,1,1,1.0,1.0,7.930166598282109e-84,1.8776761899365305e-74,1.0868020333380671e-30
2_trans_346.csv,1,1,1,1.0,1.0,9.048081534063641e-60,7.949763738060632e-50,9.010586680302723e-19
2_trans_420.csv,1,1,1,0.9999999999989027,0.9999999999989027,3.6164398486821264e-55,2.2348027895249846e-53,1.097376986630044e-12
2_trans_2309.csv,1,1,1,1.0,1.0,7.916801015318357e-71,3.617229494095885e-41,3.0982785464739327e-26
2_trans_805.csv,1,1,1,0.9999999995087594,0.9999999995087594,4.3483851774555396e-32,2.3057776437200576e-21,4.912406202006893e-10
2_trans_2679.csv,1,1,1,1.0,1.0,8.614662975032384e-62,2.1896867677448327e-66,9.200554567173096e-18
2_trans_144.csv,1,1,1,1.0,1.0,2.440989892487852e-58,1.9947439826246688e-57,2.0541893786161752e-19
2_trans_1370.csv,1,1,1,0.9999999975139591,0.9999999975139591,6.954878617084234e-32,3.976723691630567e-31,2.4860408484606133e-09
2_trans_150.csv,1,1,1,1.0,1.0,4.954886493730741e-45,6.550205583369406e-30,6.356151246155891e-18
2_trans_636.csv,1,1,1,1.0,1.0,9.114405543019021e-57,3.4948904287557386e-35,2.256798461967997e-21
2_trans_2645.csv,1,1,1,0.9999999999997984,0.9999999999997984,4.114991201380384e-42,7.183875089576224e-33,2.016457218501567e-13
2_trans_178.csv,1,1,1,0.9999999999996008,0.9999999999996008,3.4293139223289074e-41,1.4281410353529633e-38,3.9921902572239174e-13
2_trans_795.csv,1,1,1,0.9999999996057045,0.9999999996057045,2.9135188709863e-26,8.970401902266897e-24,3.942955775234476e-10
2_trans_2080.csv,1,1,1,0.999999999999964,0.999999999999964,1.6271234245295257e-44,3.607327148082617e-14,1.4973004368087263e-18
2_trans_1562.csv,4,4,1,0.9986896287308874,0.0013103712691126428,1.4845590823767861e-21,1.572799759271497e-36,0.9986896287308874
2_trans_1576.csv,1,1,1,0.9999999999999973,0.9999999999999973,2.102665074487775e-53,1.117115834074866e-47,2.6774410135176785e-15
2_trans_2731.csv,1,1,1,1.0,1.0,2.8626123748365433e-77,2.174596648709221e-46,1.681070304729123e-34
2_trans_232.csv,1,1,1,1.0,1.0,4.2399664601393663e-48,1.2075790786918295e-26,4.3280361334852775e-23
2_trans_1990.csv,4,4,1,0.9999914196366214,8.580235626021194e-06,1.2775019245662606e-10,2.2877256843137697e-15,0.9999914196366214
2_trans_1991.csv,1,1,1,0.9983819890561854,0.9983819890561854,3.5074355399931983e-22,0.0016180091874395115,1.7563750518777113e-09
2_trans_2526.csv,1,1,1,1.0,1.0,2.5611396664843895e-45,1.7827921508843995e-31,3.1993834968506158e-18
2_trans_2532.csv,3,4,0,0.7459175548801927,1.516563914867099e-11,0.21712830078466927,0.03695414431997234,0.7459175548801927
2_trans_2254.csv,1,1,1,1.0,1.0,8.077903043960036e-61,2.5154009307222127e-68,1.1303853120082014e-20
2_trans_227.csv,1,1,1,0.9395037881318458,0.9395037881318458,1.485985978985293e-15,1.1645711680760473e-07,0.06049609541103593
2_trans_1007.csv,1,1,1,0.9999999790966072,0.9999999790966072,1.0117329628111065e-28,3.1620628941400756e-25,2.0903392785346384e-08
2_trans_1761.csv,1,1,1,1.0,1.0,3.524088355425923e-56,4.95779471824801e-35,1.64578536958082e-25
2_trans_596.csv,1,1,1,0.9999999997834605,0.9999999997834605,5.195330222018325e-34,1.7647596889024888e-23,2.1653952337030635e-10
2_trans_757.csv,1,1,1,0.9999999999995308,0.9999999999995308,5.2921983369737146e-37,1.0179715306941193e-31,4.69203856479887e-13
2_trans_1205.csv,1,1,1,1.0,1.0,8.241920962437803e-46,3.3677272460871834e-32,1.7048942055369442e-20
2_trans_1588.csv,1,1,1,1.0,1.0,1.4875645380854806e-40,7.494049487664166e-18,3.8238610550464234e-18
2_trans_780.csv,1,1,1,0.9999999998237921,0.9999999998237921,1.6293167164918494e-33,2.8964262049695868e-24,1.762079634847345e-10
2_trans_2917.csv,2,2,1,0.9705460148603738,5.78084237353545e-14,0.9705460148603738,9.888705927364644e-12,0.029453985129679665
2_trans_2650.csv,1,1,1,0.9994142504924295,0.9994142504924295,4.361624221713867e-24,0.0005857492879600486,2.1961038341542106e-10
2_trans_2136.csv,1,1,1,1.0,1.0,6.275928662436221e-63,1.9699176544170404e-39,6.90810309645214e-27
2_trans_179.csv,3,3,1,0.9999893951116917,1.060313630531561e-05,3.569359696930699e-17,0.9999893951116917,1.7520027849139607e-09
2_trans_1403.csv,1,1,1,0.9999999999999962,0.9999999999999962,1.472500760599433e-43,9.802359270682914e-39,3.671637555804009e-15
2_trans_91.csv,1,1,1,1.0,1.0,1.1159490338216156e-72,2.62530347203502e-48,3.0247372873435544e-27
2_trans_145.csv,1,1,1,1.0,1.0,7.2029270359945625e-81,7.675261822941853e-53,2.2386661399415024e-32
2_trans_2693.csv,1,1,1,0.9999999999999998,0.9999999999999998,6.067811623342014e-63,8.932214075574906e-64,2.86119164223382e-16
2_trans_804.csv,1,1,1,1.0,1.0,3.157973815244335e-51,9.636621866908413e-30,3.542132374997596e-20
2_trans_2687.csv,1,1,1,0.9999999999999998,0.9999999999999998,7.149831884358717e-44,2.534074470468721e-35,1.2166621815701504e-16
2_trans_192.csv,1,1,1,0.9994093280940957,0.9994093280940957,5.043648986683994e-18,8.246471975321784e-15,0.0005906719058960904
2_trans_435.csv,1,1,1,1.0,1.0,3.856574237071261e-70,8.450610385934612e-49,3.841314886219671e-28
2_trans_2308.csv,1,1,1,1.0,1.0,8.875403991159966e-78,6.213586213511738e-47,1.1429590245037053e-29
2_trans_353.csv,1,1,1,0.9999999999999849,0.9999999999999849,3.7018052911845187e-41,4.0040050388607014e-39,1.501168490687314e-14
2_trans_347.csv,1,1,1,1.0,1.0,1.658261026704645e-66,1.6498009545267645e-42,5.1629473986206005e-26
2_trans_1826.csv,1,1,1,1.0,1.0,7.961064891782589e-56,1.5628640499108757e-21,2.0905595835951586e-23
2_trans_1832.csv,1,1,1,1.0,1.0,5.524920332928879e-58,1.5093570077116412e-55,1.0708017173229936e-20
2_trans_2481.csv,1,1,1,0.9999999999976614,0.9999999999976614,3.2926212235531913e-34,2.3324458825628023e-12,6.2128734901571794e-15
2_trans_394.csv,1,1,1,1.0,1.0,2.023965185872787e-57,7.533551319272473e-29,1.026760641593184e-27
2_trans_2442.csv,1,1,1,0.9999999999998939,0.9999999999998939,2.818810141728072e-29,4.174130934427158e-14,6.434478983570672e-14
2_trans_2318.csv,1,1,1,0.9999999996163029,0.9999999996163029,7.805788630899722e-25,2.6727552451325656e-12,3.810242673792007e-10
2_trans_357.csv,1,1,1,1.0,1.0,9.751140209645334e-61,7.404541006513861e-35,2.9475684722754003e-25
2_trans_1163.csv,1,1,1,1.0,1.0,1.0848061088784086e-61,2.5448401786491923e-38,6.689159374970935e-24
2_trans_182.csv,1,1,1,1.0,1.0,2.2245284388216395e-88,4.2692092592982584e-74,8.973705837197056e-31
2_trans_196.csv,1,1,1,0.9999999960591501,0.9999999960591501,4.078935696682383e-40,3.9408497624891745e-09,2.4341044288667412e-17
2_trans_2640.csv,1,1,1,1.0,1.0,2.2813587604642657e-74,3.9246964444079337e-38,5.243561167026751e-33
2_trans_2126.csv,1,1,1,0.9999999987596,0.9999999987596,1.3546315547095036e-31,8.163840129498669e-16,1.2403991083092639e-09
2_trans_141.csv,4,4,1,0.9998424264186646,0.00015757357135159897,9.983860243314747e-12,5.327966839733486e-22,0.9998424264186646
2_trans_1407.csv,4,4,1,0.8763637433835796,0.12174130119676317,3.556865728335785e-10,0.001894955063970677,0.8763637433835796
2_trans_81.csv,4,4,1,0.9999982076515737,2.232479429321631e-07,1.569100483190263e-06,3.250365217113864e-16,0.9999982076515737
2_trans_155.csv,3,3,1,0.9999999999513991,4.860093864321856e-11,2.288012764692114e-30,0.9999999999513991,5.332169334019414e-23
2_trans_2091.csv,1,1,1,0.9999999998647857,0.9999999998647857,5.381644974380979e-39,1.4324597236706157e-32,1.3521419236043876e-10
2_trans_974.csv,1,1,1,1.0,1.0,2.2204681791614032e-59,2.061099886065799e-41,6.4589059948980865e-24
2_trans_2085.csv,1,1,1,1.0,1.0,3.64815616746361e-60,9.332332517625551e-42,3.1607035255318187e-21
2_trans_2913.csv,4,4,1,0.9955905176095339,1.938658135898462e-09,0.0044093265268889325,1.5392491898221956e-07,0.9955905176095339
2_trans_948.csv,1,1,1,0.9999999887207366,0.9999999887207366,6.801131623448677e-29,1.0123408739406522e-08,1.1558546823815813e-09
2_trans_784.csv,1,1,1,1.0,1.0,4.892917911125896e-60,2.2538406284977545e-45,5.0447321480721135e-24
2_trans_2734.csv,4,4,1,0.9999999177276883,8.227230619397337e-08,5.551506671301676e-15,1.361291402806622e-26,0.9999999177276883
2_trans_2708.csv,1,1,1,0.9999396959727563,0.9999396959727563,2.069070355649664e-23,1.6346621746605156e-28,6.0304027243730815e-05
2_trans_1215.csv,1,1,1,1.0,1.0,5.134319574674747e-63,5.434555506442703e-40,1.251388435273831e-23
2_trans_2293.csv,1,1,1,1.0,1.0,1.3270482359659475e-67,2.5294683519926984e-45,8.596247880228642e-27
2_trans_1956.csv,1,1,1,0.9999999999903082,0.9999999999903082,1.346910092511538e-39,6.157955348450343e-35,9.691693828910762e-12
2_trans_586.csv,1,1,1,1.0,1.0,1.252996637680897e-80,1.9514755613235082e-50,3.2363824332285363e-35
2_trans_2522.csv,4,4,1,0.9999931608798673,6.838818881756245e-06,3.0125105079477167e-10,2.794350638686068e-20,0.9999931608798673
2_trans_1995.csv,1,1,1,0.9999999483740125,0.9999999483740125,5.454125326871121e-26,5.16259700865352e-08,1.7242419347595223e-14
2_trans_1003.csv,1,1,1,1.0,1.0,2.2833394782901382e-80,5.070045150809319e-66,7.0706656550437024e-31
2_trans_1771.csv,1,1,1,0.9999999999969025,0.9999999999969025,1.166785979255347e-48,3.0205140367194237e-50,3.0974509125616726e-12
2_trans_2278.csv,4,4,1,0.9999821444197858,1.7848022200152628e-05,7.557988904279653e-09,2.513230017151851e-14,0.9999821444197858
2_trans_550.csv,1,1,1,0.9531636577711128,0.9531636577711128,1.2138395828532827e-17,1.628566823793449e-16,0.04683634222888704
2_trans_1994.csv,1,1,1,0.9999989551752507,0.9999989551752507,7.807877312805924e-24,2.335660074360318e-15,1.044824746935278e-06
2_trans_578.csv,1,1,1,0.9191280079299374,0.9191280079299374,5.240022175690023e-11,0.008867362859134646,0.07200462915852775
2_trans_2251.csv,3,3,1,0.9955468255985788,0.0004823094767484987,4.6092919172609965e-06,0.9955468255985788,0.003966255632755431
2_trans_1980.csv,1,1,1,0.9999999999999982,0.9999999999999982,2.9741024655901705e-40,8.929017958811204e-22,1.739244610372373e-15
2_trans_1758.csv,1,1,1,0.9999999999993854,0.9999999999993854,2.0980192010180516e-36,6.145830306307757e-13,4.968611555510797e-17
2_trans_2537.csv,1,1,1,0.9999998072656348,0.9999998072656348,3.6490922876774186e-40,1.927343653321485e-07,1.8489666302762834e-19
2_trans_593.csv,1,1,1,1.0,1.0,2.2513180596927994e-67,5.214674037438494e-46,2.059008779746617e-26
2_trans_752.csv,4,4,1,0.9982027790356343,0.0017972207678271155,9.31443976359134e-14,1.964454193492685e-10,0.9982027790356343
2_trans_2053.csv,1,1,1,0.9999999995046311,0.9999999995046311,1.3133847360873543e-44,8.858280219570627e-43,4.953687778512565e-10
2_trans_785.csv,1,1,1,0.999999987642184,0.999999987642184,4.701057250742266e-53,9.457021726787887e-60,1.235781603916725e-08
2_trans_2912.csv,2,2,1,0.9420078806811082,1.3974310395121013e-17,0.9420078806811082,7.242737728701176e-10,0.05799211859461799
2_trans_2084.csv,1,3,0,0.9914003984885605,0.008599601511314536,2.030299672739415e-20,0.9914003984885605,1.250050379027572e-13
2_trans_1406.csv,3,3,1,0.9999999762062534,2.379367757519328e-08,1.4909355980138085e-23,0.9999999762062534,6.913474192852016e-14
2_trans_154.csv,1,1,1,1.0,1.0,4.183262053253277e-65,1.0005467609992502e-71,3.6038875617386606e-17
2_trans_626.csv,1,1,1,0.9999999893896309,0.9999999893896309,1.290880954280209e-29,3.716465617561201e-22,1.0610369104797302e-08
2_trans_94.csv,1,1,1,1.0,1.0,3.4534442232115568e-68,1.974474453978852e-47,5.608040290897343e-27
2_trans_2133.csv,1,1,1,1.0,1.0,4.2190370894943526e-64,2.7647985851128353e-58,1.809754937858253e-20
2_trans_2655.csv,1,1,1,0.9996121705903728,0.9996121705903728,4.325446536752656e-22,0.00038782940617209196,3.4551480757853155e-12
2_trans_2899.csv,2,2,1,0.994723660354357,2.2087071900995382e-17,0.994723660354357,2.923605130431351e-12,0.005276339642719288
2_trans_829.csv,1,1,1,1.0,1.0,7.156613897919519e-57,4.1200546454803985e-50,1.4910804310394318e-17
2_trans_43.csv,1,1,1,1.0,1.0,3.195458581239689e-71,2.9819907449285345e-64,1.6983856908300423e-24
2_trans_197.csv,1,1,1,1.0,1.0,7.117737554871172e-70,3.424714035489466e-43,4.000639990772051e-26
2_trans_2696.csv,1,1,1,1.0,1.0,1.8051003276542266e-60,3.776809466307555e-29,3.2381761466546085e-24
2_trans_1604.csv,1,1,1,1.0,1.0,5.127234404401654e-44,1.5106950631753866e-22,1.7499281218630115e-20
2_trans_424.csv,1,1,1,1.0,1.0,1.3955975747243574e-78,2.091662745420825e-61,8.897723992347034e-28
2_trans_2319.csv,1,1,1,1.0,1.0,8.014744950934103e-65,4.282622998463246e-61,4.2227091665936366e-20
2_trans_342.csv,1,1,1,1.0,1.0,4.367256960669252e-55,9.273275342516214e-30,1.182133274984374e-24
2_trans_418.csv,1,1,1,0.9998154322658983,0.9998154322658983,2.679555495228032e-26,7.141554374593911e-34,0.00018456773410168716
2_trans_1823.csv,1,1,1,1.0,1.0,1.0283351214559812e-73,1.6352921080950477e-44,3.8625032790359025e-28
2_trans_2480.csv,4,4,1,0.9999903227390711,6.024843482660036e-06,3.201927010385149e-06,4.5049043596758733e-07,0.9999903227390711
2_trans_1189.csv,1,1,1,1.0,1.0,2.4941054342317886e-66,1.0904082026730323e-61,2.6105187927781335e-21
2_trans_1821.csv,1,1,1,1.0,1.0,2.867000838883266e-79,3.459536780383899e-71,7.928863272911106e-29
2_trans_2482.csv,1,1,1,1.0,1.0,2.0141358786855742e-58,4.11657627061855e-49,3.644327266843765e-18
2_trans_397.csv,1,1,1,1.0,1.0,4.0743740940867235e-65,1.5542110039105202e-52,9.62490154587404e-23
2_trans_2455.csv,1,1,1,1.0,1.0,5.0465445108815186e-64,3.5234964882323036e-65,1.39476283668352e-20
2_trans_1160.csv,1,1,1,1.0,1.0,1.6513283994443502e-59,2.74925465540765e-34,1.7774328110899297e-22
2_trans_426.csv,1,1,1,1.0,1.0,1.4660634815108825e-74,1.4003951378720373e-57,1.2629488772377866e-27
2_trans_69.csv,4,1,0,0.889278637821988,0.889278637821988,4.797609896610792e-23,2.8220906712995977e-21,0.11072136217801212
2_trans_803.csv,1,1,1,1.0,1.0,8.084424873386681e-64,6.1493797894907286e-49,3.606373156268661e-21
2_trans_2680.csv,1,1,1,1.0,1.0,1.933741644692514e-52,6.681920271620682e-44,7.436161927687684e-17
2_trans_2870.csv,2,2,1,0.9917150497054255,1.9874074672752834e-18,0.9917150497054255,1.7266623442864636e-08,0.008284933027950987
2_trans_195.csv,1,1,1,1.0,1.0,7.729536967298478e-44,1.848835126807731e-17,7.506197631390381e-18
2_trans_2125.csv,1,1,1,0.9999999999999993,0.9999999999999993,2.910503852134241e-42,2.4652803256922503e-30,6.395658603723688e-16
2_trans_1362.csv,1,1,1,0.9999999999999984,0.9999999999999984,4.993262153474805e-38,1.475581789258585e-15,1.0316856460714815e-16
2_trans_156.csv,1,1,1,0.8066364523460349,0.8066364523460349,3.2306544536609127e-12,0.1933583377290588,5.209921675729942e-06
2_trans_82.csv,1,1,1,1.0,1.0,3.442924270791191e-67,4.0829949648271453e-48,6.792978391748614e-25
2_trans_1376.csv,1,1,1,0.9999999999997464,0.9999999999997464,4.44198824070231e-50,1.689685768155204e-47,2.5356178487863465e-13
2_trans_977.csv,1,1,1,0.9999999235120421,0.9999999235120421,2.832321350391e-26,2.1804111500834054e-16,7.648795760697822e-08
2_trans_787.csv,1,1,1,0.9054132040495301,0.9054132040495301,2.1372644440928904e-23,6.422541248485502e-29,0.09458679595046997
2_trans_1216.csv,1,1,1,1.0,1.0,4.812823674148706e-70,3.721183396620664e-50,7.373447975356081e-27
2_trans_1564.csv,1,1,1,0.9999999997858386,0.9999999997858386,1.4945286153702475e-33,1.2859025926667994e-35,2.141613217822336e-10
2_trans_750.csv,1,1,1,1.0,1.0,9.638248758619271e-65,2.293745517504677e-51,3.9490865419993445e-24
2_trans_2290.csv,1,1,1,0.9999999999999922,0.9999999999999922,2.1559471273072123e-40,1.3945813256577848e-25,7.863411172432495e-15
2_trans_1799.csv,1,1,1,1.0,1.0,3.6789518170205377e-69,1.093046029508654e-56,2.460573228670135e-23
2_trans_591.csv,1,1,1,1.0,1.0,6.750961297302798e-51,1.1960341975726338e-25,9.616236899419288e-19
2_trans_1014.csv,1,1,1,1.0,1.0,1.0044119991739894e-94,7.899867997819385e-82,7.010893928642852e-34
2_trans_1767.csv,1,1,1,1.0,1.0,7.0213267825704245e-62,1.653716882694395e-42,5.279201315251865e-25
2_trans_547.csv,1,1,1,1.0,1.0,6.228834130918811e-47,1.5460825296584667e-21,1.0338975439327812e-19
2_trans_1773.csv,1,1,1,1.0,1.0,2.0962778240833586e-38,8.227704211293372e-17,8.268573727358772e-17
2_trans_221.csv,1,1,1,1.0,1.0,1.1319228171440184e-40,9.516963272526925e-20,3.882327890752649e-20
2_trans_209.csv,1,1,1,0.9999999923579576,0.9999999923579576,6.805188131484387e-33,5.1287013907382595e-23,7.642042442493506e-09
2_trans_1997.csv,1,1,1,0.9999998255082974,0.9999998255082974,2.7668782530247424e-34,1.4313636098398252e-41,1.7449170267529993e-07
2_trans_590.csv,1,1,1,0.999949484878393,0.999949484878393,7.165996660682992e-26,2.274374802924047e-23,5.051512160701377e-05
2_trans_1954.csv,1,1,1,0.9999267619891785,0.9999267619891785,8.176371593480166e-37,2.1762629604927433e-52,7.32380108213783e-05
2_trans_1565.csv,3,3,1,0.9999953421630832,2.875816787312715e-06,4.6933145292726484e-09,0.9999953421630832,1.777326814928084e-06
2_trans_1217.csv,1,1,1,1.0,1.0,2.3400272444283355e-53,1.4235405058715904e-28,3.62421630688034e-22
2_trans_745.csv,1,1,1,0.9999999807896044,0.9999999807896044,3.287444665036843e-26,1.0557122471022905e-17,1.921039546410027e-08
2_trans_2078.csv,1,1,1,1.0,1.0,1.60858337423918e-72,3.498531982063018e-47,1.8444281663067123e-25
2_trans_2911.csv,2,2,1,0.9999074419459327,2.1291477825580092e-23,0.9999074419459327,6.93215604252654e-17,9.25580540673307e-05
2_trans_2905.csv,2,4,0,0.69372467086929,2.7177093554974895e-07,0.30627505734269833,1.707609694048501e-11,0.69372467086929
2_trans_786.csv,1,1,1,0.9999999999999991,0.9999999999999991,1.2581087560917341e-49,8.96438945123322e-38,8.560729298886174e-16
2_trans_625.csv,1,1,1,1.0,1.0,1.1821299308761533e-65,7.504196982441137e-62,6.241601314174408e-20
2_trans_97.csv,1,1,1,1.0,1.0,1.0501139210676782e-89,2.9453489074594295e-70,2.8107323643847586e-36
2_trans_143.csv,1,1,1,0.9997258591416279,0.9997258591416279,1.3551519133344588e-29,3.6066509017824466e-29,0.00027414085837211967
2_trans_2642.csv,1,1,1,1.0,1.0,1.144481537255627e-53,3.062160518944819e-41,2.6910005962937494e-20
2_trans_180.csv,1,1,1,0.9999999981194181,0.9999999981194181,2.549211583353591e-37,3.789584701415716e-36,1.88058201058795e-09
2_trans_2871.csv,4,2,0,0.8398560207064458,1.8595629934388065e-08,0.8398560207064458,0.0003279985530259451,0.1598159621448984
2_trans_2681.csv,1,1,1,1.0,1.0,5.4428921213741997e-76,3.475500935404832e-57,2.8927070897017115e-27
2_trans_1613.csv,1,1,1,1.0,1.0,6.578409084882323e-76,1.6966322998179902e-53,5.769375046869037e-31
2_trans_427.csv,1,1,1,0.9999999871074027,0.9999999871074027,1.46540728633606e-35,8.946724728210452e-34,1.2892597306259763e-08
2_trans_2468.csv,1,1,1,0.9999999999993991,0.9999999999993991,7.39503225653919e-40,2.0041283833644153e-23,6.008299929254859e-13
2_trans_2332.csv,1,1,1,0.9999999999996045,0.9999999999996045,1.779860629088024e-48,1.1644570027174827e-50,3.955263252093571e-13
2_trans_2454.csv,1,1,1,0.9999998052187065,0.9999998052187065,1.1270163696327086e-33,1.9289849260844437e-41,1.9478129350128072e-07
2_trans_382.csv,1,1,1,0.9999984922959716,0.9999984922959716,1.3274118435173234e-35,4.505107336128394e-44,1.507704028381683e-06
2_trans_396.csv,1,1,1,1.0,1.0,2.589016788796292e-66,2.8110870720414626e-51,1.6567413504933172e-22
2_trans_2483.csv,1,1,1,1.0,1.0,5.343652152730584e-80,5.930783879769087e-77,1.1056500192604903e-23
2_trans_1834.csv,4,4,1,0.8839286538143989,0.11607134618555824,4.277545225285712e-14,3.102205981576732e-18,0.8839286538143989
2_trans_1820.csv,1,1,1,1.0,1.0,9.27025420595723e-53,2.3009409700039016e-27,2.1078989240885057e-22
2_trans_1811.csv,1,1,1,0.9811327305709657,0.9811327305709657,9.452658265731553e-14,4.648469600296964e-11,0.018867269382455015
2_trans_370.csv,1,1,1,0.5275723060425579,0.5275723060425579,7.733244023483991e-23,1.1571746544525427e-33,0.47242769395744216
2_trans_1636.csv,1,1,1,0.9999999999867666,0.9999999999867666,1.8063234667488284e-42,6.012873507802023e-51,1.3233350343554112e-11
2_trans_1178.csv,1,1,1,1.0,1.0,1.285279752557707e-44,3.576079105607522e-22,1.578758702138762e-17
2_trans_2698.csv,1,1,1,0.9999999999978004,0.9999999999978004,2.1419573818866333e-40,5.015735873115791e-38,2.199565026770606e-12
2_trans_1391.csv,1,1,1,0.9999999999991844,0.9999999999991844,1.4442158820747356e-40,3.084242027451229e-29,8.156684155317682e-13
2_trans_71.csv,1,1,1,1.0,1.0,1.695605944345117e-47,1.3194306134138746e-37,9.095045298258005e-17
2_trans_59.csv,1,1,1,1.0,1.0,1.8583506759996115e-70,6.956072016602461e-61,1.8715108732333484e-23
2_trans_833.csv,1,1,1,0.9999843603979952,0.9999843603979952,7.876604513264643e-22,1.5494634734579093e-05,1.449672703142762e-07
2_trans_2868.csv,4,4,1,0.9835016460947081,2.9794594017927366e-10,0.01649835359153419,1.5811580661735687e-11,0.9835016460947081
2_trans_199.csv,1,1,1,1.0,1.0,3.4766559411726114e-62,1.9836248552675038e-50,2.1529808054406804e-24
2_trans_172.csv,1,1,1,1.0,1.0,1.9032647884919674e-44,2.5669220985109144e-18,1.0878641245860372e-20
2_trans_628.csv,1,1,1,0.999999999999694,0.999999999999694,2.3891168554132713e-43,9.374508753371787e-35,3.059131045790012e-13
2_trans_2115.csv,1,1,1,1.0,1.0,1.8659490877342067e-59,3.881437962805592e-41,7.158891131752198e-20
2_trans_2101.csv,1,1,1,1.0,1.0,9.537453363873278e-45,6.176087984134943e-27,5.855958832889175e-17
2_trans_2934.csv,2,2,1,0.9999954438127963,2.130108214326401e-25,0.9999954438127963,4.28933459640001e-19,4.556187203653025e-06
2_trans_1554.csv,1,1,1,0.9999999999999976,0.9999999999999976,1.3181396822038198e-46,4.2996405374463705e-41,2.523904146117704e-15
2_trans_1226.csv,1,1,1,1.0,1.0,7.295310661515261e-59,4.378657851656107e-41,1.833399960982479e-24
2_trans_2049.csv,1,1,1,0.9999967574844563,0.9999967574844563,1.1993811818061357e-21,3.2425044497762424e-06,1.1094072793385824e-11
2_trans_2061.csv,1,1,1,0.9960365192378529,0.9960365192378529,8.694279405555876e-15,1.285942329093414e-14,0.003963480762125735
2_trans_1568.csv,1,1,1,0.9999999990661133,0.9999999990661133,7.645911842463653e-30,8.985089746197252e-10,3.5377773032048194e-11
2_trans_990.csv,1,1,1,1.0,1.0,1.1677016905124442e-46,1.5351244328031387e-24,2.797668867612465e-19
2_trans_1959.csv,1,1,1,0.9269225337169557,0.9269225337169557,4.4959102598247705e-13,1.7018499524925701e-07,0.07307729609759954
2_trans_204.csv,1,1,1,1.0,1.0,2.7157241248904864e-68,1.4857324483437602e-60,1.47941922516987e-22
2_trans_562.csv,1,1,1,0.9999999999961178,0.9999999999961178,4.345744548265729e-48,1.726417620684927e-45,3.882122058847761e-12
2_trans_576.csv,1,1,1,1.0,1.0,1.8831161601880177e-55,6.466148678830172e-31,1.7890991715290336e-19
2_trans_1024.csv,1,1,1,1.0,1.0,1.0473027563396788e-68,1.8828863276848388e-60,1.6666901257807556e-22
2_trans_2511.csv,1,1,1,0.9999999991544499,0.9999999991544499,2.6909096499595404e-39,5.240220474094461e-31,8.455499962124826e-10
2_trans_2276.csv,1,1,1,1.0,1.0,6.965450732827379e-55,2.3820315564780713e-45,1.879985959503324e-18
2_trans_2510.csv,1,1,1,0.9999952373998842,0.9999952373998842,8.291563258664653e-33,9.50197809104102e-33,4.762600115863506e-06
2_trans_1743.csv,1,1,1,1.0,1.0,2.4287149854298416e-82,4.576696046858221e-48,5.495343248357303e-35
2_trans_1025.csv,1,1,1,1.0,1.0,2.0758049183420283e-87,7.670073684036016e-63,7.049755848331195e-31
2_trans_211.csv,1,1,1,1.0,1.0,3.022669621312105e-47,6.414049762141358e-36,8.963371444450516e-18
2_trans_205.csv,3,3,1,0.9999999999694662,2.917528034970567e-11,4.346270658078966e-20,0.9999999999694662,1.358472358371969e-12
2_trans_1757.csv,1,1,1,0.999999999979998,0.999999999979998,5.289945570418306e-39,1.0065187495150663e-41,2.0002074858800416e-11
2_trans_563.csv,4,4,1,0.9999999117687757,8.81279586685778e-08,1.0325365364859369e-10,1.1911563464627437e-14,0.9999999117687757
2_trans_588.csv,1,1,1,0.9999999944447713,0.9999999944447713,2.380235446168358e-33,1.2358351675525175e-21,5.555228613845644e-09
2_trans_1964.csv,3,3,1,0.8474524403148969,0.00010490775892204232,5.7441806849332695e-05,0.8474524403148969,0.15238521011933187
2_trans_749.csv,3,3,1,0.9999995664745857,3.470366116323505e-08,3.469282475532605e-10,0.9999995664745857,3.984748248070105e-07
2_trans_2074.csv,1,1,1,1.0,1.0,1.5905303094193234e-55,7.152875632014889e-29,8.29206556929355e-28
2_trans_991.csv,1,1,1,1.0,1.0,3.510389621813527e-64,1.2293642326847693e-25,8.416418172966722e-30
2_trans_2060.csv,1,1,1,0.8458402927101377,0.8458402927101377,1.872128082306425e-17,1.788287214418321e-21,0.1541597072898623
2_trans_985.csv,1,1,1,0.9999999999989888,0.9999999999989888,1.0251105915153707e-26,3.6991554373237065e-15,1.0075192121611388e-12
2_trans_1555.csv,1,1,1,0.9988785413341389,0.9988785413341389,1.1433813180362618e-21,2.2515052723024716e-19,0.0011214586658611636
2_trans_2909.csv,2,2,1,0.9894305054892737,2.444391585787883e-17,0.9894305054892737,1.9709292644805707e-10,0.010569494313633219
2_trans_2935.csv,4,4,1,0.9175193646421527,4.38139444009964e-11,0.08248063383794074,1.476092622876707e-09,0.9175193646421527
2_trans_1582.csv,1,1,1,0.9999999999943989,0.9999999999943989,2.084184008044603e-33,4.50875065755143e-17,5.601062136349199e-12
2_trans_2921.csv,4,4,1,0.8322599172259554,1.1460357607956329e-14,0.16774008277402708,6.143471964758114e-15,0.8322599172259554
2_trans_629.csv,1,1,1,0.9999999999966518,0.9999999999966518,5.798629829085305e-39,2.1138508640052802e-19,3.348143930178876e-12
2_trans_2672.csv,1,1,1,0.9943098825102724,0.9943098825102724,2.4748714364141098e-15,3.320124679686994e-13,0.005690117489393044
2_trans_167.csv,1,1,1,0.9999372447286937,0.9999372447286937,1.0556164637789807e-23,8.969408436087288e-24,6.275527130618165e-05
2_trans_1353.csv,1,1,1,1.0,1.0,1.0794019338286946e-74,1.9594357185215008e-51,3.423573566443178e-30
2_trans_1435.csv,1,1,1,1.0,1.0,3.675016282288017e-72,4.228396592771074e-55,3.0798715545293916e-29
2_trans_2896.csv,2,2,1,0.984950844194189,2.2165820090327232e-10,0.984950844194189,6.216947232675399e-09,0.015049149367205616
2_trans_70.csv,4,4,1,0.9996213670473265,0.0003717591920044494,6.351811325466205e-06,5.219493436634646e-07,0.9996213670473265
2_trans_2464.csv,4,4,1,0.9934495692216755,0.006543359159130531,8.399807654158182e-11,7.071535195824989e-06,0.9934495692216755
2_trans_359.csv,1,1,1,0.9995637421995688,0.9995637421995688,9.66541006448017e-28,0.0004362578002870169,1.442365838546825e-13
2_trans_1637.csv,1,1,1,1.0,1.0,4.167178288642387e-61,1.756655796495124e-48,7.922734342191002e-21
2_trans_371.csv,1,1,1,1.0,1.0,3.122784457703561e-63,2.8543724932488045e-51,1.4620198995547082e-22
2_trans_1145.csv,1,1,1,1.0,1.0,3.0455477084264647e-61,1.0719391835254822e-66,7.886062562032475e-18
2_trans_1623.csv,1,3,0,0.9629457348779595,0.03705426512204053,2.1248106402880415e-27,0.9629457348779595,7.09404677166763e-18
2_trans_417.csv,1,1,1,1.0,1.0,1.8392761339950405e-55,1.6775244241496497e-31,1.079640217400103e-21
2_trans_1810.csv,1,1,1,0.9999999989917279,0.9999999989917279,1.9312069487788994e-26,2.6080717067589003e-13,1.0080112194164009e-09
2_trans_1192.csv,1,1,1,0.9994983436355879,0.9994983436355879,1.555366953354202e-28,6.496056785213327e-32,0.0005016563644121568
2_trans_1186.csv,1,1,1,0.9999999999998261,0.9999999999998261,7.125650179644682e-32,1.7292070501882774e-19,1.7385467920114538e-13
2_trans_1838.csv,1,1,1,0.9999999997489393,0.9999999997489393,4.790319219586205e-47,5.959630074599771e-53,2.510606217585619e-10
2_trans_2328.csv,1,1,1,0.9999841824842927,0.9999841824842927,2.7400341421941585e-22,1.7728302473388965e-16,1.5817515707152856e-05
2_trans_415.csv,1,1,1,1.0,1.0,3.734579918451415e-55,1.9376445620740436e-28,3.3078586282914055e-24
2_trans_1386.csv,1,1,1,0.9999999995777782,0.9999999995777782,8.762934345623179e-30,6.859184306222906e-23,4.2222177467337296e-10
2_trans_66.csv,4,4,1,0.9906553740485315,0.009344625951411093,4.843760010249678e-15,5.2512978383998615e-14,0.9906553740485315
2_trans_830.csv,1,1,1,0.9999999999998239,0.9999999999998239,4.2079785956808916e-36,1.840972964086093e-21,1.7601350483935646e-13
2_trans_603.csv,1,1,1,0.9999999995958218,0.9999999995958218,1.2291466914228378e-31,3.341919712960709e-10,6.998629251423857e-11
2_trans_1423.csv,1,3,0,0.5415886105861075,0.453246846041638,1.1682424364915881e-11,0.5415886105861075,0.005164543360571933
2_trans_617.csv,1,1,1,1.0,1.0,4.007976231116464e-64,9.535964376067522e-59,1.348167843625989e-21
2_trans_2102.csv,1,1,1,1.0,1.0,8.049331846847008e-58,2.1613459383936847e-40,1.6941452442007863e-20
2_trans_159.csv,1,1,1,0.9999999999999942,0.9999999999999942,9.385043154760272e-50,8.4730145079061e-49,5.8355361528140176e-15
2_trans_2116.csv,1,1,1,1.0,1.0,1.8098254820997992e-65,5.7840706644683825e-40,5.575311077696805e-23
2_trans_1580.csv,1,1,1,0.999999064959216,0.999999064959216,6.672887636303593e-22,8.883209804232862e-13,9.350398956086654e-07
2_trans_1594.csv,1,1,1,1.0,1.0,9.342316717149173e-73,4.312052513417492e-44,1.1694522936908416e-29
2_trans_788.csv,1,1,1,0.9999999999999867,0.9999999999999867,2.4834102758449584e-66,1.0807254959431954e-72,1.3245814881228214e-14
2_trans_777.csv,1,1,1,0.9944841958355917,0.9944841958355917,3.0402261142877524e-27,2.7264206254275967e-34,0.005515804164408313
2_trans_1225.csv,1,1,1,0.9999619687230351,0.9999619687230351,2.2077230363727052e-24,3.8031269678328316e-05,7.28653163184954e-12
2_trans_1231.csv,1,1,1,0.9999995020092998,0.9999995020092998,1.0263085455242603e-41,6.764498468008639e-52,4.979907003058031e-07
2_trans_987.csv,1,1,1,1.0,1.0,1.841095581559792e-56,3.7671645878966114e-38,6.1239992637323795e-22
2_trans_2062.csv,3,4,0,0.72994324899989,0.0002241611478917397,1.4846452721253815e-08,0.2698325750057655,0.72994324899989
2_trans_1027.csv,1,1,1,1.0,1.0,1.0981526682449122e-81,5.8463904783038576e-52,2.6625489662947085e-33
2_trans_1033.csv,1,1,1,1.0,1.0,1.4715948680904002e-56,1.0473153027074222e-33,1.3598238003133464e-23
2_trans_2512.csv,4,4,1,0.9717835648951241,0.028216428629035166,1.1289196319262632e-09,5.346921068313824e-09,0.9717835648951241
2_trans_2506.csv,1,1,1,0.9925444036582977,0.9925444036582977,1.1957636178582668e-15,8.657642393451937e-06,0.0074469386993076345
2_trans_1768.csv,1,1,1,1.0,1.0,2.491908232712523e-76,1.3542256958742606e-70,1.4228703032660834e-27
2_trans_2513.csv,1,1,1,0.9999999999999996,0.9999999999999996,1.5303410182785587e-51,2.060463589735087e-45,4.758378682415725e-16
2_trans_1754.csv,1,1,1,0.9999999999998614,0.9999999999998614,2.6973526633517527e-44,1.385211068476618e-13,3.6363361697808246e-21
2_trans_560.csv,1,1,1,0.9999999999999911,0.9999999999999911,5.92067192445776e-43,4.89351350126293e-30,8.871435787849762e-15
2_trans_1740.csv,1,1,1,1.0,1.0,7.114958104926421e-73,1.8569287474829796e-46,1.4522077799430108e-30
2_trans_1797.csv,1,1,1,0.9999812588352558,0.9999812588352558,2.147785870043273e-28,4.253189451632518e-24,1.874116474418568e-05
2_trans_1783.csv,1,1,1,1.0,1.0,2.806878086654763e-64,1.502096348808888e-45,3.689122235998804e-23
2_trans_986.csv,1,1,1,0.9999999999915135,0.9999999999915135,4.325481683080209e-48,1.0238027003576365e-48,8.48646231713445e-12
2_trans_2077.csv,4,4,1,0.9951803147803374,0.004818565556293938,1.119640124209641e-06,2.3244384268788462e-11,0.9951803147803374
2_trans_945.csv,1,4,0,0.9123779595348885,0.0876220404651115,1.082228436579663e-26,3.2104191402662007e-37,0.9123779595348885
2_trans_2922.csv,2,2,1,0.9999889201726307,2.5806304014782023e-25,0.9999889201726307,2.0531300921616402e-14,1.1079827348791646e-05
2_trans_2671.csv,1,1,1,0.7397554539998299,0.7397554539998299,1.3352862044546965e-20,1.5487318028537563e-25,0.26024454600017005
2_trans_1378.csv,1,1,1,0.9999999999998874,0.9999999999998874,1.722603691102006e-49,1.615165294795387e-47,1.1251332388224057e-13
2_trans_2117.csv,1,1,1,1.0,1.0,1.117341344089266e-61,9.814034442551673e-48,3.568006752028244e-23
2_trans_158.csv,4,4,1,0.9999947575613686,3.975484253596876e-08,5.202683653234596e-06,1.3575541619397538e-13,0.9999947575613686
2_trans_170.csv,1,1,1,0.9999999993383353,0.9999999993383353,1.4764110538586123e-31,2.874921403679344e-17,6.616647063813418e-10
2_trans_2659.csv,1,1,1,1.0,1.0,3.418169799651455e-89,5.586560855174494e-57,4.3523201227154987e-38
2_trans_825.csv,1,1,1,1.0,1.0,2.3131106174897545e-60,3.829650406738399e-44,6.142273782472616e-23
2_trans_819.csv,1,1,1,1.0,1.0,6.157572580611961e-73,1.5694188183764902e-56,2.683672768644631e-26
2_trans_73.csv,3,3,1,0.9999999999988294,1.1704589458974443e-12,5.70897892333915e-19,0.9999999999988294,1.8061347055246777e-16
2_trans_428.csv,4,4,1,0.8690778644419116,0.13092213555808835,1.2660727060971868e-16,2.0433908462755197e-22,0.8690778644419116
2_trans_2315.csv,1,1,1,1.0,1.0,1.703903070122788e-45,8.504681965832276e-32,4.0977550476613984e-18
2_trans_414.csv,1,1,1,0.9999999951655301,0.9999999951655301,1.2617045712755623e-33,9.889891023603655e-18,4.8344700001035206e-09
2_trans_1634.csv,1,1,1,1.0,1.0,1.931363558170102e-57,1.4024257494765056e-35,2.5015298575446387e-25
2_trans_1807.csv,1,1,1,1.0,1.0,1.4872024809184423e-60,2.113143721300003e-43,2.4253966680114665e-26
2_trans_1191.csv,1,1,1,0.9999999999999787,0.9999999999999787,5.624874971723013e-39,6.668749628740658e-22,2.131417511852628e-14
2_trans_1803.csv,1,1,1,0.9999999999999996,0.9999999999999996,3.376479195308137e-47,9.827731177659747e-44,3.860139082391413e-16
2_trans_1195.csv,1,1,1,0.9999228697252707,0.9999228697252707,3.4844342293910406e-16,7.04960633640592e-12,7.713026767940119e-05
2_trans_2488.csv,1,1,1,0.5315612116290028,0.5315612116290028,6.208860197932415e-20,0.4684387844480214,3.922975855564344e-09
2_trans_1181.csv,1,1,1,0.5830640890121399,0.5830640890121399,1.3016630711081373e-15,6.851482421537553e-17,0.4169359109878587
2_trans_2463.csv,1,1,1,0.9999999999989551,0.9999999999989551,1.002114042662225e-45,4.940086265829021e-48,1.0450411520358993e-12
2_trans_1618.csv,1,1,1,1.0,1.0,3.218643773173656e-55,3.4683346284201395e-27,2.288960137596102e-24
2_trans_404.csv,1,1,1,1.0,1.0,2.0832718277715512e-72,3.0819639253629496e-43,2.752983968934423e-28
2_trans_821.csv,1,1,1,0.9999999971710278,0.9999999971710278,3.407041776654148e-47,7.711407338300261e-58,2.8289722440610673e-09
2_trans_1397.csv,1,1,1,1.0,1.0,4.40456161886082e-82,5.7504190803213005e-71,6.463266538664318e-29
2_trans_63.csv,1,1,1,0.9999999999999847,0.9999999999999847,3.325396423814646e-41,4.4661963011851444e-26,1.5281180332773215e-14
2_trans_1368.csv,1,1,1,0.9999999999984608,0.9999999999984608,2.5814587538378616e-23,6.113382148463094e-14,1.4781134338958053e-12
2_trans_88.csv,3,1,0,0.9739604434843222,0.9739604434843222,4.4194397055181966e-16,0.026039244327461217,3.121882162288455e-07
2_trans_160.csv,1,1,1,0.9677900433501855,0.9677900433501855,9.502854529459737e-18,0.03220838695203054,1.5696977839798988e-06
2_trans_2891.csv,2,2,1,0.9999913580479357,1.642463657981071e-21,0.9999913580479357,5.0605779110921077e-14,8.641952013634769e-06
2_trans_174.csv,1,1,1,0.9999999999999991,0.9999999999999991,2.68540603805763e-55,1.269618634171642e-46,9.970887383190607e-16
2_trans_1340.csv,1,1,1,1.0,1.0,9.471035528212707e-80,1.7519564017402838e-67,2.661051564981334e-26
2_trans_941.csv,1,1,1,0.9999999998799391,0.9999999998799391,1.5091523169550447e-32,4.981933280881766e-27,1.2006088872354193e-10
2_trans_969.csv,1,1,1,0.9999960474809627,0.9999960474809627,2.6091945666860215e-19,5.64718406206883e-09,3.946871853148826e-06
2_trans_2098.csv,1,1,1,0.9999999999999967,0.9999999999999967,5.635503809295432e-41,4.709785255950903e-32,3.3083571603707908e-15
2_trans_2067.csv,1,1,1,0.5016627725916734,0.5016627725916734,2.0313778910486998e-10,0.4929064659943928,0.0054307612107959684
2_trans_982.csv,1,1,1,1.0,1.0,1.3898940783305745e-60,9.492373474100292e-53,1.1346687877893203e-19
2_trans_772.csv,1,1,1,0.9898298845863895,0.9898298845863895,1.54987049469518e-17,2.14264463404494e-25,0.01017011541361051
2_trans_1546.csv,1,1,1,0.9999999999999998,0.9999999999999998,3.0578975153509277e-43,2.5091925165743968e-20,1.170374588596927e-16
2_trans_1234.csv,1,1,1,0.9999994739786267,0.9999994739786267,8.836702668512446e-20,1.460317863230383e-22,5.260213732479731e-07
2_trans_1977.csv,1,1,1,0.7437056212345644,0.7437056212345644,2.6630690735173735e-10,5.00426389064467e-06,0.25628937423523807
2_trans_558.csv,1,1,1,1.0,1.0,2.9277837741394685e-58,1.0105116297060713e-55,4.57790580544511e-22
2_trans_216.csv,1,1,1,1.0,1.0,4.0425897007513894e-63,2.7646241406858205e-75,6.695846910149617e-17
2_trans_1036.csv,4,4,1,0.9928755745812449,0.0071244254185332655,2.2184060448655238e-13,6.137727169886194e-23,0.9928755745812449
2_trans_202.csv,3,3,1,0.9999999999943816,5.582240044404096e-12,7.60041429140269e-17,0.9999999999943816,3.58642318906792e-14
2_trans_203.csv,1,1,1,0.9999999999999993,0.9999999999999993,6.423066088923449e-48,4.3553460066253475e-39,5.840719899637595e-16
2_trans_1037.csv,1,1,1,1.0,1.0,2.662657427173578e-85,3.1182354788216093e-53,2.648777794068817e-36
2_trans_565.csv,3,3,1,0.9999999981674066,1.8325934244038077e-09,8.69258140040066e-30,0.9999999981674066,5.523143820339152e-22
2_trans_217.csv,1,1,1,0.9999999994172892,0.9999999994172892,6.725675780704224e-32,4.955734856858818e-32,5.827107916835001e-10
2_trans_1235.csv,1,1,1,1.0,1.0,3.679645036504743e-64,3.511867551866645e-55,1.8940281000034282e-24
2_trans_2728.csv,1,1,1,1.0,1.0,2.0010092415778527e-59,4.467618424813283e-49,5.340394136633791e-18
2_trans_773.csv,1,1,1,1.0,1.0,5.346890112835925e-60,6.766050118250251e-57,2.066684391370449e-18
2_trans_2066.csv,1,1,1,1.0,1.0,2.556352792818693e-54,2.3177222677603256e-32,1.895519569010786e-17
2_trans_2072.csv,1,1,1,1.0,1.0,4.3343025960782645e-87,2.1092117267971765e-58,7.090219274766223e-33
2_trans_1590.csv,1,1,1,0.9999932100156519,0.9999932100156519,1.7103333161540124e-23,3.990197786886442e-23,6.789984348214149e-06
2_trans_2927.csv,4,4,1,0.9984183713127391,3.2621834479501834e-09,0.0015816254211176244,3.9598450420103476e-12,0.9984183713127391
2_trans_1427.csv,1,1,1,1.0,1.0,1.1642961961199363e-61,1.5057074980905211e-46,5.298321234259404e-21
2_trans_1341.csv,1,1,1,0.9999999999985927,0.9999999999985927,1.24309125218546e-46,5.679046228363313e-43,1.4072895901839213e-12
2_trans_161.csv,1,1,1,1.0,1.0,1.106148487819386e-49,5.689623108132016e-37,2.826518344108054e-17
2_trans_1355.csv,1,1,1,1.0,1.0,5.0023313424214787e-79,3.8056148820135745e-71,5.613549348947076e-30
2_trans_149.csv,1,1,1,0.9999999999999971,0.9999999999999971,6.2753070882879396e-49,5.5046606033653874e-45,2.9569565983779644e-15
2_trans_89.csv,1,1,1,1.0,1.0,1.3261874936469505e-76,1.2865862062849512e-82,4.2498654664324813e-19
2_trans_2847.csv,2,2,1,0.9999557483906826,1.5246457538171056e-21,0.9999557483906826,4.3183042841299535e-15,4.4251609313358016e-05
2_trans_76.csv,1,1,1,1.0,1.0,1.865360035367259e-66,1.6160943877686307e-55,3.7634211763998927e-17
2_trans_1143.csv,1,1,1,1.0,1.0,8.707993771756688e-60,4.531013711277828e-55,2.5587070999455553e-18
2_trans_2338.csv,1,1,1,0.9999999999999314,0.9999999999999314,1.4660030958311718e-49,2.457599756357913e-51,6.853987455526431e-14
2_trans_1631.csv,1,1,1,1.0,1.0,1.869413013320369e-61,1.359030201140608e-32,1.7118710089862048e-27
2_trans_2310.csv,1,1,1,0.999999997740068,0.999999997740068,8.423551905457366e-32,2.016429491020974e-21,2.2599320472798198e-09
2_trans_1619.csv,1,1,1,1.0,1.0,1.3904635995915365e-72,2.5542323317856806e-42,6.622975509668632e-30
2_trans_2304.csv,3,3,1,0.9999998260990732,1.738517900803882e-07,2.6617785283395984e-15,0.9999998260990732,4.913398935773362e-11
2_trans_1180.csv,1,1,1,1.0,1.0,1.7919182734361366e-52,4.827386768331799e-35,2.3294878237117077e-17
2_trans_2489.csv,1,4,0,0.9734316009392097,0.025283931028775058,4.382011632873554e-10,0.0012844675938141266,0.9734316009392097
2_trans_388.csv,1,1,1,1.0,1.0,5.8228820579249096e-55,3.0772687522420858e-21,7.147510259985194e-26
2_trans_1816.csv,3,1,0,0.6918251468679599,0.6918251468679599,2.6891457781374274e-14,0.308081564274252,9.328885776124558e-05
2_trans_1182.csv,1,1,1,0.9999999991988966,0.9999999991988966,1.3346752257739473e-29,5.772636265473773e-31,8.011033693653614e-10
2_trans_2306.csv,1,1,1,0.9999815369323047,0.9999815369323047,4.230376161006995e-22,1.1180175874407746e-18,1.846306769526743e-05
2_trans_361.csv,1,4,0,0.7895891777924499,0.21041081742124537,1.8770437790269348e-09,2.909260968649649e-09,0.7895891777924499
2_trans_1155.csv,3,3,1,0.999999999404213,5.957869592163013e-10,5.03441595489275e-27,0.999999999404213,5.246069367047298e-20
2_trans_407.csv,1,1,1,0.9999999998884497,0.9999999998884497,1.3674487437802897e-34,4.1284260008486526e-23,1.1155025920420456e-10
2_trans_188.csv,1,1,1,0.8300789376734953,0.8300789376734953,1.029157681019716e-18,3.511894348714187e-22,0.16992106232650478
2_trans_2879.csv,2,2,1,0.7582348475828616,1.31984440863232e-16,0.7582348475828616,9.270869615394334e-13,0.241765152416211
2_trans_2845.csv,2,2,1,0.9787164660524897,1.3289594466723334e-15,0.9787164660524897,4.4089544629521323e-10,0.021283533506613397
2_trans_1394.csv,1,1,1,0.9999999989207791,0.9999999989207791,2.2077363215675322e-35,1.6550458998401522e-32,1.0792209542904814e-09
2_trans_2110.csv,1,1,1,1.0,1.0,7.438329739776596e-70,1.8616848320313655e-60,1.0419610069624543e-22
2_trans_639.csv,1,1,1,1.0,1.0,1.4515694481154564e-81,5.4665592725583675e-62,4.2941043195364614e-33
2_trans_1343.csv,1,1,1,1.0,1.0,7.772551801335941e-82,4.242767660723703e-77,5.931556456219368e-30
2_trans_1425.csv,1,1,1,0.9999999661013432,0.9999999661013432,8.730162586313518e-44,2.420635415376399e-47,3.389865675771594e-08
2_trans_2919.csv,4,4,1,0.9557275331280692,5.168429176224264e-14,0.044272466871878156,8.736140829805075e-16,0.9557275331280692
2_trans_2931.csv,2,2,1,0.9623630258315177,6.630102835623156e-10,0.9623630258315177,7.879979945640676e-07,0.03763618550747755
2_trans_981.csv,1,1,1,1.0,1.0,1.0889150387109072e-73,9.784808364355091e-55,1.9637977885397428e-29
2_trans_1579.csv,1,1,1,1.0,1.0,1.5628457979780754e-85,3.067247557923003e-68,1.5658241118206525e-29
2_trans_1237.csv,4,4,1,0.999482948718095,6.090099056635858e-08,0.000516980878534916,9.502379649674432e-09,0.999482948718095
2_trans_765.csv,1,1,1,1.0,1.0,1.9586358632566107e-63,6.327957298333066e-68,2.6891186493221323e-20
2_trans_1545.csv,1,1,1,0.9999999999999998,0.9999999999999998,2.3664773380369387e-54,6.9656607851716606e-43,1.373892068579243e-16
2_trans_1223.csv,1,1,1,1.0,1.0,1.875276918809051e-64,1.360880213109298e-53,1.4158377974345314e-18
2_trans_1974.csv,1,1,1,0.9838533524017432,0.9838533524017432,6.068801455387148e-26,1.2892093092907424e-35,0.016146647598256653
2_trans_1009.csv,1,1,1,1.0,1.0,2.171443485081878e-61,2.0103327956002266e-67,2.9660089476092574e-17
2_trans_2272.csv,1,1,1,0.9999999999817488,0.9999999999817488,1.6181005329892206e-45,6.673946200880335e-47,1.8251200497759988e-11
2_trans_2528.csv,1,1,1,0.9999999480692388,0.9999999480692388,1.1049307643521143e-27,2.3047481693279316e-20,5.193076129249584e-08
2_trans_573.csv,3,3,1,0.9999999999999976,3.5871673721491024e-16,9.632381893868227e-16,0.9999999999999976,1.1575144106217653e-15
2_trans_214.csv,1,1,1,0.9999999999972784,0.9999999999972784,1.4602812516266905e-37,1.0659277977312333e-31,2.7216685351714975e-12
2_trans_2529.csv,1,1,1,0.9999999592257333,0.9999999592257333,1.1415357801245205e-24,9.717541668562814e-14,4.077416952881602e-08
2_trans_1746.csv,1,1,1,1.0,1.0,1.9886513901076123e-94,5.76895592431685e-82,1.0255215904574738e-34
2_trans_1752.csv,1,1,1,0.9999999999993507,0.9999999999993507,9.003807133257927e-36,4.853292439521935e-30,6.492307412657725e-13
2_trans_200.csv,1,1,1,0.9999999895350619,0.9999999895350619,3.5415709840294623e-23,7.756379791665238e-17,1.0464938219612216e-08
2_trans_2515.csv,1,1,1,1.0,1.0,2.6364933066808634e-86,9.336144525109272e-78,6.357521840048185e-29
2_trans_1008.csv,1,1,1,0.9998793155155311,0.9998793155155311,2.609829512753971e-14,8.995282927994996e-05,3.073165516277313e-05
2_trans_1785.csv,1,1,1,1.0,1.0,1.8617852255440089e-75,8.331927423088128e-79,3.998856172399478e-23
2_trans_1949.csv,4,4,1,0.9999984922627234,1.4606117414928757e-06,4.7125535029309545e-08,3.889988198425194e-17,0.9999984922627234
2_trans_1544.csv,4,4,1,0.9999951994774898,4.800522502902445e-06,7.365008798460653e-15,3.718989727403684e-21,0.9999951994774898
2_trans_1222.csv,1,1,1,0.9999985495927606,0.9999985495927606,8.861323698158001e-48,1.6812829924976028e-63,1.4504072393877696e-06
2_trans_1550.csv,1,1,1,0.9999996270225159,0.9999996270225159,8.721598198245418e-39,1.8666071173022624e-37,3.729774841912338e-07
2_trans_2071.csv,1,1,1,0.9999999999999998,0.9999999999999998,1.0091337573894372e-61,4.6223662317884535e-52,1.4663559211090198e-16
2_trans_1578.csv,1,1,1,0.9999999999999016,0.9999999999999016,4.3565373851727935e-51,2.9436791433801356e-53,9.837201520001314e-14
2_trans_2717.csv,1,1,1,1.0,1.0,1.7822408060777225e-58,1.0438099682073844e-39,9.724842663085622e-22
2_trans_758.csv,1,1,1,1.0,1.0,5.36140978945972e-66,3.162234788347269e-50,5.812581931680602e-23
2_trans_2930.csv,2,2,1,0.999855123519451,1.6142981237939115e-22,0.999855123519451,1.941684068202506e-12,0.0001448764786073192
2_trans_1593.csv,1,1,1,1.0,1.0,2.7485238443979123e-84,7.932591079182988e-69,3.381932553214496e-33
2_trans_957.csv,1,1,1,0.9999999999999982,0.9999999999999982,3.611718126321485e-42,2.3537290477069214e-33,1.861298931961247e-15
2_trans_2139.csv,1,1,1,0.9739162814891436,0.9739162814891436,2.6398064717051832e-14,1.3140859951695194e-06,0.02608240442483505
2_trans_2887.csv,2,2,1,0.5398314931964132,5.588782654526858e-07,0.5398314931964132,0.0004257882043806308,0.45974215972094074
2_trans_176.csv,1,1,1,1.0,1.0,3.693535025700811e-61,6.406543630882307e-61,9.654218467569084e-21
2_trans_2893.csv,2,2,1,0.9999969020787026,3.1143726032971665e-21,0.9999969020787026,8.683141127618066e-15,3.097921288696575e-06
2_trans_610.csv,1,1,1,0.9999999989679915,0.9999999989679915,2.1579563542532753e-48,1.0320085681191136e-09,4.1755989326684344e-22
2_trans_638.csv,1,1,1,1.0,1.0,2.3050211522411637e-58,5.083997935556643e-43,1.2954604450428903e-18
2_trans_1418.csv,1,4,0,0.5281874594072683,0.47181249814578474,3.916473247889452e-08,3.2822144245913663e-09,0.5281874594072683
2_trans_1154.csv,1,1,1,0.9999999999999687,0.9999999999999687,7.367819445060484e-30,5.9161504294938886e-15,2.531398561446057e-14
2_trans_406.csv,1,1,1,0.9999999899140305,0.9999999899140305,8.171549407618828e-45,5.6726516259125e-54,1.0085969410505566e-08
2_trans_1632.csv,1,1,1,0.9999999999999993,0.9999999999999993,4.758105012450868e-42,1.0667793293304103e-28,6.31749941364231e-16
2_trans_1140.csv,1,1,1,0.9999999999999896,0.9999999999999896,2.2016396975647257e-36,6.677937915821377e-28,1.042984326412563e-14
2_trans_2313.csv,1,1,1,1.0,1.0,4.2739834656368245e-57,1.4490035688192164e-31,1.0023178180017513e-21
2_trans_1197.csv,1,1,1,1.0,1.0,5.042462090494613e-75,6.861326181342965e-44,2.2441753370596872e-29
2_trans_1829.csv,1,1,1,0.9999999999999998,0.9999999999999998,3.5453576296163354e-64,1.7255204006155935e-58,2.0150539384540522e-16
2_trans_1183.csv,1,1,1,1.0,1.0,5.0644538538021e-53,2.363400022526965e-45,3.971831784717978e-18
2_trans_1696.csv,1,1,1,1.0,1.0,1.9374803644009644e-74,1.4175189295032831e-55,3.1626344811692114e-27
2_trans_461.csv,1,1,1,0.9999999999974933,0.9999999999974933,2.073114327697947e-47,7.730713798790366e-40,2.5067240366750056e-12
2_trans_1655.csv,3,3,1,0.9959448420621464,0.003919949419175371,1.1088015517830887e-08,0.9959448420621464,0.00013519743066266096
2_trans_878.csv,1,1,1,1.0,1.0,3.9787621128779653e-66,2.0967290691068102e-42,5.540155886519845e-26
2_trans_844.csv,1,1,1,1.0,1.0,2.954430168161701e-75,7.319207914745434e-50,5.727921143202282e-29
2_trans_1325.csv,1,1,1,0.9999696810144257,0.9999696810144257,9.683618623228268e-27,7.539281862232101e-19,3.031898557417904e-05
2_trans_111.csv,1,1,1,1.0,1.0,2.776470166167636e-57,5.661844438690289e-42,2.3501335767921757e-17
2_trans_663.csv,1,1,1,0.9999999964427078,0.9999999964427078,2.8654533033594064e-31,3.579067547710689e-24,3.5572921449472695e-09
2_trans_2604.csv,1,1,1,0.9999999999999929,0.9999999999999929,2.6422081811940617e-40,1.1523131036806433e-36,7.0124875107901674e-15
2_trans_2943.csv,4,4,1,0.9968430307313028,2.910346001561143e-07,0.0031566780011810765,2.329159350757204e-10,0.9968430307313028
2_trans_918.csv,1,1,1,0.9999892234788492,0.9999892234788492,1.1548082656839952e-22,1.533771985781791e-19,1.0776521150839878e-05
2_trans_703.csv,3,3,1,1.0,7.5666852896554e-18,8.627986337777262e-28,1.0,3.169953349917395e-24
2_trans_1245.csv,1,1,1,0.9999999999993507,0.9999999999993507,5.406672064833692e-32,6.102589757789923e-13,3.8989029573263596e-14
2_trans_2764.csv,1,1,1,1.0,1.0,1.5544081312630667e-49,2.1091312928789442e-29,7.217696191975721e-19
2_trans_2002.csv,1,1,1,0.9999999999998936,0.9999999999998936,9.814914081968211e-40,5.288787632031275e-16,1.0589842116354226e-13
2_trans_528.csv,1,1,1,0.9220651202115372,0.9220651202115372,2.4478563722684676e-07,0.033236994283573275,0.044697640719252356
2_trans_1708.csv,1,1,1,1.0,1.0,4.98400587110236e-54,1.8204990367772058e-48,3.0782887394249734e-17
2_trans_2201.csv,4,4,1,0.9999998498097938,1.501900064744933e-07,1.9963644062316084e-13,5.162645837363656e-35,0.9999998498097938
2_trans_1720.csv,1,1,1,1.0,1.0,1.9997422267911382e-51,5.257768140575635e-37,8.110868901514452e-19
2_trans_1052.csv,1,1,1,0.9999999999994109,0.9999999999994109,1.02719650537434e-48,1.0392626881925088e-43,5.891463181157761e-13
2_trans_1907.csv,4,4,1,0.9981849540817882,0.0018150459181746348,3.715128266863402e-14,3.2639574796983125e-27,0.9981849540817882
2_trans_1091.csv,1,1,1,1.0,1.0,3.058979023068564e-47,2.1269089375902763e-23,3.313435069375734e-20
2_trans_2995.csv,2,2,1,0.9747741254555649,1.6879421679345586e-14,0.9747741254555649,5.112159216616123e-16,0.025225874544417767
2_trans_1536.csv,1,1,1,0.9999999999999174,0.9999999999999174,1.4337521063426743e-51,1.4766284857501623e-57,8.256719883366945e-14
2_trans_931.csv,1,1,1,0.9999993196873141,0.9999993196873141,1.807671040883483e-41,5.006299163227499e-49,6.803126859760535e-07
2_trans_2956.csv,4,4,1,0.9958306298236002,9.725850168874548e-11,0.004169370074876545,4.264775176470984e-12,0.9958306298236002
2_trans_919.csv,1,1,1,1.0,1.0,1.895222849075134e-73,3.385207785843016e-56,8.473669562189265e-25
2_trans_2163.csv,1,4,0,0.92655864588629,0.07344135411318607,5.237893996410509e-13,1.987694482930965e-18,0.92655864588629
2_trans_138.csv,1,1,1,1.0,1.0,8.34768656527056e-56,6.648463317560909e-25,1.0157659453611036e-24
2_trans_110.csv,1,1,1,1.0,1.0,1.920361016340194e-50,5.646101215313713e-38,1.2711893040984707e-18
2_trans_676.csv,1,1,1,1.0,1.0,1.0011398072388671e-52,5.534678966348265e-40,9.979425944432851e-18
2_trans_845.csv,1,1,1,1.0,1.0,4.375814137335271e-83,2.9297437075196732e-68,5.9577732849503525e-27
2_trans_851.csv,1,1,1,1.0,1.0,2.590335280921495e-85,3.027107399877063e-70,6.789278625584775e-31
2_trans_1495.csv,4,1,0,0.9971997857105983,0.9971997857105983,1.1525412175473598e-17,2.965604579700787e-13,0.0028002142891051154
2_trans_13.csv,1,1,1,0.9999999919243251,0.9999999919243251,2.255598573286286e-44,3.8236462891363815e-46,8.075675005165628e-09
2_trans_879.csv,1,1,1,1.0,1.0,5.878787561544901e-61,2.6789153095690255e-40,6.303504670353052e-23
2_trans_1481.csv,1,1,1,1.0,1.0,2.6710193400911164e-64,4.768904401833304e-59,1.554649315683622e-21
2_trans_2407.csv,3,3,1,0.9975318170255696,0.00246742971322225,5.139767329740312e-16,0.9975318170255696,7.532612075927681e-07
2_trans_2361.csv,4,4,1,0.9999859717238961,1.4028239428279556e-05,3.667468650660563e-11,7.650972744597685e-16,0.9999859717238961
2_trans_448.csv,3,3,1,0.9999276138446664,7.238615142778076e-05,6.549931806102377e-21,0.9999276138446664,3.905691739872456e-12
2_trans_2375.csv,1,1,1,0.99999999996328,0.99999999996328,5.813009849412016e-34,3.2398789189871096e-19,3.6719915471558955e-11
2_trans_306.csv,4,4,1,0.9972398287717607,0.0027601712282394665,3.776480501857064e-17,5.307245485482069e-26,0.9972398287717607
2_trans_1132.csv,1,1,1,0.9751131052114541,0.9751131052114541,2.103114878379742e-16,0.024885995106197704,8.996823479597527e-07
2_trans_460.csv,1,1,1,0.8562995690321797,0.8562995690321797,2.3542315670489032e-14,1.9718071311752048e-12,0.14370043096582488
2_trans_2349.csv,1,1,1,0.9999967379005633,0.9999967379005633,1.5754824305570022e-30,8.738527894664156e-30,3.262099436666155e-06
2_trans_1640.csv,1,1,1,1.0,1.0,1.9882235473512941e-47,1.363952442721944e-18,1.2472377648289178e-22
2_trans_312.csv,4,4,1,0.7886375053294861,0.09148539004352715,6.491703172505097e-08,0.11987703970995493,0.7886375053294861
2_trans_1871.csv,1,1,1,0.999999999999966,0.999999999999966,3.77538579026099e-45,5.76901295140348e-31,3.4027241755972656e-14
2_trans_1865.csv,1,4,0,0.9816414572750658,0.01835854272493426,3.613727686917344e-19,7.626831485844477e-21,0.9816414572750658
2_trans_1124.csv,3,3,1,0.9999999987288186,1.2711800010540415e-09,6.975190323411767e-16,0.9999999987288186,6.691070396743364e-16
2_trans_1642.csv,3,3,1,0.9813058543503284,0.01869414564967154,1.1803255646672243e-32,0.9813058543503284,1.503444388115641e-18
2_trans_2411.csv,1,1,1,0.9999999999559626,0.9999999999559626,1.1616632450466759e-37,8.125979765137546e-28,4.4037342569600015e-11
2_trans_2834.csv,2,2,1,0.9882074666895198,6.544513303036344e-18,0.9882074666895198,4.398030292636e-15,0.011792533310475858
2_trans_1454.csv,1,1,1,1.0,1.0,1.1036508197378457e-82,2.7745344114043943e-71,1.2666705672723031e-30
2_trans_660.csv,1,1,1,0.9833776174616425,0.9833776174616425,1.3011254986746512e-26,4.7994075037548885e-36,0.016622382538357485
2_trans_2954.csv,2,4,0,0.778773289621011,4.968829754242293e-07,0.22119176626755802,3.444722845568045e-05,0.778773289621011
2_trans_1246.csv,1,1,1,0.9974480133393592,0.9974480133393592,1.808259704719259e-26,1.0355659615796125e-29,0.0025519866606408806
2_trans_2015.csv,4,4,1,0.9999098780167657,9.012198304380504e-05,1.9053909275421767e-13,2.678146185650483e-22,0.9999098780167657
2_trans_1508.csv,1,1,1,0.989338184721251,0.989338184721251,6.034895229273836e-25,9.194251808121633e-33,0.010661815278748996
2_trans_1050.csv,1,1,1,1.0,1.0,1.1387310178649504e-60,2.4532983568673696e-47,9.529780630496579e-20
2_trans_2571.csv,1,1,1,0.9999988185444201,0.9999988185444201,1.87567309670088e-40,4.4112548290209494e-39,1.1814555798941813e-06
2_trans_2203.csv,1,1,1,0.9999999980216459,0.9999999980216459,5.1880113794797926e-39,1.1501276177474491e-26,1.978354143521909e-09
2_trans_2216.csv,1,1,1,0.9999981081623429,0.9999981081623429,1.5718013835933066e-24,7.680502251706942e-07,1.1237874318576058e-06
2_trans_1079.csv,1,3,0,0.9857571501741036,0.014210722708903688,7.237961513442082e-16,0.9857571501741036,3.212711699190568e-05
2_trans_1051.csv,1,1,1,1.0,1.0,1.1338025381055524e-78,1.571519476405853e-57,6.003287130417698e-30
2_trans_265.csv,1,1,1,1.0,1.0,1.2126162182735614e-74,4.5909652832332135e-61,2.1222931647582568e-27
2_trans_1737.csv,1,1,1,1.0,1.0,7.446120652768623e-81,3.225485282141074e-70,1.8060164444415282e-31
2_trans_1086.csv,1,1,1,1.0,1.0,2.024841018563001e-74,5.025115302371339e-46,2.6359919430053295e-28
2_trans_2000.csv,1,1,1,1.0,1.0,1.0760512420552333e-62,1.820515699440058e-33,1.8830435731844887e-25
2_trans_2772.csv,1,1,1,1.0,1.0,5.876582054185958e-69,1.972860768096876e-45,2.139209328107315e-24
2_trans_729.csv,1,1,1,0.9999996942037017,0.9999996942037017,1.0755151265446695e-30,8.871748225297843e-23,3.0579629818747085e-07
2_trans_2014.csv,1,1,1,0.9991852278431417,0.9991852278431417,5.485877041547632e-29,9.053584013491718e-23,0.0008147721568582601
2_trans_1535.csv,4,4,1,0.9512002814699876,0.048799718530012054,3.005382836940898e-16,1.1858805187268588e-16,0.9512002814699876
2_trans_2982.csv,4,4,1,0.9975163162261148,1.0268161612536266e-16,0.002483683773885076,4.875925984039718e-21,0.9975163162261148
2_trans_1521.csv,1,1,1,0.9999999999999984,0.9999999999999984,6.940980260518044e-47,2.7276748306984295e-38,1.6498429567679537e-15
2_trans_2799.csv,1,1,1,0.9997646107890348,0.9997646107890348,9.325537532674261e-21,0.00023538403577684012,5.1751882792301934e-09
2_trans_2160.csv,4,4,1,0.929066895371671,0.07093310456019229,6.599451554809031e-12,6.153736441436331e-11,0.929066895371671
2_trans_1327.csv,1,1,1,0.9999999999996985,0.9999999999996985,3.902006849523731e-50,1.7699258910351594e-50,3.016412936929251e-13
2_trans_1333.csv,1,1,1,0.9999999571759631,0.9999999571759631,5.254931346273692e-43,3.71986899790346e-45,4.282403684591162e-08
2_trans_107.csv,3,3,1,0.9999999962154578,1.0101466569387991e-10,7.953421341227887e-13,0.9999999962154578,3.6827321036376086e-09
2_trans_1455.csv,1,1,1,1.0,1.0,1.2561078029197595e-61,7.695844701481345e-46,6.6718271014971265e-21
2_trans_38.csv,1,1,1,1.0,1.0,6.819693882281588e-47,5.598486890867348e-26,1.4913279534388575e-17
2_trans_2821.csv,2,2,1,0.9994562035609892,1.044624823426095e-15,0.9994562035609892,4.272692009213059e-13,0.0005437964385824358
2_trans_10.csv,1,1,1,0.9999999859790614,0.9999999859790614,3.8415458799282506e-32,1.825411386571286e-32,1.4020938582279079e-08
2_trans_2404.csv,1,1,1,0.9999999982819738,0.9999999982819738,1.856226292377561e-37,4.899854775434683e-31,1.718026084627661e-09
2_trans_339.csv,1,1,1,0.9999999992523059,0.9999999992523059,5.192441619381184e-31,7.4769185305257e-10,2.210283392731897e-15
2_trans_1125.csv,1,1,1,1.0,1.0,8.736455371717401e-85,2.1198183423923568e-73,3.3661397106902173e-29
2_trans_477.csv,1,1,1,1.0,1.0,2.859055153212182e-86,1.7944521517321256e-63,1.398316031692967e-30
2_trans_1657.csv,1,1,1,1.0,1.0,2.657334911541247e-53,1.392049496472789e-41,4.657008202841065e-22
2_trans_463.csv,1,1,1,1.0,1.0,2.9469620489930447e-63,5.340638434000889e-38,7.013735220817127e-24
2_trans_305.csv,1,1,1,0.9999999999999951,0.9999999999999951,4.490097924912292e-50,2.6335394837466668e-48,4.9242472330039066e-15
2_trans_1680.csv,1,1,1,1.0,1.0,1.644348002787254e-58,1.5886524907563323e-53,4.057912908358901e-20
2_trans_2400.csv,1,1,1,1.0,1.0,2.5317360873726647e-54,6.9608618087673145e-37,1.8271954519373715e-19
2_trans_301.csv,1,1,1,0.9992034590548978,0.9992034590548978,2.3625122340536338e-30,6.43817053563796e-52,0.0007965409451021332
2_trans_467.csv,1,1,1,1.0,1.0,1.1803733319370954e-60,1.1063891524701815e-60,3.718615557513121e-18
2_trans_1653.csv,1,1,1,1.0,1.0,5.677785196375864e-40,9.244216219139868e-21,6.71587642800527e-17
2_trans_1647.csv,1,1,1,1.0,1.0,8.341854337457673e-73,3.844062304781305e-50,2.5447719805980344e-28
2_trans_2428.csv,1,1,1,1.0,1.0,2.000583137747985e-76,2.3697596670736716e-54,2.7366031169888817e-28
2_trans_842.csv,1,1,1,0.999999997889135,0.999999997889135,1.1776132308396414e-41,4.223295126772394e-45,2.110865002964717e-09
2_trans_856.csv,1,1,1,0.9999999999993594,0.9999999999993594,8.650562348798377e-37,1.3833439439315564e-24,6.406852706169018e-13
2_trans_2825.csv,2,2,1,0.9994942059709786,1.828305869833688e-19,0.9994942059709786,3.3214123091054684e-08,0.000505760814898374
2_trans_2831.csv,2,2,1,0.9998386054782876,3.6590906034475223e-17,0.9998386054782876,2.5749364752924115e-16,0.00016139452171225684
2_trans_2602.csv,3,1,0,0.7685741430606399,0.7685741430606399,5.710159005823197e-22,0.23142585693870574,6.54352956743776e-13
2_trans_1479.csv,1,1,1,0.9999999999966311,0.9999999999966311,7.574154468546012e-48,8.702907482710307e-42,3.3689613569712312e-12
2_trans_895.csv,1,1,1,1.0,1.0,7.356587097101528e-74,2.0117852112049444e-55,2.2483208297764825e-25
2_trans_2170.csv,1,1,1,0.9999999999999951,0.9999999999999951,7.93959989332971e-57,1.9259872784943467e-47,4.780276502661568e-15
2_trans_1451.csv,4,4,1,0.9983753212769612,0.0016246397087927942,3.90142446747609e-08,1.2564772753265481e-15,0.9983753212769612
2_trans_103.csv,4,4,1,0.9860855956157832,0.01391440438421672,8.374292808607682e-18,2.983670858761372e-21,0.9860855956157832
2_trans_1337.csv,4,4,1,0.9993570680227899,0.0006429304993187006,1.4778911977999745e-09,1.1386849793986705e-16,0.9993570680227899
2_trans_671.csv,1,1,1,1.0,1.0,3.1149957825443963e-57,5.993230187740919e-49,1.6328409493416094e-18
2_trans_1445.csv,1,1,1,0.975992002870783,0.975992002870783,5.772916335937543e-25,7.481768175424351e-31,0.02400799712921702
2_trans_922.csv,1,1,1,1.0,1.0,3.2787123431050685e-73,1.280552744797558e-73,4.8408640505444e-22
2_trans_2010.csv,4,4,1,0.9982121122796073,0.0017873292242603538,5.584961267584456e-07,5.7671920725526026e-15,0.9982121122796073
2_trans_2004.csv,3,3,1,0.9997294978318818,0.00027006340345153663,7.703167514878114e-14,0.9997294978318818,4.3876458969950047e-07
2_trans_711.csv,1,1,1,0.9999999870750529,0.9999999870750529,1.6830349530407651e-22,1.2963868875938241e-12,1.2923650783026059e-08
2_trans_1.csv,3,3,1,0.9193074321706756,3.088900546359266e-07,0.0002524305238595074,0.9193074321706756,0.08043982841541027
2_trans_1257.csv,1,1,1,1.0,1.0,2.520800301216893e-78,2.5042663516876538e-49,4.649133472538688e-31
2_trans_2986.csv,2,2,1,0.9999477712467757,6.361742473549852e-21,0.9999477712467757,6.351228660802282e-16,5.222875322367268e-05
2_trans_2038.csv,3,3,1,0.9948162106398067,0.005183789360193218,1.5667256885919184e-25,0.9948162106398067,7.329043994763237e-17
2_trans_705.csv,1,4,0,0.6768314622137267,0.10344836925790099,0.21965868153810503,6.148699026721759e-05,0.6768314622137267
2_trans_1531.csv,1,1,1,1.0,1.0,2.319773736977235e-75,1.4476756217037861e-70,4.42532787165958e-24
2_trans_1096.csv,1,1,1,0.9999921338343009,0.9999921338343009,2.9331770377790273e-36,7.866165699049417e-06,2.651846447853775e-18
2_trans_2212.csv,1,1,1,0.999999999999315,0.999999999999315,1.941894101354761e-58,2.489806199266395e-63,6.851048709436717e-13
2_trans_2206.csv,1,1,1,1.0,1.0,2.5497614650876606e-55,6.83225695713389e-37,4.031868692215322e-24
2_trans_1733.csv,1,1,1,0.999999999905848,0.999999999905848,8.415875546288023e-39,9.41519161008884e-11,1.631034158233839e-17
2_trans_261.csv,1,1,1,0.9999996148252119,0.9999996148252119,4.95574607588481e-23,1.7913056500806022e-16,3.8517478774301354e-07
2_trans_1055.csv,1,1,1,0.9999999995007818,0.9999999995007818,1.358809477129499e-41,5.329680972889507e-38,4.992182249189119e-10
2_trans_1732.csv,1,1,1,1.0,1.0,1.6267584349693272e-59,4.414480338397887e-36,1.796593841602957e-23
2_trans_1040.csv,1,1,1,0.9999999999404681,0.9999999999404681,5.9524069268244386e-34,9.461624647972954e-21,5.953193099545247e-11
2_trans_1726.csv,1,1,1,1.0,1.0,8.58981998828673e-59,2.2970394777510678e-43,4.0820291189092324e-19
2_trans_2207.csv,1,1,1,1.0,1.0,5.712860722115022e-60,7.647030893077256e-50,6.818685426585012e-20
2_trans_248.csv,1,1,1,0.999990671327215,0.999990671327215,1.7687095697010716e-29,2.8125063949971284e-25,9.328672785097498e-06
2_trans_2575.csv,1,1,1,1.0,1.0,1.3046833644618513e-71,3.632537525262595e-45,5.7855697142176475e-27
2_trans_2213.csv,1,1,1,1.0,1.0,2.0943049220624042e-58,4.050664633762373e-42,1.1841689450386461e-20
2_trans_1929.csv,1,4,0,0.9894557816999571,0.010544218300034514,8.392115930329569e-15,3.881359323542856e-23,0.9894557816999571
2_trans_1915.csv,1,1,1,0.9999999999999996,0.9999999999999996,1.4059164186918915e-46,3.171986272542882e-29,4.174067402131055e-16
2_trans_1256.csv,3,3,1,0.9999999999999998,1.6961040082604346e-16,4.225049632878073e-25,0.9999999999999998,4.175581244626635e-20
2_trans_1530.csv,1,1,1,1.0,1.0,2.612114422159044e-52,1.7391764521279634e-17,1.233755648005788e-23
2_trans_1524.csv,1,1,1,1.0,1.0,2.0329613798352765e-56,2.8723806468161516e-48,4.188133207517951e-18
2_trans_2993.csv,4,4,1,0.9711824220183339,1.276123815101705e-06,0.028816102953232312,1.989046186957719e-07,0.9711824220183339
2_trans_2005.csv,1,1,1,1.0,1.0,1.6566649940044485e-62,2.6744096838798997e-44,4.7058038356803105e-22
2_trans_1518.csv,1,1,1,0.9999999999999867,0.9999999999999867,1.356371169110421e-47,5.703577187079737e-36,1.3296787855395032e-14
2_trans_1281.csv,1,1,1,0.9999983062866394,0.9999983062866394,3.1189718274526774e-30,8.048361592379583e-28,1.69371336069178e-06
2_trans_664.csv,1,1,1,1.0,1.0,3.017085705663301e-76,2.7285713417562076e-75,1.1093214135812998e-22
2_trans_102.csv,1,1,1,1.0,1.0,3.7385505409564335e-74,3.098669227982022e-45,1.686768564829549e-29
2_trans_2171.csv,1,1,1,1.0,1.0,8.054781493799221e-64,3.240887037133701e-43,1.2635017942772225e-24
2_trans_1493.csv,1,1,1,0.9995254583178631,0.9995254583178631,2.7917177825326537e-14,5.430641501952062e-12,0.0004745416766781475
2_trans_29.csv,1,1,1,0.9999980086281873,0.9999980086281873,1.8808777986324983e-28,2.2483538866387857e-25,1.991371812678637e-06
2_trans_472.csv,1,1,1,1.0,1.0,7.722941599639987e-60,1.3865681417208504e-54,2.6568683401920363e-17
2_trans_300.csv,1,1,1,0.9999996693664751,0.9999996693664751,2.0897519051217487e-25,2.105945112488036e-30,3.306335248834266e-07
2_trans_1134.csv,1,1,1,0.8867392098113024,0.8867392098113024,5.485812134662152e-09,7.451038684295634e-09,0.11326077725184676
2_trans_2373.csv,1,1,1,0.9999999999927847,0.9999999999927847,9.357257831211441e-47,1.0406073595922716e-45,7.215305461969281e-12
2_trans_2415.csv,1,1,1,0.998499004450372,0.998499004450372,2.0430940163046756e-28,2.9005183201935775e-38,0.0015009955496279742
2_trans_1685.csv,3,3,1,0.9999999966496955,7.853511383632058e-11,1.0497418946573841e-13,0.9999999966496955,3.271664543888115e-09
2_trans_2398.csv,1,1,1,1.0,1.0,5.35749422998313e-62,9.494139479491139e-44,3.8151294577207495e-20
2_trans_1687.csv,1,1,1,1.0,1.0,2.9867152313136537e-43,3.97336283997509e-19,1.3940034316498958e-17
2_trans_1693.csv,1,1,1,1.0,1.0,1.1573538981157308e-64,6.025239986445635e-57,3.644143292121133e-20
2_trans_2371.csv,1,1,1,0.9999999999182703,0.9999999999182703,2.972474145251409e-30,2.1133345808978034e-19,8.172977609222742e-11
2_trans_2365.csv,1,1,1,0.999993405478005,0.999993405478005,1.5595765077541535e-31,4.378998511104641e-33,6.594521994934881e-06
2_trans_316.csv,1,1,1,1.0,1.0,1.2370085213891908e-41,6.649041937815686e-24,8.889361349169452e-18
2_trans_470.csv,1,1,1,0.999965639862999,0.999965639862999,5.025444988647484e-24,2.0367186973887806e-16,3.4360137000640145e-05
2_trans_2359.csv,1,1,1,0.9999999999992608,0.9999999999992608,2.4813559800932785e-30,9.838508777872247e-15,7.293705783544942e-13
2_trans_464.csv,1,1,1,1.0,1.0,4.982418590454226e-43,2.026277029514667e-21,5.839304254027421e-17
2_trans_1136.csv,1,1,1,1.0,1.0,2.7889603085464112e-58,3.46445358757316e-45,9.370603880561178e-18
2_trans_1485.csv,1,1,1,0.9999710770406048,0.9999710770406048,1.8942191406374208e-21,6.429717736237116e-23,2.8922959395279745e-05
2_trans_2198.csv,1,1,1,0.9999999999997573,0.9999999999997573,2.7519080529281113e-46,2.720619778043753e-44,2.4258519778503714e-13
2_trans_17.csv,3,3,1,0.8633589558919359,0.13664103183228768,1.01319054039043e-18,0.8633589558919359,1.2275776393637539e-08
2_trans_1491.csv,1,1,1,1.0,1.0,2.203055978930695e-64,4.594028584917814e-48,3.425693565023806e-21
2_trans_128.csv,4,4,1,0.9999871469200491,1.2853079150789713e-05,8.001425306823609e-13,2.0943101960600066e-24,0.9999871469200491
2_trans_2601.csv,1,1,1,0.999999983935651,0.999999983935651,1.6219312778519522e-37,3.871681825951401e-45,1.6064349001826917e-08
2_trans_1446.csv,1,1,1,0.9999999999999694,0.9999999999999694,5.5328340690635795e-39,3.0619790202119057e-14,8.398707219449779e-18
2_trans_1320.csv,1,1,1,1.0,1.0,1.5878873897851257e-46,9.828814061112562e-32,5.905284805057292e-18
2_trans_2946.csv,4,4,1,0.9088944864945241,1.4723292773078382e-07,0.09110536498360851,1.288939655387745e-09,0.9088944864945241
2_trans_1283.csv,1,1,1,0.999999999972591,0.999999999972591,1.5322761107488803e-37,5.803948381768885e-32,2.7409013004302503e-11
2_trans_909.csv,1,1,1,0.9999999934714159,0.9999999934714159,2.2233691603891828e-32,1.0129845258883453e-26,6.52858414854903e-09
2_trans_2749.csv,1,1,1,0.9999999860142947,0.9999999860142947,2.5059092969971146e-25,1.1284265204836755e-08,2.70144006812922e-09
2_trans_1095.csv,1,1,1,0.9999999999999971,0.9999999999999971,7.70318916406916e-53,2.3082953105683742e-39,2.8634030422741935e-15
2_trans_1081.csv,4,4,1,0.9999988063728437,1.1936122493938855e-06,1.4906951880272584e-11,2.2362487357805243e-18,0.9999988063728437
2_trans_1056.csv,1,1,1,0.9999999999798772,0.9999999999798772,8.450682228829543e-41,1.182917218279348e-36,2.012268280797238e-11
2_trans_504.csv,1,1,1,0.995427696868475,0.995427696868475,9.41512553959508e-18,0.00457224481566839,5.8315856750910376e-08
2_trans_2239.csv,1,1,1,0.9999833419145834,0.9999833419145834,1.8530576288746323e-21,7.635506005720026e-19,1.6658085416563663e-05
2_trans_510.csv,1,1,1,0.9999990511798159,0.9999990511798159,7.94868315117069e-19,1.0606942569116767e-13,9.488200779070743e-07
2_trans_276.csv,1,1,1,1.0,1.0,9.262099126905581e-47,4.059015011062762e-33,2.7670538478394773e-19
2_trans_1725.csv,1,1,1,1.0,1.0,4.1825165391216394e-58,2.6022831801818183e-42,2.7876279944058536e-22
2_trans_511.csv,1,1,1,1.0,1.0,5.889791617011938e-61,4.309761705455092e-51,4.972178712156849e-24
2_trans_2238.csv,1,1,1,0.9999988076214381,0.9999988076214381,1.823329960057309e-17,1.3790681601600404e-07,1.0544717457622207e-06
2_trans_1731.csv,1,1,1,1.0,1.0,5.730441278533379e-74,1.1089234320999967e-36,3.4695873792960287e-32
2_trans_2562.csv,1,1,1,1.0,1.0,2.620093334407915e-52,1.8933734938062372e-26,7.665923350801972e-22
2_trans_1080.csv,1,1,1,1.0,1.0,1.603725383860622e-59,4.834817465910058e-38,3.7616725648149867e-26
2_trans_1902.csv,3,1,0,0.554090592572806,0.554090592572806,3.5256889629744224e-10,0.4458984967408744,1.091033375072792e-05
2_trans_288.csv,1,1,1,0.9999999830709717,0.9999999830709717,1.6475637824664077e-23,3.6252772759419306e-16,1.692902786781079e-08
2_trans_1527.csv,1,1,1,0.9999999999999998,0.9999999999999998,3.6383153589228974e-59,1.1393892188533599e-60,1.6358243739361436e-16
2_trans_2984.csv,2,2,1,0.9998260916885712,1.2566192563739446e-20,0.9998260916885712,2.1598237546871438e-13,0.00017390831121272526
2_trans_2760.csv,1,1,1,1.0,1.0,1.552283020847459e-63,2.1602627838356457e-46,4.2597019295296413e-26
2_trans_2953.csv,4,2,0,0.624774016398655,3.554426617429463e-08,0.624774016398655,0.0010882713443967243,0.37413767671268205
2_trans_1296.csv,1,4,0,0.6344989174744411,0.365501082525559,3.821509571029576e-18,1.5233547703737075e-21,0.6344989174744411
2_trans_1335.csv,1,1,1,1.0,1.0,5.037865817624083e-67,5.701814080441411e-56,7.411402569384668e-23
2_trans_2628.csv,1,1,1,0.9999999999999982,0.9999999999999982,2.9628038978514735e-38,1.6555273736626643e-22,1.88299330647621e-15
2_trans_1321.csv,1,1,1,1.0,1.0,1.440379791197799e-69,8.478095771878975e-45,1.084139969604316e-27
2_trans_883.csv,1,1,1,1.0,1.0,1.517141153049578e-73,7.507108911201506e-49,2.589703257044942e-26
2_trans_2172.csv,1,4,0,0.6278646801720573,0.37213531829334145,1.5346012670901055e-09,2.103507583820895e-17,0.6278646801720573
2_trans_897.csv,1,1,1,1.0,1.0,9.283428334721705e-76,7.298790530768415e-58,1.7298366762109695e-29
2_trans_129.csv,3,3,1,0.9999999999999347,6.525252134044747e-14,3.9411002814712825e-22,0.9999999999999347,1.5443446704811189e-21
2_trans_2827.csv,2,2,1,0.9999907502302104,7.870313165287404e-24,0.9999907502302104,6.015990129460266e-16,9.249769788871871e-06
2_trans_16.csv,1,1,1,0.9999999999736362,0.9999999999736362,1.532749876977815e-46,1.2946695446241159e-48,2.63637071177119e-11
2_trans_868.csv,4,4,1,0.9430001361017515,5.310364922078017e-07,3.081541510420917e-05,0.05696851744665213,0.9430001361017515
2_trans_698.csv,1,1,1,1.0,1.0,1.6669744531543113e-67,1.175348292730654e-56,3.121842852049455e-19
2_trans_840.csv,1,1,1,1.0,1.0,4.1043792836120836e-60,3.271532304017921e-32,7.006845085760654e-26
2_trans_1889.csv,1,1,1,0.999999999999998,0.999999999999998,4.43657906861937e-42,1.746825853079889e-30,1.9058898416319756e-15
2_trans_2358.csv,1,1,1,0.999983430672884,0.999983430672884,8.032778580764235e-26,6.343493623012615e-18,1.656932711601701e-05
2_trans_317.csv,1,1,1,0.9999999999482803,0.9999999999482803,2.728388968328316e-46,1.0757384351975144e-36,5.171983724179377e-11
2_trans_459.csv,1,1,1,0.9999999999999982,0.9999999999999982,6.99907096105203e-46,1.3846032509990622e-31,1.6903651846040338e-15
2_trans_1686.csv,1,1,1,1.0,1.0,1.1759459535212885e-65,7.055776985855722e-53,6.553319243470244e-23
