id,true_label,predicted_label,correct,confidence,p_class_1,p_class_2,p_class_3,p_class_4
2_trans_1853.csv,1,1,1,0.9999999999999978,0.9999999999999978,3.197065042369911e-56,6.947998515894119e-26,2.1156839547410633e-15
2_trans_1106.csv,1,1,1,0.9999972895743509,0.9999972895743509,3.5719409071203586e-27,2.29013666269525e-19,2.7104256490693975e-06
2_trans_1112.csv,1,1,1,1.0,1.0,1.0409585197091758e-64,8.676598402331771e-27,2.9892640469178673e-18
2_trans_1674.csv,1,1,1,0.9999999997728404,0.9999999997728404,2.1478326693449094e-49,2.768681956483562e-34,2.2715952324107492e-10
2_trans_1890.csv,1,1,1,0.9198066604532458,0.9198066604532458,1.4568010291448801e-24,0.08018225156682728,1.1087979927012995e-05
2_trans_1648.csv,1,3,0,0.95487821264577,0.04512178694466737,1.1867177442062285e-23,0.95487821264577,4.095627739262088e-10
2_trans_33.csv,1,1,1,1.0,1.0,7.891654250053095e-65,7.240736770930698e-37,2.4409493681821158e-18
2_trans_871.csv,1,1,1,0.9999999442677734,0.9999999442677734,3.115540235007577e-34,3.2163307166222677e-25,5.573222661691119e-08
2_trans_1462.csv,1,1,1,0.9999999999680986,0.9999999999680986,6.985702236693678e-35,3.0958746412764007e-11,9.425268479792101e-13
2_trans_1476.csv,1,1,1,0.9997623605459746,0.9997623605459746,7.953656440157549e-11,9.766570108185843e-10,0.00023763839783185096
2_trans_2619.csv,1,1,1,0.9799051542195885,0.9799051542195885,4.0009213719185415e-18,1.3888524740016863e-10,0.02009484564152624
2_trans_1338.csv,1,1,1,1.0,1.0,1.6049002143281565e-64,3.0667233211085448e-21,2.0169535444163964e-17
2_trans_2631.csv,1,1,1,0.9999999999216738,0.9999999999216738,2.9153298984102685e-40,4.0450469764866696e-19,7.832612369912533e-11
2_trans_2625.csv,1,1,1,0.9999992028213442,0.9999992028213442,7.528936983884136e-32,1.4610682243809803e-10,7.970325488737706e-07
2_trans_939.csv,4,1,0,0.6555614982640299,0.6555614982640299,7.716847945324341e-15,0.00011319112778981269,0.3443253106081727
2_trans_722.csv,1,1,1,0.9999969230362105,0.9999969230362105,2.3421769053665867e-31,3.6630084586021467e-07,2.710662943611792e-06
2_trans_1258.csv,4,4,1,0.8860072870044832,0.11397127605396924,2.1436941443635848e-05,1.0391631616051638e-13,0.8860072870044832
2_trans_285.csv,1,1,1,0.9999999721183258,0.9999999721183258,2.0991641631848548e-40,4.549869498124898e-20,2.788167414059674e-08
2_trans_1933.csv,1,1,1,0.9991956455688584,0.9991956455688584,1.1802080722777154e-16,3.0094239478699553e-05,0.0007742601916625103
2_trans_1927.csv,1,1,1,0.9999999997392264,0.9999999997392264,9.94858886456912e-34,7.597213591920931e-18,2.6077354690533485e-10
2_trans_1700.csv,1,1,1,0.9999999997377655,0.9999999997377655,2.3834413072077046e-45,3.789617091178226e-21,2.622344243683717e-10
2_trans_534.csv,1,1,1,0.9999999996493456,0.9999999996493456,4.0465058079302995e-30,6.447810831400775e-13,3.5000948876939236e-10
2_trans_2209.csv,1,1,1,0.9999999994681248,0.9999999994681248,8.695006555723147e-35,6.54659904053579e-17,5.318751412745417e-10
2_trans_2221.csv,1,1,1,0.9999515677834908,0.9999515677834908,2.8764654853398546e-24,4.2076931213166043e-10,4.843179573988951e-05
2_trans_2547.csv,1,1,1,0.9999964608407294,0.9999964608407294,1.8448603829160539e-25,9.652117633675232e-19,3.5391592707081536e-06
2_trans_2220.csv,1,4,0,0.8660879290700649,0.13391095432018346,2.3242994055298532e-12,1.1166074274175764e-06,0.8660879290700649
2_trans_1729.csv,1,1,1,1.0,1.0,8.8648024107528e-61,3.463265312975136e-42,1.4133548105342024e-17
2_trans_2546.csv,1,1,1,0.8586053399379164,0.8586053399379164,1.796543580422772e-20,0.1413946546753302,5.386753422170779e-09
2_trans_2208.csv,1,1,1,0.999453288377336,0.999453288377336,1.674675611636861e-29,2.5244018682601805e-15,0.0005467116226615561
2_trans_1701.csv,1,1,1,0.9999999999995539,0.9999999999995539,3.519417739724244e-54,3.231411506899764e-33,4.461401825419903e-13
2_trans_247.csv,1,1,1,0.9999999999999996,0.9999999999999996,8.202491295589338e-54,2.9497430855024075e-27,5.030529652631933e-16
2_trans_2591.csv,1,1,1,1.0,1.0,1.980133401589315e-72,5.813011183455037e-26,3.1265113993558373e-23
2_trans_1926.csv,1,1,1,1.0,1.0,4.897240004242894e-71,4.0692216379296203e-26,1.3092173428832127e-20
2_trans_1932.csv,1,1,1,0.9999962580327424,0.9999962580327424,1.0004577340559904e-26,3.741845934928404e-06,1.213226838841098e-10
2_trans_1259.csv,1,1,1,0.9999999819508228,0.9999999819508228,1.1616634343082639e-32,2.351878888162131e-19,1.8049177133736148e-08
2_trans_2744.csv,1,1,1,0.9999547177219975,0.9999547177219975,5.918134583684284e-29,7.201232949934763e-11,4.528220599032157e-05
2_trans_1503.csv,1,1,1,1.0,1.0,1.263154776884215e-64,4.4749945752863935e-24,9.837525935773849e-17
2_trans_2787.csv,1,1,1,0.999999999999932,0.999999999999932,3.769969264186593e-40,1.0943501870737019e-29,6.803496840751009e-14
2_trans_2977.csv,2,2,1,0.8037810799179622,2.7760394918266292e-08,0.8037810799179622,6.496201060419842e-10,0.1962188916720228
2_trans_938.csv,1,1,1,0.9999999999997315,0.9999999999997315,1.4037806099215945e-54,2.0069399646578407e-25,2.683704090405994e-13
2_trans_2142.csv,3,3,1,0.9999713215044083,2.86781917293948e-05,7.229457565720896e-13,0.9999713215044083,3.031393935927855e-10
2_trans_119.csv,3,3,1,0.9492302132255893,0.050731277188675206,1.059402469911533e-13,0.9492302132255893,3.850958562958208e-05
2_trans_2156.csv,1,1,1,0.9996497297938006,0.9996497297938006,1.0901149786346838e-17,0.00035026952102471844,6.851746047344727e-10
2_trans_125.csv,1,1,1,0.9999999999999678,0.9999999999999678,4.291296370815859e-52,3.664707928038846e-21,3.21784123067662e-14
2_trans_864.csv,1,1,1,0.9999999999849882,0.9999999999849882,3.1123589383753852e-46,4.423722113863606e-24,1.5011710125928493e-11
2_trans_2181.csv,1,1,1,0.9999999999999691,0.9999999999999691,4.5658641573600574e-54,2.735928801771891e-31,3.083393045578111e-14
2_trans_680.csv,1,1,1,0.9901673172712225,0.9901673172712225,4.1628568584361426e-09,4.369236117170043e-06,0.009828309329803367
2_trans_1891.csv,1,1,1,0.9999149281798871,0.9999149281798871,9.850748068281527e-27,2.3966640462912007e-06,8.267515606674251e-05
2_trans_2432.csv,1,1,1,0.9999996010691569,0.9999996010691569,1.695264268511022e-24,9.761047248019251e-21,3.989308431704922e-07
2_trans_327.csv,3,3,1,0.6873372969718986,0.00012639844772481683,1.7418985709177842e-06,0.6873372969718986,0.3125345626818057
2_trans_455.csv,1,1,1,0.9999667706606191,0.9999667706606191,5.990605738522839e-24,6.84932779793873e-11,3.322927088742246e-05
2_trans_2368.csv,1,1,1,0.9996681046968886,0.9996681046968886,3.007766454241985e-20,0.0003094068257849659,2.248847732662229e-05
2_trans_1852.csv,1,3,0,0.9967049048012036,0.0012191542784004475,5.268589211695756e-12,0.9967049048012036,0.0020759409151274487
2_trans_482.csv,1,1,1,1.0,1.0,1.250685860442423e-61,2.8463626463305113e-36,6.122225302118016e-20
2_trans_496.csv,1,1,1,0.9999856643545754,0.9999856643545754,2.7080246778529538e-14,5.983844980001078e-07,1.3737260899434812e-05
2_trans_1688.csv,1,1,1,0.9999933106850888,0.9999933106850888,1.884871046795793e-15,1.9049222660743644e-15,6.689314907375892e-06
2_trans_2395.csv,1,1,1,1.0,1.0,2.7443447135011954e-58,1.5300728732246755e-30,3.890667219864025e-18
2_trans_1111.csv,4,4,1,0.9875727113173591,0.012425745386319527,6.373429557941379e-12,1.5432899480463425e-06,0.9875727113173591
2_trans_1105.csv,1,1,1,0.9999999959115642,0.9999999959115642,1.3846740939370912e-39,4.408735335055186e-17,4.088435883052291e-09
2_trans_331.csv,1,1,1,0.9999999796702592,0.9999999796702592,6.331991202219405e-49,2.558772224572718e-23,2.0329740713290145e-08
2_trans_1663.csv,1,1,1,0.9999999999945599,0.9999999999945599,2.4109874807582233e-49,1.6027068899700507e-29,5.4400526535163035e-12
2_trans_2430.csv,1,1,1,0.9999999999998106,0.9999999999998106,2.901350790722844e-40,1.0212793320083341e-22,1.893200532413174e-13
2_trans_1139.csv,3,3,1,0.999999974954435,2.504553719180454e-08,7.865991614148825e-19,0.999999974954435,2.7864904844598978e-14
2_trans_682.csv,1,1,1,0.9999979668053701,0.9999979668053701,9.756592481987746e-19,1.9390300490531687e-06,9.416458073900069e-08
2_trans_696.csv,1,1,1,0.8869767317671922,0.8869767317671922,9.80801148867149e-10,6.780041606103536e-07,0.11302258924784618
2_trans_2815.csv,2,2,1,0.9768368920199965,1.9804598985171265e-09,0.9768368920199965,4.550004350563426e-10,0.023163105544543202
2_trans_2197.csv,1,1,1,0.9999999999999973,0.9999999999999973,5.800665957993526e-48,1.265310800092314e-16,2.3619849333238556e-15
2_trans_872.csv,1,1,1,0.99969301932138,0.99969301932138,1.6657060521385147e-21,0.0001974897708231333,0.00010949090779694887
2_trans_641.csv,1,1,1,0.9999999999871221,0.9999999999871221,1.8257590632830816e-43,8.244151073441707e-16,1.2876940543826315e-11
2_trans_899.csv,1,1,1,0.9999999999983009,0.9999999999983009,7.241879673455081e-47,6.062473895164072e-21,1.6991828698784578e-12
2_trans_1475.csv,3,3,1,0.9999999889604091,1.0919520645005061e-08,4.562522325723368e-15,0.9999999889604091,1.2006576141079553e-10
2_trans_2975.csv,4,4,1,0.9714140547861444,2.6875167781973055e-06,0.028583252984049057,4.713028461926813e-09,0.9714140547861444
2_trans_2949.csv,2,4,0,0.5877807260144611,3.019028727762076e-08,0.4122192434280934,3.6715829967328307e-10,0.5877807260144611
2_trans_2785.csv,1,1,1,1.0,1.0,1.745920948965966e-63,4.988811114899004e-28,7.55773301982803e-20
2_trans_2008.csv,4,4,1,0.7000440977378222,0.29995590212519946,9.236702155374413e-12,1.2774174016061897e-10,0.7000440977378222
2_trans_1515.csv,1,1,1,0.9998717258598199,0.9998717258598199,3.969528077801728e-19,0.00012826461157664374,9.528603482352239e-09
2_trans_721.csv,1,1,1,0.9999999999983671,0.9999999999983671,2.4499447655981948e-51,1.4501381405973523e-23,1.6328983626960486e-12
2_trans_1273.csv,1,1,1,1.0,1.0,2.996758028281172e-72,1.1234937227239353e-40,3.974694644880961e-21
2_trans_2593.csv,1,1,1,0.9999996073496932,0.9999996073496932,1.116030201137975e-43,1.3584614901061385e-32,3.92650306773498e-07
2_trans_1065.csv,1,1,1,0.9999999999912179,0.9999999999912179,1.2823024249642209e-43,3.062229132649864e-34,8.782019029940253e-12
2_trans_2578.csv,1,1,1,0.9999999999999685,0.9999999999999685,2.3130644931415777e-41,1.0920261033011869e-24,3.1550542306721955e-14
2_trans_2236.csv,1,1,1,0.9997395405954149,0.9997395405954149,2.5154855387045916e-23,0.0002604593290239933,7.556116361268184e-11
2_trans_2551.csv,1,1,1,0.9999999975983165,0.9999999975983165,2.9117228453927054e-33,1.163064916318852e-17,2.4016835687932464e-09
2_trans_1716.csv,1,1,1,0.9999999999990385,0.9999999999990385,7.0403499201110325e-56,7.092691387780176e-41,9.614661132747818e-13
2_trans_522.csv,4,1,0,0.7256948293242416,0.7256948293242416,8.085735572586722e-10,2.49339523558734e-11,0.2743051698422509
2_trans_536.csv,1,1,1,0.9999999999623865,0.9999999999623865,1.175060601700759e-44,4.253396833579605e-15,3.760927861431285e-11
2_trans_1064.csv,1,1,1,0.9999999999999616,0.9999999999999616,1.2473357891475512e-52,6.408409110525345e-26,3.8474965461869365e-14
2_trans_1925.csv,1,1,1,0.9999107658354917,0.9999107658354917,3.973418352740986e-14,3.787894064183464e-09,8.923037657452586e-05
2_trans_2592.csv,4,4,1,0.9999996226500988,3.6960106553338456e-07,7.730974855181054e-10,6.975738243607065e-09,0.9999996226500988
2_trans_1919.csv,1,1,1,0.9999999999999583,0.9999999999999583,4.7324737790169097e-48,1.3762457832099675e-14,2.801803996998762e-14
2_trans_293.csv,1,1,1,0.9999943303518256,0.9999943303518256,1.1807195203892313e-13,2.893726981942444e-15,5.66964805326545e-06
2_trans_708.csv,1,1,1,0.9999999999995037,0.9999999999995037,4.408609897585561e-56,2.0335394492779172e-29,4.96329741268496e-13
2_trans_907.csv,1,1,1,0.9999999916797518,0.9999999916797518,2.1934193360314113e-33,1.968309132555137e-09,6.351939091237107e-09
2_trans_1299.csv,1,1,1,0.9999999997994466,0.9999999997994466,1.16509984863439e-30,3.876228312887953e-14,2.005144232212526e-10
2_trans_913.csv,1,1,1,0.9999999999999902,0.9999999999999902,6.937957883173106e-52,9.577834055677776e-15,2.4918040764522e-16
2_trans_2627.csv,1,1,1,1.0,1.0,8.909499271167859e-61,3.387682464155555e-42,8.224620161423997e-18
2_trans_132.csv,1,1,1,1.0,1.0,4.718939403407501e-62,8.083081120264572e-30,2.8963066154782295e-18
2_trans_873.csv,3,3,1,0.9999999289695011,7.10304585576809e-08,2.0264087013559988e-23,0.9999999289695011,4.050339136265221e-14
2_trans_683.csv,1,1,1,0.9999979790378797,0.9999979790378797,1.398484525964139e-24,7.968332057930891e-13,2.0209613234511575e-06
2_trans_2357.csv,4,4,1,0.9931137011867726,0.006886279348178849,1.9463566052923785e-08,1.48265230259859e-12,0.9931137011867726
2_trans_2343.csv,3,3,1,0.999405814457296,0.0005941855425737808,2.3099974157135717e-26,0.999405814457296,1.3024243813141126e-13
2_trans_318.csv,1,1,1,0.9993349899483959,0.9993349899483959,2.473341364583036e-20,0.0006649363347821844,7.371682197667488e-08
2_trans_324.csv,1,1,1,1.0,1.0,2.169486333504255e-58,8.809399909312296e-32,5.842338233171252e-22
2_trans_2394.csv,1,1,1,0.9998971988241695,0.9998971988241695,3.0194806336170266e-13,3.1213965006076595e-05,7.158721052258223e-05
2_trans_1851.csv,3,3,1,0.9999443943346963,5.559905163646982e-05,6.782427806908094e-14,0.9999443943346963,6.613599408794963e-09
2_trans_1689.csv,1,1,1,0.5994232221419253,0.5994232221419253,4.2168382681367013e-14,0.4005765470201769,2.308378554467434e-07
2_trans_495.csv,1,1,1,1.0,1.0,4.545409298858725e-61,2.350119119350677e-22,7.81106257208341e-24
2_trans_1855.csv,1,1,1,0.9999964622198897,0.9999964622198897,8.910584544684045e-22,2.583111577780309e-06,9.54668532487285e-07
2_trans_1699.csv,1,1,1,0.999999999408665,0.999999999408665,3.0425178616205987e-49,1.6787162929954185e-29,5.913350512591075e-10
2_trans_1841.csv,1,1,1,1.0,1.0,2.0981334790613665e-59,2.438099783533228e-25,8.485353941746015e-18
2_trans_485.csv,1,1,1,0.999999999999754,0.999999999999754,1.0340677947181816e-57,2.4609719009918084e-13,7.540862853466117e-20
2_trans_491.csv,1,1,1,0.9999999999999996,0.9999999999999996,1.0223744469401524e-50,7.72231229671814e-18,4.684178695283244e-16
2_trans_1128.csv,1,1,1,0.9999999921292525,0.9999999921292525,1.567591304411865e-39,1.369031352805819e-29,7.870747563372693e-09
2_trans_1896.csv,1,1,1,0.9999999999493805,0.9999999999493805,1.3119204371031048e-47,8.210605754043587e-24,5.061958152515872e-11
2_trans_1882.csv,1,1,1,1.0,1.0,6.871262791331317e-57,2.6521606133969653e-30,5.273702086443915e-19
2_trans_2435.csv,1,1,1,0.8244979255045973,0.8244979255045973,5.991459924690524e-08,1.087137070960496e-14,0.1755020145807926
2_trans_320.csv,1,1,1,1.0,1.0,1.0494355136616098e-59,3.215323389675408e-26,2.7875765601562826e-17
2_trans_1672.csv,4,4,1,0.9987122458331846,0.0012877541668154294,8.148306878325098e-18,1.43835800534035e-18,0.9987122458331846
2_trans_446.csv,1,1,1,0.9999999995866733,0.9999999995866733,1.432983350863517e-41,5.232724976690749e-24,4.1332666905579526e-10
2_trans_1100.csv,1,1,1,0.9999999999999278,0.9999999999999278,7.220169565036983e-50,5.542072320853998e-18,7.213661730226437e-14
2_trans_334.csv,4,4,1,0.9869035511980284,0.013091761061084799,4.660306224625958e-06,2.7434662197490862e-08,0.9869035511980284
2_trans_877.csv,3,3,1,0.9999994979361877,1.7578368919974947e-07,1.591516284834728e-09,0.9999994979361877,3.246886068582072e-07
2_trans_2804.csv,4,4,1,0.9987334575433222,2.8674218756706197e-05,0.0012376570228689722,2.112150521225714e-07,0.9987334575433222
2_trans_693.csv,1,1,1,0.9952805511714751,0.9952805511714751,1.5833124781760695e-20,1.2615984523032967e-05,0.004706832844001905
2_trans_1458.csv,4,4,1,0.751871500244194,0.24812849975463797,1.1392643885117011e-12,2.880664336838452e-14,0.751871500244194
2_trans_2179.csv,4,4,1,0.99410651168388,9.68961132462085e-07,0.005892518810778954,5.442085924183798e-10,0.99410651168388
2_trans_1470.csv,1,1,1,0.9999999990663082,0.9999999990663082,2.879471250372463e-49,1.2475515206048494e-26,9.336917459126634e-10
2_trans_136.csv,1,1,1,0.9999999999808871,0.9999999999808871,2.0685146640866644e-37,3.5762352772207515e-15,1.910935713270697e-11
2_trans_888.csv,1,1,1,0.9997779581645305,0.9997779581645305,6.775831132996406e-30,1.2529856405578115e-15,0.00022204183546810152
2_trans_1538.csv,1,1,1,1.0,1.0,1.1131054520915246e-69,2.5126463599654314e-40,5.180544467720354e-19
2_trans_2757.csv,1,1,1,0.6792170386826488,0.6792170386826488,3.394374992762866e-17,0.32061636167927765,0.00016659963807348358
2_trans_2743.csv,1,1,1,0.9999999878005957,0.9999999878005957,1.0976091296690636e-26,8.474887614354015e-17,1.2199404272400932e-08
2_trans_730.csv,4,4,1,0.9971747946927324,9.912207101583222e-05,0.0027141951107664676,1.1888125485309322e-05,0.9971747946927324
2_trans_2019.csv,1,1,1,0.9999999999999352,0.9999999999999352,8.038868876254258e-52,4.0445563956715855e-34,6.488742090458248e-14
2_trans_1921.csv,1,1,1,0.9999999999998348,0.9999999999998348,4.14350101771833e-49,2.6665723553730374e-22,1.6513864331670323e-13
2_trans_2582.csv,1,1,1,0.9999999990813817,0.9999999990813817,4.105356669609228e-31,1.566362057711948e-11,9.029546244714232e-10
2_trans_2233.csv,1,1,1,0.9999999999796902,0.9999999999796902,4.850263681374103e-40,1.6282280415205156e-14,2.0293624670813278e-11
2_trans_1048.csv,1,1,1,0.9999946703783569,0.9999946703783569,1.6213750085131653e-25,8.169814675597866e-10,5.3288046616267785e-06
2_trans_1706.csv,1,1,1,1.0,1.0,1.1317524390844344e-79,1.5118592595371119e-37,2.80702664746306e-26
2_trans_1074.csv,1,1,1,1.0,1.0,6.0443339821600565e-65,2.8146596738124054e-28,5.879201524017404e-19
2_trans_527.csv,1,1,1,0.9999999999716969,0.9999999999716969,1.8075297068523284e-39,1.2265335888716516e-25,2.8303134706255403e-11
2_trans_241.csv,1,1,1,0.999990923474273,0.999990923474273,2.5519269889176523e-22,2.412121009821857e-12,9.07652331509684e-06
2_trans_1061.csv,1,1,1,0.9999989795266953,0.9999989795266953,1.708416763168495e-34,1.020469382618438e-06,3.92210995293899e-12
2_trans_255.csv,2,2,1,0.7279802649264119,4.152465066904803e-09,0.7279802649264119,9.659328928210619e-09,0.2720197212617941
2_trans_533.csv,4,4,1,0.9851337633926808,0.014866205530490489,1.5480761162949757e-11,3.106134793409237e-08,0.9851337633926808
2_trans_2226.csv,1,1,1,0.9998023088579974,0.9998023088579974,1.3793987403840241e-30,1.28121774972534e-16,0.0001976911420024487
2_trans_1049.csv,1,1,1,0.9999999999948121,0.9999999999948121,1.6681285926598483e-55,1.897782252959619e-36,5.187774481965727e-12
2_trans_2540.csv,1,1,1,0.9999999999999991,0.9999999999999991,6.684247024634553e-60,8.140455406756713e-23,8.264651727436685e-16
2_trans_269.csv,1,1,1,0.9999999999999993,0.9999999999999993,2.4390986510062953e-50,4.1962520823595837e-16,1.2250941591940824e-16
2_trans_2232.csv,1,1,1,0.9987933125181963,0.9987933125181963,4.244210222419025e-11,2.7110603803251693e-07,0.0012064163333235839
2_trans_1934.csv,1,1,1,0.9885796141944461,0.9885796141944461,1.4935723056746876e-15,2.785230034282296e-16,0.011420385805552246
2_trans_2018.csv,4,4,1,0.943493345747208,2.2034749973679364e-05,0.05648458144587528,3.805694310081477e-08,0.943493345747208
2_trans_731.csv,1,1,1,0.999150454914809,0.999150454914809,6.007053797827219e-17,0.0001668799342616693,0.0006826651509294454
2_trans_9.csv,1,1,1,0.9964133175231524,0.9964133175231524,2.420863376613921e-10,8.921721163410144e-06,0.003577760513597954
2_trans_719.csv,1,1,1,0.9996665730168312,0.9996665730168312,3.675719075990761e-31,1.2726426495684573e-23,0.000333426983168816
2_trans_2030.csv,3,3,1,0.9990492183050731,0.0009244897211260932,3.278180939745506e-11,0.9990492183050731,2.6291941019094742e-05
2_trans_1539.csv,1,1,1,0.9999999999999996,0.9999999999999996,1.478842551621878e-45,5.364629425131604e-23,3.6949101354682353e-16
2_trans_2756.csv,1,1,1,1.0,1.0,3.82718822177739e-63,5.096318863895155e-21,3.2924002514223448e-21
2_trans_2965.csv,4,4,1,0.7209612341091328,0.008260866800922757,0.2706292610830976,0.00014863800684683604,0.7209612341091328
2_trans_916.csv,1,1,1,0.9999999999772065,0.9999999999772065,2.1959453279801335e-43,1.6162870248381232e-32,2.2793628546033784e-11
2_trans_1459.csv,1,1,1,0.9999999999999998,0.9999999999999998,4.530605632755649e-60,7.923431244099898e-21,1.2495443670694983e-16
2_trans_2150.csv,1,1,1,0.9999999999993474,0.9999999999993474,3.9162400200087224e-38,6.513387292337499e-18,6.526738446840974e-13
2_trans_2805.csv,2,2,1,0.9930675126347269,2.411119729287427e-10,0.9930675126347269,1.8254292001230765e-10,0.006932486941618205
2_trans_876.csv,1,1,1,1.0,1.0,1.3373268109661949e-64,1.0618942369349601e-35,2.5773880065106892e-17
2_trans_335.csv,1,1,1,0.9915058088885546,0.9915058088885546,1.4316584665061714e-22,7.43716058133901e-14,0.008494191111371107
2_trans_1115.csv,1,1,1,0.9999999999999993,0.9999999999999993,1.3715747129409426e-45,2.875710282607501e-16,3.86826917812565e-16
2_trans_447.csv,1,1,1,1.0,1.0,1.3420955167779797e-60,3.835507140195249e-34,1.9016177202031456e-17
2_trans_2352.csv,1,1,1,0.9999828888042779,0.9999828888042779,2.8178300802768454e-38,1.4849643782579827e-27,1.7111195722052276e-05
2_trans_309.csv,4,4,1,0.9173830557482275,0.004414106803830638,9.934520103562922e-08,0.07820273810274082,0.9173830557482275
2_trans_1129.csv,1,1,1,0.9999999993569195,0.9999999993569195,9.963339780859707e-49,6.359978591655606e-39,6.43080568102032e-10
2_trans_2346.csv,1,1,1,0.9999999999964548,0.9999999999964548,4.828030625654952e-55,2.7243492370799383e-28,3.5452687644306953e-12
2_trans_1868.csv,1,1,1,0.999999999712077,0.999999999712077,1.6305522882441122e-37,5.597939040322571e-11,2.3194358345847717e-10
2_trans_2385.csv,1,1,1,0.9999999970212461,0.9999999970212461,1.83864917448494e-34,1.0207414921217168e-15,2.97875270298091e-09
2_trans_1854.csv,1,1,1,0.9999999725337779,0.9999999725337779,1.3040437470937053e-35,1.2387503057621907e-19,2.7466222014943048e-08
2_trans_1842.csv,1,1,1,0.9999930737826394,0.9999930737826394,1.5418941775014787e-33,4.899720687208119e-16,6.926217360280943e-06
2_trans_1856.csv,1,1,1,1.0,1.0,9.477933087409188e-54,4.721292915877307e-26,8.484725530371865e-17
2_trans_2387.csv,4,4,1,0.9956234956936196,0.0043749799828284724,1.5243235518423808e-06,4.9006294399683244e-17,0.9956234956936196
2_trans_486.csv,3,3,1,0.9933135637802762,0.006686351114494451,6.133122549228744e-23,0.9933135637802762,8.510522909704512e-08
2_trans_1881.csv,1,1,1,0.999999999913139,0.999999999913139,2.2093932914374305e-27,5.135340355057985e-17,8.686107322453744e-11
2_trans_2344.csv,1,1,1,0.9999999977858505,0.9999999977858505,3.57511021507825e-48,1.9064432480245637e-30,2.2141494427172943e-09
2_trans_1665.csv,1,1,1,0.9999996339851333,0.9999996339851333,3.0518718671628653e-41,2.313907764307765e-20,3.6601486686133394e-07
2_trans_323.csv,1,1,1,0.9993060529456684,0.9993060529456684,2.257427529623989e-19,0.0006909073081278826,3.0397462035934646e-06
2_trans_2185.csv,1,1,1,0.9999999999999984,0.9999999999999984,1.2232989963994508e-43,6.481980511524659e-20,1.5236789740142352e-15
2_trans_684.csv,1,1,1,0.9998838631582637,0.9998838631582637,5.350917465581993e-19,4.176374433078015e-16,0.00011613684173596375
2_trans_2152.csv,1,1,1,0.9999999999645797,0.9999999999645797,5.051216938686117e-44,1.1202888169882763e-13,3.530811773516635e-11
2_trans_2634.csv,1,1,1,0.9999999999141913,0.9999999999141913,1.5841803819579066e-39,2.174019875975517e-15,8.580654676228206e-11
2_trans_2620.csv,1,1,1,0.978174569178369,0.978174569178369,2.9692057381494955e-22,1.6373693071238275e-14,0.021825430821614776
2_trans_2146.csv,1,1,1,0.8677479643293136,0.8677479643293136,2.1046405046929333e-10,0.00027623478330342135,0.13197580067691897
2_trans_1467.csv,1,1,1,0.9999999999999873,0.9999999999999873,1.0459151120082511e-61,1.34595674594087e-29,1.255608551212559e-14
2_trans_2608.csv,1,1,1,0.999999999999984,0.999999999999984,2.9800034770244064e-57,6.625861095227087e-42,1.5959385917082053e-14
2_trans_900.csv,1,1,1,0.9999999744237089,0.9999999744237089,6.043523765679352e-32,5.762986219747647e-26,2.557629116749104e-08
2_trans_2797.csv,1,1,1,0.9999996080232632,0.9999996080232632,3.086147421562208e-37,1.5378510945969316e-24,3.919767368912553e-07
2_trans_2967.csv,2,2,1,0.7120089767494558,2.0693091712555342e-07,0.7120089767494558,3.4207036696188516e-07,0.2879904742492602
2_trans_1513.csv,1,1,1,0.9999999999994429,0.9999999999994429,2.4576063533798363e-48,6.545232321921148e-28,5.570429855938678e-13
2_trans_2768.csv,1,1,1,0.9999999999981173,0.9999999999981173,4.522256066909355e-50,4.364473807229246e-20,1.882801953444946e-12
2_trans_733.csv,1,1,1,1.0,1.0,7.216911624319238e-59,1.0564484193323272e-24,2.3765338429921847e-18
2_trans_2595.csv,1,1,1,0.9999999955901946,0.9999999955901946,1.4667192195950885e-38,3.747399517562394e-26,4.409805495731643e-09
2_trans_294.csv,1,1,1,1.0,1.0,5.571840794028722e-62,6.676865580732501e-31,3.3607558986371566e-20
2_trans_519.csv,1,1,1,0.9999999899433071,0.9999999899433071,2.932442436890174e-46,1.4159906436243242e-23,1.00566929216185e-08
2_trans_2556.csv,1,1,1,0.999933947701988,0.999933947701988,2.011839706410093e-19,6.604338480590687e-05,8.913206081208546e-09
2_trans_1077.csv,1,1,1,0.9998317343444388,0.9998317343444388,1.7937134051074126e-23,3.248815958028195e-11,0.00016826562307298263
2_trans_243.csv,1,1,1,0.9999999999999998,0.9999999999999998,1.727990135283559e-59,5.67153863187885e-25,1.577130064753139e-16
2_trans_2218.csv,1,1,1,0.9999972160430897,0.9999972160430897,2.0043720667898507e-30,3.240429817365704e-16,2.783956910079396e-06
2_trans_1711.csv,1,1,1,0.9999999997475464,0.9999999997475464,1.7507054716557443e-33,2.2537031688117606e-21,2.52453508940312e-10
2_trans_1063.csv,1,1,1,1.0,1.0,7.736946326368176e-69,7.458643797298127e-42,5.210873512196521e-20
2_trans_1076.csv,1,1,1,1.0,1.0,1.2938145414494792e-53,7.614400764424399e-28,6.639147701479484e-18
2_trans_2231.csv,1,1,1,0.9999999033143177,0.9999999033143177,5.403913399418631e-41,9.69658632502894e-22,9.668568221654816e-08
2_trans_295.csv,4,4,1,0.6804028550855188,0.3195971442423056,2.3327866480849207e-10,4.388969875863848e-10,0.6804028550855188
2_trans_2594.csv,3,3,1,0.7857116444688746,0.00037337987658849024,3.815352179828203e-06,0.7857116444688746,0.213911160302357
2_trans_1937.csv,1,1,1,1.0,1.0,1.0878264627156106e-63,3.244653851239031e-26,1.339758641040662e-19
2_trans_1260.csv,1,1,1,0.9997744121002766,0.9997744121002766,3.4057612934059296e-24,1.7930837933787413e-08,0.00022556996888555206
2_trans_1506.csv,1,1,1,0.9999999886662304,0.9999999886662304,2.515908636371301e-49,9.373190658028958e-37,1.1333769563190139e-08
2_trans_2755.csv,1,1,1,0.999999985940784,0.999999985940784,5.235865738426268e-42,1.2740392999464368e-19,1.4059215986814708e-08
2_trans_2027.csv,1,1,1,0.9999999467352798,0.9999999467352798,7.158545555793826e-25,4.1445851935645335e-11,5.322327423461195e-08
2_trans_2966.csv,2,2,1,0.9899935616062047,1.680793254444857e-10,0.9899935616062047,1.0662751101807403e-09,0.010006437159440867
2_trans_2796.csv,1,1,1,0.7674465778193179,0.7674465778193179,5.144427430330346e-09,0.0006592640616285985,0.23189415297462607
2_trans_120.csv,1,1,1,1.0,1.0,1.0308698222311361e-66,1.219174957571889e-31,5.663511555453468e-21
2_trans_134.csv,1,1,1,0.9999999999999809,0.9999999999999809,6.21269868470269e-54,7.084143827764566e-36,1.908578195054891e-14
2_trans_2621.csv,1,1,1,0.9999999987893005,0.9999999987893005,1.748861403376768e-31,2.5428282419399795e-14,1.2106740882892097e-09
2_trans_2806.csv,2,2,1,0.9980428561758581,4.34593724136316e-12,0.9980428561758581,2.204598241552898e-12,0.0019571438175913225
2_trans_23.csv,4,4,1,0.8750183229556318,0.008853210902887631,8.904206378143153e-08,0.11612837709941692,0.8750183229556318
2_trans_1116.csv,1,1,1,0.9993525801158695,0.9993525801158695,1.2791189206512363e-13,6.935767665671217e-07,0.0006467263072360754
2_trans_2437.csv,1,1,1,0.9999999999999547,0.9999999999999547,9.103845915037942e-44,3.9003752412711067e-23,4.519970974918e-14
2_trans_2351.csv,1,1,1,0.9999915208165209,0.9999915208165209,7.92512721409867e-23,1.1062859179537434e-08,8.468120619879782e-06
2_trans_493.csv,4,4,1,0.9884266345892265,0.00982051873890604,0.0017528466648347545,7.03272040394141e-12,0.9884266345892265
2_trans_1857.csv,1,1,1,0.9999999915543346,0.9999999915543346,2.779513265029492e-41,1.802341366299565e-20,8.445665329217527e-09
2_trans_1603.csv,1,1,1,0.978497388696888,0.978497388696888,6.862176778661232e-10,1.5776109351787541e-06,0.021501033005959052
2_trans_1617.csv,1,1,1,0.9733631008991349,0.9733631008991349,1.1820069859422364e-08,6.531958428873903e-06,0.026630355322366326
2_trans_1171.csv,1,1,1,0.9999999957481849,0.9999999957481849,3.2873042570534366e-50,2.5716804028012965e-27,4.251815113841282e-09
2_trans_1159.csv,4,1,0,0.5306564915472887,0.5306564915472887,2.057643947840875e-08,2.735664464775225e-09,0.4693434851406074
2_trans_2450.csv,1,1,1,0.9999999999679052,0.9999999999679052,1.5101644881561157e-38,3.209455028637257e-11,1.4940941291109218e-16
2_trans_2444.csv,1,1,1,0.9995135980969336,0.9995135980969336,8.0275535355728135e-22,2.3576883712332382e-05,0.0004628250193539148
2_trans_190.csv,1,1,1,1.0,1.0,1.2336905440183065e-60,3.0891592476643075e-25,7.338213390811586e-17
2_trans_2875.csv,4,4,1,0.9724723794464486,7.564806252625522e-07,0.027526863629319255,4.436068249911272e-10,0.9724723794464486
2_trans_50.csv,4,4,1,0.7462023779221545,0.25378365968290806,1.0356441208095203e-08,1.3952038496193671e-05,0.7462023779221545
2_trans_2691.csv,1,1,1,0.9999999995747213,0.9999999995747213,3.0555566210752822e-24,1.972317531960618e-10,2.280469198591856e-10
2_trans_2685.csv,1,1,1,0.9999975533672826,0.9999975533672826,2.477308696437821e-32,2.1141639447754008e-10,2.4464213010284142e-06
2_trans_635.csv,1,1,1,0.9954201721687967,0.9954201721687967,1.43412640729238e-14,4.833348295455736e-06,0.004574994482893364
2_trans_147.csv,1,1,1,0.9999999999999998,0.9999999999999998,9.80100825186713e-53,9.149214422890167e-29,3.074051149124843e-16
2_trans_1429.csv,1,1,1,0.999998219060844,0.999998219060844,7.507138834283695e-20,4.7212572975085156e-15,1.780939151416895e-06
2_trans_2901.csv,2,4,0,0.5137211318481113,5.230416118763366e-09,0.4862788596856813,3.235791322457627e-09,0.5137211318481113
2_trans_966.csv,1,1,1,1.0,1.0,9.185315012677386e-67,9.573701943028431e-19,7.375833798301689e-24
2_trans_2929.csv,2,2,1,0.6517340701457043,4.811118164858892e-11,0.6517340701457043,2.443908871770004e-12,0.3482659298037405
2_trans_2097.csv,1,1,1,0.9998672966098074,0.9998672966098074,3.383074100831811e-30,0.00013269996038028017,3.4298121097730757e-09
2_trans_999.csv,1,1,1,0.9999997435902506,0.9999997435902506,9.071363305862297e-24,1.3430855102724241e-14,2.564097361588613e-07
2_trans_2726.csv,1,1,1,1.0,1.0,3.0846974280369655e-55,7.752119019187853e-17,6.925507457657216e-17
2_trans_2054.csv,1,1,1,0.999999999999936,0.999999999999936,5.409739755094823e-49,1.2262004423457447e-22,6.384654006468405e-14
2_trans_1944.csv,3,4,0,0.9416553052752642,0.0002521040645474045,0.0060176413153810926,0.052074949344807386,0.9416553052752642
2_trans_2518.csv,1,1,1,0.9999999976068876,0.9999999976068876,2.158015836603126e-42,3.9522728123618624e-29,2.3931124191743466e-09
2_trans_1011.csv,4,4,1,0.9985183153682965,0.0014816846317010502,2.4517693661204413e-15,3.765293130820335e-19,0.9985183153682965
2_trans_1005.csv,1,1,1,0.8154254770073056,0.8154254770073056,4.611552384576404e-15,1.8977473942626171e-10,0.18457452280291514
2_trans_1993.csv,1,1,1,0.9999999999997513,0.9999999999997513,8.212486516664977e-37,8.804374281421374e-16,2.4776821781570904e-13
2_trans_218.csv,1,1,1,0.9999987955177337,0.9999987955177337,6.015668139523401e-28,1.708182604614465e-15,1.204482264348498e-06
2_trans_1992.csv,1,1,1,0.9999999999418079,0.9999999999418079,7.829988991399882e-33,5.777179002975847e-11,4.204359156811987e-13
2_trans_2243.csv,1,1,1,0.9999999999995524,0.9999999999995524,3.120772603786298e-50,5.567250353616232e-31,4.4762561035749677e-13
2_trans_1762.csv,1,1,1,0.9999998307531515,0.9999998307531515,1.8840958790062275e-37,1.3392826823793085e-13,1.6924671458456968e-07
2_trans_1004.csv,3,3,1,0.9598697968134997,0.040123137377781434,3.572860423058385e-18,0.9598697968134997,7.065808718806266e-06
2_trans_1951.csv,1,1,1,0.9999999999455913,0.9999999999455913,6.657894178964451e-39,3.9869235088161286e-27,5.44087166258596e-11
2_trans_2055.csv,1,1,1,1.0,1.0,5.2376989700376264e-67,2.1448996654746467e-23,3.392089485566543e-20
2_trans_2041.csv,1,1,1,0.9999999636603574,0.9999999636603574,3.400138334608175e-31,4.1170502847828307e-16,3.6339642123345234e-08
2_trans_1206.csv,1,4,0,0.5789626500893555,0.4154915628068084,1.3328571671870138e-10,0.0055457869705504035,0.5789626500893555
2_trans_754.csv,1,1,1,0.999999999995117,0.999999999995117,8.319663852133305e-36,2.4549314182465257e-14,4.858305519188517e-12
2_trans_2069.csv,1,1,1,1.0,1.0,4.284045935251988e-62,2.211898047620417e-29,1.4698338889349426e-17
2_trans_740.csv,1,1,1,0.9999582576275401,0.9999582576275401,1.2535429559010922e-23,3.203382784946294e-05,9.708544610423313e-06
2_trans_998.csv,4,4,1,0.9961697277566071,0.00383026911767476,3.1256676897769084e-09,5.044388788390744e-14,0.9961697277566071
2_trans_973.csv,1,1,1,0.9999986118018731,0.9999986118018731,3.1913337970987936e-35,6.010132923504416e-14,1.3881980667566275e-06
2_trans_2082.csv,1,1,1,1.0,1.0,2.2069269923150327e-46,1.1084637375621473e-19,1.0197181666530004e-17
2_trans_967.csv,1,1,1,0.9999999989786823,0.9999999989786823,6.183755240050751e-35,2.681525557912818e-11,9.945023785889842e-10
2_trans_783.csv,3,3,1,0.9999629175779291,3.697342567688407e-05,2.0025606507874664e-15,0.9999629175779291,1.0899639208151583e-07
2_trans_2121.csv,1,1,1,1.0,1.0,1.458257681942947e-50,1.3824891456151664e-17,4.7270785884258356e-17
2_trans_2135.csv,1,1,1,1.0,1.0,2.6432226498098668e-76,1.322771734168106e-38,1.1028509248878628e-26
2_trans_608.csv,1,1,1,1.0,1.0,8.917945944656226e-64,5.819528522893354e-37,3.911089775356192e-19
2_trans_620.csv,1,1,1,1.0,1.0,1.442781782434457e-57,8.140771566550832e-26,5.510946052358755e-19
2_trans_79.csv,1,1,1,0.9989965785258743,0.9989965785258743,1.7752892014843273e-17,7.305427288202124e-13,0.0010034214733952488
2_trans_2848.csv,2,2,1,0.7650393980133906,7.434053571207732e-09,0.7650393980133906,2.0568161294673888e-10,0.23496059434687439
2_trans_51.csv,4,4,1,0.9987840626432279,0.0012134664205477226,2.470936223528053e-06,7.785532899480177e-16,0.9987840626432279
2_trans_45.csv,1,1,1,1.0,1.0,9.849652099133137e-61,3.562441565929468e-26,1.3601897773201143e-21
2_trans_2445.csv,1,1,1,0.9999999999999674,0.9999999999999674,1.1493296847707727e-49,1.7271406293444187e-25,3.2700348110111606e-14
2_trans_378.csv,1,1,1,0.9999931292988602,0.9999931292988602,2.801044872323005e-28,2.9106025694096705e-13,6.870700848671829e-06
2_trans_1158.csv,1,1,1,0.9999999999183034,0.9999999999183034,5.7147986663411096e-49,1.3784017029071497e-20,8.169660749169057e-11
2_trans_344.csv,1,1,1,0.9999994508837904,0.9999994508837904,9.517232646681737e-31,1.2828670368333784e-20,5.491162096990622e-07
2_trans_1170.csv,1,1,1,0.9996360722108434,0.9996360722108434,6.662424817589351e-24,0.000358303660763388,5.624128393180476e-06
2_trans_1825.csv,4,4,1,0.9497405450521977,5.559551149837747e-07,0.05025889075401829,8.238669090953493e-09,0.9497405450521977
2_trans_387.csv,1,1,1,0.999999999792347,0.999999999792347,3.904110503521971e-49,5.67520173995919e-24,2.0765303168329133e-10
2_trans_385.csv,1,1,1,0.9999999999999993,0.9999999999999993,4.961254541881181e-51,5.002074987074371e-26,6.300548983808525e-16
2_trans_1833.csv,1,1,1,0.9999999999946096,0.9999999999946096,2.252455879586896e-36,5.175072388655354e-12,2.1537515147821988e-13
2_trans_1199.csv,1,1,1,1.0,1.0,1.67727481672811e-68,3.861049578468969e-37,2.441791035203218e-19
2_trans_346.csv,1,1,1,0.9999999999960627,0.9999999999960627,2.254319712808485e-48,6.436391065757406e-24,3.937364963269195e-12
2_trans_420.csv,1,1,1,0.9999999519665187,0.9999999519665187,1.316486220986568e-50,3.0124393845850813e-27,4.803348130830269e-08
2_trans_2309.csv,1,1,1,1.0,1.0,1.8002166107131005e-61,2.0257443735783644e-20,6.79222161135649e-17
2_trans_805.csv,1,1,1,0.9999928183787472,0.9999928183787472,1.0080686835158434e-24,5.831691617847473e-10,7.181038083725369e-06
2_trans_2679.csv,1,1,1,0.9999999996933908,0.9999999996933908,3.5499424411183715e-49,2.038810446701268e-32,3.066092306616784e-10
2_trans_144.csv,1,1,1,0.9999999999901443,0.9999999999901443,8.24135977721925e-55,1.1813366611490741e-27,9.855598651352907e-12
2_trans_1370.csv,1,1,1,0.9999981406313891,0.9999981406313891,6.840507598113833e-26,4.965767891653889e-15,1.8593686060455276e-06
2_trans_150.csv,1,1,1,0.9999999999953872,0.9999999999953872,4.8518651543203126e-27,7.410847143406052e-17,4.612863421644607e-12
2_trans_636.csv,1,1,1,0.9999999999999718,0.9999999999999718,2.2976905374752675e-52,2.8911431275405345e-18,2.8102675317330683e-14
2_trans_2645.csv,1,1,1,0.9999999900208344,0.9999999900208344,2.5104279483886838e-36,2.553402856665712e-17,9.979165591290337e-09
2_trans_178.csv,1,1,1,0.9999999896794981,0.9999999896794981,5.00694811955157e-32,1.087154795182658e-20,1.0320501864045751e-08
2_trans_795.csv,1,1,1,0.9999985871431021,0.9999985871431021,1.3733461086288375e-18,1.516693745455961e-10,1.4127052284903096e-06
2_trans_2080.csv,1,1,1,0.9999999932201407,0.9999999932201407,2.0061463434171125e-39,6.779298844710251e-09,5.605258265033379e-13
2_trans_1562.csv,4,4,1,0.9198597683446843,0.08014023031074374,1.3445719676424483e-09,1.006331470771273e-22,0.9198597683446843
2_trans_1576.csv,1,1,1,0.999999999410025,0.999999999410025,5.7168161922401245e-49,7.135639412869958e-24,5.899749364701106e-10
2_trans_2731.csv,1,1,1,1.0,1.0,9.676073495810197e-64,2.3458514741801938e-23,5.8636810090159e-22
2_trans_232.csv,1,1,1,0.9999999999977773,0.9999999999977773,5.710579303476044e-42,2.215148485279853e-12,7.492449015994725e-15
2_trans_1990.csv,4,4,1,0.9999369797447648,6.301518730959495e-05,1.2821202301570713e-11,5.055104463768458e-09,0.9999369797447648
2_trans_1991.csv,1,1,1,0.9928230990515716,0.9928230990515716,1.1553377404759651e-12,0.007173224958563978,3.6759887090136127e-06
2_trans_2526.csv,1,1,1,0.9999999999735529,0.9999999999735529,8.843682767043582e-34,1.208857622266909e-18,2.6447170361017787e-11
2_trans_2532.csv,3,4,0,0.9989073029546937,9.776148853518618e-08,4.3587888457859645e-05,0.0010490113953600484,0.9989073029546937
2_trans_2254.csv,1,1,1,0.9999999999997113,0.9999999999997113,1.7616582666362798e-46,4.911590768495985e-34,2.887245923430251e-13
2_trans_227.csv,1,1,1,0.8574450020079317,0.8574450020079317,1.0603402259084562e-14,3.1357774698855215e-05,0.14252364021735878
2_trans_1007.csv,1,1,1,0.9999991916425004,0.9999991916425004,2.4283603153713407e-16,2.0145231591798663e-15,8.08357497347333e-07
2_trans_1761.csv,1,1,1,1.0,1.0,5.856348613266635e-49,2.0961132370779224e-17,1.0101973175911162e-16
2_trans_596.csv,1,1,1,0.9999996745000921,0.9999996745000921,3.812073741758206e-30,9.91954708525245e-13,3.254989158972809e-07
2_trans_757.csv,1,1,1,0.99999997820241,0.99999997820241,5.1727156161118066e-27,4.759115867230117e-16,2.1797589371701485e-08
2_trans_1205.csv,1,1,1,0.9999999999998053,0.9999999999998053,1.8233437510110244e-32,5.925934652803278e-19,1.948301654998817e-13
2_trans_1588.csv,1,1,1,0.9999999955509238,0.9999999955509238,2.306784978824919e-34,4.442209793192521e-09,6.8665428889852274e-12
2_trans_780.csv,1,1,1,0.9999991853080727,0.9999991853080727,1.3777696161661428e-26,3.815108666803155e-11,8.146537763000195e-07
2_trans_2917.csv,2,2,1,0.98001787290753,1.503382394458065e-09,0.98001787290753,3.7426367380859224e-09,0.019982121846450814
2_trans_2650.csv,1,1,1,0.9775291893834397,0.9775291893834397,7.242698621389887e-23,0.022470668380187474,1.4223637274565293e-07
2_trans_2136.csv,1,1,1,1.0,1.0,1.1790326111916397e-45,1.404814609305497e-20,4.522796042266843e-18
2_trans_179.csv,3,3,1,0.9974536900866348,0.0025448898333812757,6.225001235548649e-12,0.9974536900866348,1.4200737588293283e-06
2_trans_1403.csv,1,1,1,0.9999999992675375,0.9999999992675375,2.5992933012201937e-40,4.64356840191875e-20,7.3246244048235e-10
2_trans_91.csv,1,1,1,1.0,1.0,1.3871784470546808e-61,7.5382783565055e-25,1.1752619452465224e-17
2_trans_145.csv,1,1,1,1.0,1.0,3.3775802909060954e-69,5.40339032281207e-26,5.953684251411433e-21
2_trans_2693.csv,1,1,1,0.9999999997774485,0.9999999997774485,2.665104614190204e-49,1.6719644857558583e-33,2.2255159440219194e-10
2_trans_804.csv,1,1,1,0.999999999999654,0.999999999999654,7.488453515768041e-35,8.044744237539727e-17,3.4601990018414797e-13
2_trans_2687.csv,1,1,1,0.9999999999537343,0.9999999999537343,1.1652856826417544e-39,8.53824392546039e-17,4.62656871051513e-11
2_trans_192.csv,1,1,1,0.9897951726681137,0.9897951726681137,4.029550455463147e-19,1.5936217401680327e-09,0.01020482573826458
2_trans_435.csv,1,1,1,1.0,1.0,3.6614685692128773e-59,1.240886115490924e-25,2.714373206982389e-17
2_trans_2308.csv,1,1,1,1.0,1.0,1.2665884355492338e-63,3.339495845344475e-24,5.0621222462503486e-20
2_trans_353.csv,1,1,1,0.9999999982313452,0.9999999982313452,1.0111900321758945e-28,3.280446611100629e-20,1.7686547667135622e-09
2_trans_347.csv,1,1,1,0.9999999999999998,0.9999999999999998,1.892955302207989e-56,3.2007863548908353e-21,1.9113448119622547e-16
2_trans_1826.csv,1,1,1,0.9999999999985898,0.9999999999985898,2.8357962475683176e-46,1.4095779715989294e-12,5.901425317525508e-16
2_trans_1832.csv,1,1,1,0.9999999999996694,0.9999999999996694,2.5351882311915888e-39,1.9005887082333543e-27,3.306948274521339e-13
2_trans_2481.csv,1,1,1,0.9999998994065603,0.9999998994065603,4.395842506746321e-34,9.868973138861134e-08,1.903708408413388e-09
2_trans_394.csv,1,1,1,0.9999999999999996,0.9999999999999996,1.3468274626073375e-48,4.1715960180782216e-16,1.3735918601141807e-18
2_trans_2442.csv,1,1,1,0.9999997197106671,0.9999997197106671,3.491925287082992e-24,2.7951645962214975e-07,7.728733528837736e-10
2_trans_2318.csv,1,1,1,0.9999998068281208,0.9999998068281208,7.3141955657005e-19,5.582649725251283e-08,1.3734538186199244e-07
2_trans_357.csv,1,1,1,0.9999999999999998,0.9999999999999998,1.8405750655663438e-51,2.0154156727306923e-18,1.5991679180323042e-16
2_trans_1163.csv,1,1,1,0.9999999999999998,0.9999999999999998,3.4159191607082416e-55,2.0594294290027503e-21,2.1766110814905927e-16
2_trans_182.csv,1,1,1,1.0,1.0,3.519284017368954e-63,1.4464589108789956e-43,1.0696699348339273e-20
2_trans_196.csv,1,1,1,0.9999738878442862,0.9999738878442862,9.547899832668246e-37,2.6112148849833792e-05,6.863929932309549e-12
2_trans_2640.csv,1,1,1,1.0,1.0,3.3266798498265266e-63,4.923179375387599e-21,3.897808859937364e-22
2_trans_2126.csv,1,1,1,0.9999997918159191,0.9999997918159191,2.9207340224366604e-23,7.899888616588027e-11,2.081050819804583e-07
2_trans_141.csv,4,4,1,0.9965438336423713,0.003456166019319401,3.320435243687353e-10,6.265662584365466e-12,0.9965438336423713
2_trans_1407.csv,4,4,1,0.5979662153574332,0.21924730574006226,1.8096069838578445e-14,0.18278647890248648,0.5979662153574332
2_trans_81.csv,4,4,1,0.9959341945220627,0.0001174858106887758,0.003948314535819787,5.131428774562487e-09,0.9959341945220627
2_trans_155.csv,3,3,1,0.9999997965184432,2.0348155356901126e-07,1.837627445361842e-20,0.9999997965184432,3.253346645322246e-15
2_trans_2091.csv,1,1,1,0.9999986232921392,0.9999986232921392,1.8866983307990238e-30,6.465155379151502e-17,1.3767078609501467e-06
2_trans_974.csv,1,1,1,0.9999999999999987,0.9999999999999987,9.921522363903468e-55,3.202995858213793e-22,1.283078581112061e-15
2_trans_2085.csv,1,1,1,0.9999999999998377,0.9999999999998377,5.506464649289515e-42,1.471271386303727e-20,1.6236468561900954e-13
2_trans_2913.csv,4,4,1,0.9225272876180378,0.0002625830727046429,0.0772092158836485,9.134256090126536e-07,0.9225272876180378
2_trans_948.csv,1,1,1,0.9998601431915592,0.9998601431915592,6.273747986635642e-22,0.00013857247752723623,1.2843309134791373e-06
2_trans_784.csv,1,1,1,0.9999999999999891,0.9999999999999891,5.392631663942104e-46,2.4004205154502045e-21,1.0927426368115566e-14
2_trans_2734.csv,4,4,1,0.9999837799441065,1.622005587611677e-05,2.983660781810998e-15,1.4326738586794545e-14,0.9999837799441065
2_trans_2708.csv,1,1,1,0.978218608710572,0.978218608710572,1.8076277642751918e-21,4.073333898567512e-12,0.02178139128535473
2_trans_1215.csv,1,1,1,0.9999999999999996,0.9999999999999996,3.220444541975638e-52,4.062340791446312e-23,3.769738254469253e-16
2_trans_2293.csv,1,1,1,1.0,1.0,1.4734691398171294e-53,6.05368035421743e-24,1.752846784221124e-17
2_trans_1956.csv,1,1,1,0.9999996673806256,0.9999996673806256,6.675459685144491e-32,1.3222433470993233e-17,3.3261937446675166e-07
2_trans_586.csv,1,1,1,1.0,1.0,1.977070944621111e-65,4.924749206277781e-27,5.0254940633544643e-23
2_trans_2522.csv,4,4,1,0.9995477236359516,0.0004522763585052796,6.647725137690901e-16,5.542574984507173e-12,0.9995477236359516
2_trans_1995.csv,1,1,1,0.9996877574958506,0.9996877574958506,1.1543483679290334e-26,0.00031224137712463436,1.1270247454810387e-09
2_trans_1003.csv,1,1,1,1.0,1.0,2.9127823262364075e-64,1.5444786906756934e-33,5.678183925570661e-20
2_trans_1771.csv,1,1,1,0.9999999395274811,0.9999999395274811,3.19245110507065e-41,3.76729222984549e-25,6.047251879873676e-08
2_trans_2278.csv,4,4,1,0.9972215706513518,0.0027459708044065612,3.245385389052757e-05,4.690351064429403e-09,0.9972215706513518
2_trans_550.csv,1,1,1,0.965728087019442,0.965728087019442,9.963789448795466e-10,1.2433063267163373e-09,0.034271910740872595
2_trans_1994.csv,1,1,1,0.9996416860315496,0.9996416860315496,1.0788327215718655e-16,9.602361665105361e-09,0.0003583043660887998
2_trans_578.csv,1,1,1,0.8027418096573852,0.8027418096573852,3.253069348151719e-06,0.05773739876174839,0.1395175385115183
2_trans_2251.csv,3,1,0,0.5058299033884189,0.5058299033884189,0.00012942358486491018,0.159228702054428,0.33481197097228815
2_trans_1980.csv,1,1,1,0.9999999993414384,0.9999999993414384,1.6841903223650844e-33,3.9409079231371575e-11,6.191525288943544e-10
2_trans_1758.csv,1,1,1,0.9999958675882873,0.9999958675882873,2.2935290129988362e-29,4.132389587329021e-06,2.2125306557553802e-11
2_trans_2537.csv,1,1,1,0.9990591795158454,0.9990591795158454,3.712347847093602e-38,0.0009408204793213962,4.833117768183934e-12
2_trans_593.csv,1,1,1,1.0,1.0,5.539525050812929e-52,6.68881835875031e-22,4.091152205130942e-17
2_trans_752.csv,4,4,1,0.9907328682808215,0.009260670335324185,7.2237982427517295e-12,6.4613766304775e-06,0.9907328682808215
2_trans_2053.csv,1,1,1,0.9999900054743288,0.9999900054743288,2.5315087460782272e-31,5.592172660613225e-21,9.994525671132774e-06
2_trans_785.csv,1,1,1,0.9999971913195019,0.9999971913195019,1.2675121430961722e-35,1.1516207380885059e-36,2.8086804979972824e-06
2_trans_2912.csv,2,2,1,0.975459635996568,1.9672969541425106e-10,0.975459635996568,1.2477400819797142e-10,0.024540363681928246
2_trans_2084.csv,1,3,0,0.9834380619579871,0.016561937736901386,2.0496902532535502e-20,0.9834380619579871,3.051114212368307e-10
2_trans_1406.csv,3,3,1,0.9707886121729511,0.029211191552104478,2.042324713855814e-21,0.9707886121729511,1.9627494451249923e-07
2_trans_154.csv,1,1,1,0.9999999998223241,0.9999999998223241,8.301570426923086e-56,2.5654650351331174e-36,1.7767583050043653e-10
2_trans_626.csv,1,1,1,0.9999877550839524,0.9999877550839524,8.2190105212356765e-22,4.0581943905785506e-11,1.2244875465599778e-05
2_trans_94.csv,1,1,1,1.0,1.0,3.2508299875855754e-48,3.266325134553429e-25,1.3728869289184679e-17
2_trans_2133.csv,1,1,1,0.9999999999999476,0.9999999999999476,9.973277973074569e-48,1.6643666072847837e-32,5.244719135723727e-14
2_trans_2655.csv,1,1,1,0.9396354076885178,0.9396354076885178,1.2478961274310568e-25,0.06036456844452544,2.3866956922642503e-08
2_trans_2899.csv,2,2,1,0.9056833340229974,9.075784705371992e-10,0.9056833340229974,3.6346241698210053e-11,0.094316665033078
2_trans_829.csv,1,1,1,0.9999999998744469,0.9999999998744469,4.147894836013317e-44,9.599639609871499e-26,1.2555307272154116e-10
2_trans_43.csv,1,1,1,0.9999999999999947,0.9999999999999947,5.971715416410614e-60,1.3436729256687142e-32,5.32955681778118e-15
2_trans_197.csv,1,1,1,0.9999999999999998,0.9999999999999998,2.8118539830356724e-63,2.9482445964789626e-21,2.2346239035223813e-16
2_trans_2696.csv,1,1,1,0.9999999999999951,0.9999999999999951,1.077760959816507e-56,1.7388148433416667e-15,3.1764703475004517e-15
2_trans_1604.csv,1,1,1,0.9999999999754898,0.9999999999754898,1.247365327521315e-28,2.4383550662510163e-11,1.2659410801100552e-13
2_trans_424.csv,1,1,1,1.0,1.0,6.629577869988545e-70,9.71633021384423e-37,2.138937548155926e-19
2_trans_2319.csv,1,1,1,0.9999999999986309,0.9999999999986309,3.729732614920747e-51,4.3297857615230014e-31,1.369023190268414e-12
2_trans_342.csv,1,1,1,0.9999999999999976,0.9999999999999976,2.1246502150721377e-52,2.2534286724318592e-15,1.8741322226827089e-16
2_trans_418.csv,1,1,1,0.9847362666954049,0.9847362666954049,3.0423129149231187e-16,5.982934014712244e-19,0.015263733304594818
2_trans_1823.csv,1,1,1,1.0,1.0,2.7650593687550406e-59,8.168641569679508e-23,1.2082163219154473e-18
2_trans_2480.csv,4,4,1,0.9965331432804527,0.002133108612733966,0.001316241862501316,1.7506244312082238e-05,0.9965331432804527
2_trans_1189.csv,1,1,1,0.9999999999999845,0.9999999999999845,8.909409098908709e-48,3.3581950732047112e-34,1.5466128845517037e-14
2_trans_1821.csv,1,1,1,1.0,1.0,1.1976467552437855e-63,9.887436062020876e-34,6.535534114197714e-18
2_trans_2482.csv,1,1,1,0.9999999999951632,0.9999999999951632,3.272153165866489e-45,1.4074611033946406e-25,4.836884910075198e-12
2_trans_397.csv,1,1,1,0.9999999999999816,0.9999999999999816,9.012819183595496e-56,2.921395517455092e-25,1.8438702204573893e-14
2_trans_2455.csv,1,1,1,0.9999999999994502,0.9999999999994502,9.12386739206582e-50,1.673946322238404e-34,5.497600517375492e-13
2_trans_1160.csv,1,1,1,0.9999999999999922,0.9999999999999922,6.178348816504314e-48,1.8448256945822093e-16,7.44353946822163e-15
2_trans_426.csv,1,1,1,1.0,1.0,4.0043132992076253e-63,5.603347665797925e-29,1.8025363814527475e-17
2_trans_69.csv,4,1,0,0.8748435716821076,0.8748435716821076,1.5728579971374732e-21,1.359611789644051e-11,0.12515642830429638
2_trans_803.csv,1,1,1,0.9999999999997558,0.9999999999997558,1.254730070574988e-55,3.835290291251707e-24,2.443022512944289e-13
2_trans_2680.csv,1,1,1,0.9999999999163083,0.9999999999163083,1.1117057278188223e-35,4.0000008364339876e-25,8.369170813939058e-11
2_trans_2870.csv,2,2,1,0.9804331578859521,5.814853693426779e-10,0.9804331578859521,1.2041312167047428e-08,0.0195668294912505
2_trans_195.csv,1,1,1,0.9999999994978124,0.9999999994978124,6.96136801639362e-44,4.974274150383346e-10,4.7602236557463815e-12
2_trans_2125.csv,1,1,1,0.9999999997344262,0.9999999997344262,3.0084898999435578e-30,1.6345914610277421e-15,2.6557233481687245e-10
2_trans_1362.csv,1,1,1,0.9999985157875428,0.9999985157875428,2.3553426176753995e-32,1.4841653310428688e-06,4.712612376874112e-11
2_trans_156.csv,1,1,1,0.8428601948732948,0.8428601948732948,1.9285586443806447e-09,0.15702203045380164,0.0001177727443449545
2_trans_82.csv,1,1,1,0.9999999999999989,0.9999999999999989,1.159007759938748e-57,1.83719703392029e-23,1.0519424845581953e-15
2_trans_1376.csv,1,1,1,0.9999999983067147,0.9999999983067147,2.304984879863901e-47,1.7963614408208978e-25,1.6932853278098962e-09
2_trans_977.csv,1,1,1,0.9999502447384012,0.9999502447384012,8.805785929642376e-20,5.709544320139e-09,4.974955205434328e-05
2_trans_787.csv,1,1,1,0.911594671546242,0.911594671546242,1.9419074167008136e-23,1.2802424654325815e-14,0.08840532845374527
2_trans_1216.csv,1,1,1,1.0,1.0,2.556382857581266e-57,2.4747538998698025e-26,3.926297457337419e-18
2_trans_1564.csv,1,1,1,0.9999994723646219,0.9999994723646219,8.434922450140046e-27,6.466222251693869e-20,5.27635378051075e-07
2_trans_750.csv,1,1,1,0.999999999999996,0.999999999999996,1.546250642898367e-53,1.1886377078760175e-24,4.08026496772252e-15
2_trans_2290.csv,1,1,1,0.9999999981651868,0.9999999981651868,2.6319478661259212e-36,4.737017881850736e-12,1.8300761192122168e-09
2_trans_1799.csv,1,1,1,0.9999999999999951,0.9999999999999951,3.732351445628281e-55,1.41747838429677e-28,4.796238918607122e-15
2_trans_591.csv,1,1,1,0.9999999999697946,0.9999999999697946,1.021419974829909e-39,1.3346930231285568e-11,1.685861439994003e-11
2_trans_1014.csv,1,1,1,1.0,1.0,7.743407865376454e-74,8.273726615116623e-46,2.124264926049838e-22
2_trans_1767.csv,1,1,1,0.9999999999999982,0.9999999999999982,2.5065272336325683e-45,3.848705507704344e-22,1.7398580383713513e-15
2_trans_547.csv,1,1,1,0.9999999999883327,0.9999999999883327,2.842028641260573e-37,1.156627165665601e-11,1.009280810119031e-13
2_trans_1773.csv,1,1,1,0.9999999295142655,0.9999999295142655,2.892855461002632e-37,7.048436569659235e-08,1.3689787794243704e-12
2_trans_221.csv,1,1,1,0.9999999999823637,0.9999999999823637,3.8994292423679476e-39,1.7595800842712697e-11,4.0702822506860824e-14
2_trans_209.csv,1,1,1,0.9999976591079927,0.9999976591079927,1.4418365750048775e-36,2.3412106291765523e-12,2.3408896660556394e-06
2_trans_1997.csv,1,1,1,0.9999049473494036,0.9999049473494036,8.982653396872551e-22,1.9656752790864062e-23,9.505265059650032e-05
2_trans_590.csv,1,1,1,0.9947097663144437,0.9947097663144437,1.9415369697308153e-25,1.2560327131515524e-11,0.005290233672995913
2_trans_1954.csv,1,1,1,0.9946787717349411,0.9946787717349411,8.308903508828349e-25,3.046082709498866e-27,0.00532122826505884
2_trans_1565.csv,3,3,1,0.9955453043366328,0.003992306252026384,8.601320178281306e-08,0.9955453043366328,0.00046230339813897877
2_trans_1217.csv,1,1,1,0.9999999999999811,0.9999999999999811,1.1571867148803324e-46,8.426369705487715e-15,1.0516585837976655e-14
2_trans_745.csv,1,1,1,0.9998561245880822,0.9998561245880822,5.966126232211251e-15,2.40883057573494e-06,0.00014146658133612768
2_trans_2078.csv,1,1,1,1.0,1.0,1.0571676070459577e-60,3.9604047748310005e-29,2.8302499830379375e-18
2_trans_2911.csv,2,2,1,0.9759412777428875,6.5666952161701e-13,0.9759412777428875,6.026910661093353e-13,0.024058722255853166
2_trans_2905.csv,2,4,0,0.5636842829517076,3.089585212344706e-05,0.43628428007614345,5.411200255247296e-07,0.5636842829517076
2_trans_786.csv,1,1,1,0.9999999999883475,0.9999999999883475,1.5700018685080384e-47,2.5011046372139314e-22,1.1652394864192157e-11
2_trans_625.csv,1,1,1,0.9999999999988265,0.9999999999988265,1.9289114380970333e-54,6.670453854875737e-31,1.1736152967011857e-12
2_trans_97.csv,1,1,1,1.0,1.0,2.8224172229937614e-69,2.7446589826369867e-34,5.767175054569032e-22
2_trans_143.csv,1,1,1,0.9923690316215376,0.9923690316215376,1.9192669342088798e-28,2.0623413227011649e-16,0.007630968378462237
2_trans_2642.csv,1,1,1,0.9999999999987772,0.9999999999987772,1.3114701683566913e-47,5.34796605183714e-20,1.2228100532381004e-12
2_trans_180.csv,1,1,1,0.9999984122423929,0.9999984122423929,4.669962889715361e-26,3.3916508835362646e-22,1.5877576071514124e-06
2_trans_2871.csv,4,2,0,0.5560487687110763,0.0007642963772404915,0.5560487687110763,6.445856793262571e-06,0.4431804890548898
2_trans_2681.csv,1,1,1,1.0,1.0,9.840527500289649e-56,5.11560793445419e-30,3.890772271645959e-18
2_trans_1613.csv,1,1,1,1.0,1.0,8.19874892433542e-63,1.8557047159319807e-27,2.4129749374796185e-19
2_trans_427.csv,1,1,1,0.9999788879918303,0.9999788879918303,5.844322632960328e-29,1.0528283759971734e-16,2.111200816961552e-05
2_trans_2468.csv,1,1,1,0.9999999890531238,0.9999999890531238,6.430833692122358e-32,4.856944738503748e-12,1.0942019170201833e-08
2_trans_2332.csv,1,1,1,0.9999999914770096,0.9999999914770096,1.7135288588982896e-44,2.333499559153398e-26,8.522990445638481e-09
2_trans_2454.csv,1,1,1,0.9998505671836744,0.9998505671836744,6.496895367103032e-27,2.1845356718386146e-20,0.00014943281632563265
2_trans_382.csv,1,1,1,0.9995270919638112,0.9995270919638112,1.0097027051500461e-28,5.52477160623707e-21,0.00047290803618889023
2_trans_396.csv,1,1,1,0.9999999999999789,0.9999999999999789,5.160861011964205e-59,3.1333218325328346e-25,2.113825192729415e-14
2_trans_2483.csv,1,1,1,0.9999999999999936,0.9999999999999936,6.598253262010869e-57,1.944786470238966e-42,6.493794396299482e-15
2_trans_1834.csv,4,4,1,0.7716006668613894,0.22839933213990177,2.128149821417091e-18,9.98708774899623e-10,0.7716006668613894
2_trans_1820.csv,1,1,1,0.9999999999998763,0.9999999999998763,3.72551946681739e-46,1.203108714266031e-13,3.426951716057869e-15
2_trans_1811.csv,1,1,1,0.9558995614124873,0.9558995614124873,2.2614309288138978e-09,3.2251982744278384e-05,0.04406818434333769
2_trans_370.csv,1,4,0,0.9138632506819538,0.08613674931804521,5.132674302818618e-16,3.854347897713186e-16,0.9138632506819538
2_trans_1636.csv,1,1,1,0.9999984010616823,0.9999984010616823,1.094819858852698e-31,4.2068301817248787e-26,1.5989383177684603e-06
2_trans_1178.csv,1,1,1,0.9999999999731726,0.9999999999731726,3.4550936947292108e-37,2.0814727129604137e-11,6.012713521496349e-12
2_trans_2698.csv,1,1,1,0.9999999867336582,0.9999999867336582,1.8357125212237995e-27,2.319387839712076e-21,1.326634175667649e-08
2_trans_1391.csv,1,1,1,0.9999999946076585,0.9999999946076585,4.8476922639244433e-29,2.742092148307531e-15,5.392338671439234e-09
2_trans_71.csv,1,1,1,0.999999999992691,0.999999999992691,1.7921528082197606e-41,1.5801585008899404e-19,7.309070075631905e-12
2_trans_59.csv,1,1,1,0.9999999999999896,0.9999999999999896,6.662179044343595e-57,3.7115846483033708e-31,1.0362790781611295e-14
2_trans_833.csv,1,1,1,0.9941832241877621,0.9941832241877621,1.0116336054562848e-21,0.005790180042420555,2.6595769817481268e-05
2_trans_2868.csv,4,4,1,0.9845410894145391,1.4987441407998938e-06,0.015457401571459197,1.0269860840291088e-08,0.9845410894145391
2_trans_199.csv,1,1,1,0.9999999999999993,0.9999999999999993,7.460761350676849e-51,1.6539911882281038e-23,5.970063752285576e-16
2_trans_172.csv,1,1,1,0.9999999999923603,0.9999999999923603,3.920752593291074e-36,7.636653055795034e-12,3.144241994144123e-15
2_trans_628.csv,1,1,1,0.9999999640552852,0.9999999640552852,1.495546031339708e-31,3.559246028850651e-18,3.594471481725716e-08
2_trans_2115.csv,1,1,1,0.9999999999996805,0.9999999999996805,2.7790866170873688e-56,1.5887706775458754e-21,3.194377174762254e-13
2_trans_2101.csv,1,1,1,0.9999999999434652,0.9999999999434652,1.8999476860207338e-38,5.292641457760536e-12,5.124216615865624e-11
2_trans_2934.csv,2,2,1,0.9951773128744078,2.4695354494838553e-13,0.9951773128744078,8.76544678499542e-15,0.0048226871253362205
2_trans_1554.csv,1,1,1,0.9999999998426823,0.9999999998426823,4.667007138540722e-39,2.6127833756114957e-21,1.57317782392241e-10
2_trans_1226.csv,1,1,1,0.9999999999999996,0.9999999999999996,5.380816440901784e-52,2.3623065559980916e-20,5.53957914479437e-16
2_trans_2049.csv,1,1,1,0.961616782086616,0.961616782086616,5.987514321818243e-17,0.038383110179902896,1.0773348111839514e-07
2_trans_2061.csv,1,1,1,0.9475424227128404,0.9475424227128404,6.230237377399854e-08,1.776856804931448e-07,0.052457337299105344
2_trans_1568.csv,1,1,1,0.9999702861197056,0.9999702861197056,1.652540016332512e-20,2.957596087894305e-05,1.379194153789909e-07
2_trans_990.csv,1,1,1,0.9999999999999474,0.9999999999999474,1.0299963737903325e-35,5.288689517769907e-16,5.221532421220671e-14
2_trans_1959.csv,1,1,1,0.9202129577100066,0.9202129577100066,3.368874373063186e-14,2.3109088100012134e-05,0.07976393320185964
2_trans_204.csv,1,1,1,0.9999999999999387,0.9999999999999387,1.03299084761951e-55,7.63774530420428e-32,6.126788580660131e-14
2_trans_562.csv,1,1,1,0.9999999991099029,0.9999999991099029,5.6428259440769935e-39,2.3751133271452256e-24,8.900971302333991e-10
2_trans_576.csv,1,1,1,0.9999999999999583,0.9999999999999583,9.093570349785591e-41,5.074457005436832e-19,4.17360396487303e-14
2_trans_1024.csv,1,1,1,0.9999999999999807,0.9999999999999807,5.084971870156987e-53,5.646053923310288e-30,1.9310574729770143e-14
2_trans_2511.csv,1,1,1,0.9999983219607312,0.9999983219607312,5.553795483541695e-34,8.212190846483583e-18,1.6780392686995296e-06
2_trans_2276.csv,1,1,1,0.9999999999667475,0.9999999999667475,3.224530003528099e-54,5.062272826460738e-22,3.325248676882388e-11
2_trans_2510.csv,1,1,1,0.9997902427383877,0.9997902427383877,3.7305666384098512e-25,2.492143705366981e-19,0.00020975726161222755
2_trans_1743.csv,1,1,1,1.0,1.0,4.235880215854856e-61,3.459077020546016e-28,6.621456553503138e-24
2_trans_1025.csv,1,1,1,1.0,1.0,5.1337583099004447e-64,2.64489775016366e-35,6.011548333364726e-20
2_trans_211.csv,1,1,1,0.9999999999822526,0.9999999999822526,1.0477592527938844e-35,2.7570977379845138e-17,1.7747259504542144e-11
2_trans_205.csv,3,3,1,0.9999395347480697,5.94400692536883e-05,2.8264371200060395e-20,0.9999395347480697,1.0251826766798524e-06
2_trans_1757.csv,1,1,1,0.9999995880145495,0.9999995880145495,1.2393853447346457e-34,1.2680794573072472e-21,4.1198545064672404e-07
2_trans_563.csv,4,4,1,0.9998831599359156,0.0001160287312459182,8.057688679436812e-07,5.563970466803001e-09,0.9998831599359156
2_trans_588.csv,1,1,1,0.9999947889149309,0.9999947889149309,7.040959035662048e-25,9.170432281188342e-10,5.210168025853513e-06
2_trans_1964.csv,3,3,1,0.9060244356101944,0.0007082349595972318,3.5126604800939704e-08,0.9060244356101944,0.09326729430360373
2_trans_749.csv,3,3,1,0.9982341826299241,0.0006287945784038531,2.897122135572792e-08,0.9982341826299241,0.0011369938204506627
2_trans_2074.csv,1,1,1,1.0,1.0,1.5878925506985093e-42,1.5382148720830748e-17,1.5646164038907268e-18
2_trans_991.csv,1,1,1,0.9999999999963249,0.9999999999963249,3.586095644598293e-52,3.675090833379149e-12,1.6515374610958763e-19
2_trans_2060.csv,1,1,1,0.8558058307360757,0.8558058307360757,6.220548493481966e-15,1.5457759592735121e-12,0.1441941692623721
2_trans_985.csv,1,1,1,0.9999991983036466,0.9999991983036466,9.344618722450443e-19,7.956208684684534e-07,6.075485038175518e-09
2_trans_1555.csv,1,1,1,0.9680300080237744,0.9680300080237744,1.25960007210811e-18,3.061092472732252e-10,0.03196999167011637
2_trans_2909.csv,2,2,1,0.7888424755532363,4.196158092732727e-08,0.7888424755532363,4.803810052329098e-09,0.21115747768137283
2_trans_2935.csv,4,4,1,0.9140203724410245,1.585456077966411e-06,0.08597685012180023,1.1919810974259256e-06,0.9140203724410245
2_trans_1582.csv,1,1,1,0.9999999701997913,0.9999999701997913,2.078110028725019e-25,1.0455652808194382e-09,2.875464340879741e-08
2_trans_2921.csv,4,2,0,0.6675333698035958,1.9056895633129592e-09,0.6675333698035958,3.268079893089305e-11,0.33246662825803397
2_trans_629.csv,1,1,1,0.9999999912957703,0.9999999912957703,2.878448244811448e-33,1.5727456049204814e-10,8.546955024823408e-09
2_trans_2672.csv,1,1,1,0.8964680957304086,0.8964680957304086,2.049022083055484e-12,1.921862904426848e-05,0.10351268563849816
2_trans_167.csv,1,1,1,0.9989773843537607,0.9989773843537607,5.130681486161515e-18,4.4340125734245833e-13,0.001022615645795948
2_trans_1353.csv,1,1,1,1.0,1.0,2.733206831700221e-62,7.282091037810174e-26,6.204093898111745e-20
2_trans_1435.csv,1,1,1,1.0,1.0,7.000468949712913e-59,2.2222584780755713e-26,6.4901869251542905e-19
2_trans_2896.csv,2,2,1,0.7602846464281042,2.383040379179946e-05,0.7602846464281042,1.9145964341869243e-06,0.2396896085716698
2_trans_70.csv,4,4,1,0.9830867784849626,0.015577427777244763,3.8880214072569055e-08,0.0013357548575786394,0.9830867784849626
2_trans_2464.csv,4,4,1,0.9261086854261679,0.07308582642275634,1.48398801193789e-09,0.0008054866670877786,0.9261086854261679
2_trans_359.csv,1,1,1,0.9885310573723751,0.9885310573723751,8.752957497065362e-23,0.011468939881943562,2.7456814987473467e-09
2_trans_1637.csv,1,1,1,0.9999999999999374,0.9999999999999374,1.526080659244904e-48,1.6455830877313756e-24,6.252185942295375e-14
2_trans_371.csv,1,1,1,0.9999999999999964,0.9999999999999964,3.693206722725921e-50,7.670927126844513e-29,3.5473054162021365e-15
2_trans_1145.csv,1,1,1,0.9999999999957787,0.9999999999957787,3.550608414749123e-43,9.361107511211751e-35,4.221308041610239e-12
2_trans_1623.csv,1,1,1,0.9028432793551473,0.9028432793551473,3.1260018419975094e-24,0.09715672064322316,1.6295763318191351e-12
2_trans_417.csv,1,1,1,0.9999999999999836,0.9999999999999836,5.7154499964125863e-42,8.804538172996558e-18,1.6459344541477497e-14
2_trans_1810.csv,1,1,1,0.9999982640812217,0.9999982640812217,2.3654796268556293e-20,3.2232559368411306e-08,1.7036862190342146e-06
2_trans_1192.csv,1,1,1,0.9961589729474472,0.9961589729474472,1.7367566179184254e-21,3.8914113187758776e-19,0.0038410270525528027
2_trans_1186.csv,1,1,1,0.9999999758972781,0.9999999758972781,3.703896992580304e-20,1.6602854385989217e-09,2.2442436426256705e-08
2_trans_1838.csv,1,1,1,0.9999979202918703,0.9999979202918703,6.836033820159963e-38,2.577172097110008e-28,2.0797081296716306e-06
2_trans_2328.csv,1,1,1,0.9997449257049916,0.9997449257049916,4.761328422638067e-22,8.042369317241493e-09,0.0002550662526390419
2_trans_415.csv,1,1,1,0.9999999999999964,0.9999999999999964,7.548735206549194e-44,2.6019778359538836e-15,9.986609423372037e-16
2_trans_1386.csv,1,1,1,0.9999986640054174,0.9999986640054174,5.631021648750394e-26,8.626780423336897e-14,1.335994496187115e-06
2_trans_66.csv,4,4,1,0.8080348437769352,0.19196511933231097,7.645003522025933e-18,3.68907537297336e-08,0.8080348437769352
2_trans_830.csv,1,1,1,0.9999999872930142,0.9999999872930142,7.614695541380513e-37,5.577302311024415e-12,1.2701408525533746e-08
2_trans_603.csv,1,1,1,0.9999524230454572,0.9999524230454572,7.339085422065e-24,4.745797130480661e-05,1.1898323798916015e-07
2_trans_1423.csv,1,1,1,0.9469100524534997,0.9469100524534997,5.817183816840744e-11,0.05058513734584127,0.002504810142487132
2_trans_617.csv,1,1,1,0.9999999999995555,0.9999999999995555,1.263339616556031e-49,5.574393904565697e-28,4.4458189612347854e-13
2_trans_2102.csv,1,1,1,0.9999999999997524,0.9999999999997524,5.819404327410465e-46,3.8323638043490705e-20,2.476710867172406e-13
2_trans_159.csv,1,1,1,0.9999999997606099,0.9999999997606099,6.628043293593415e-34,5.495185505832818e-25,2.393900943650011e-10
2_trans_2116.csv,1,1,1,0.9999999999999987,0.9999999999999987,3.744979056143198e-54,2.763931871225966e-22,1.418431181481211e-15
2_trans_1580.csv,1,1,1,0.9999740356847988,0.9999740356847988,4.5490887371618423e-20,1.9497832548295847e-07,2.5769336875680048e-05
2_trans_1594.csv,1,1,1,1.0,1.0,2.2160530603249085e-64,6.734533280409526e-22,1.5768026363923923e-19
2_trans_788.csv,1,1,1,0.9999999932586623,0.9999999932586623,2.554515133794325e-52,1.652033984565373e-38,6.741337762634667e-09
2_trans_777.csv,1,1,1,0.9773611199946894,0.9773611199946894,2.5458780758371965e-23,2.9045945284880837e-18,0.02263888000531052
2_trans_1225.csv,1,1,1,0.9927746479032078,0.9927746479032078,6.962548563883019e-25,0.007225312729343561,3.9367448651322274e-08
2_trans_1231.csv,1,1,1,0.9997287877605455,0.9997287877605455,3.127301339623346e-33,3.295313697485222e-28,0.0002712122394545658
2_trans_987.csv,1,1,1,0.9999999999998612,0.9999999999998612,1.3376783774887937e-51,1.634339827467967e-18,1.3867896788440515e-13
2_trans_2062.csv,3,3,1,0.5899655595066732,0.0014338958132723264,8.339333040646292e-06,0.5899655595066732,0.40859220534701385
2_trans_1027.csv,1,1,1,1.0,1.0,6.0753658321631125e-64,5.525299396104305e-30,2.126476294633304e-22
2_trans_1033.csv,1,1,1,0.9999999999999989,0.9999999999999989,1.673564075663392e-52,3.0452103213030995e-17,1.1497112731424166e-15
2_trans_2512.csv,4,4,1,0.9574731556227034,0.04235056290082579,2.060857474040842e-10,0.00017628127038492,0.9574731556227034
2_trans_2506.csv,1,1,1,0.9262961400075277,0.9262961400075277,1.1816093311035898e-09,0.03247226200105308,0.041231596809809895
2_trans_1768.csv,1,1,1,1.0,1.0,4.510840267292327e-67,7.931639473327822e-34,1.8403802921064502e-17
2_trans_2513.csv,1,1,1,0.9999999996895466,0.9999999996895466,8.155719757396032e-35,2.604420219557416e-25,3.104533903927432e-10
2_trans_1754.csv,1,1,1,0.9999997758555789,0.9999997758555789,8.803465465405443e-32,2.241443903851974e-07,3.0876205879656207e-14
2_trans_560.csv,1,1,1,0.9999999994588964,0.9999999994588964,9.151919227542724e-27,4.557102413216806e-16,5.411032549243198e-10
2_trans_1740.csv,1,1,1,1.0,1.0,6.452565761698961e-65,2.1752763836046732e-23,2.1080709506789168e-20
2_trans_1797.csv,1,1,1,0.9989045342614745,0.9989045342614745,1.716225642295682e-22,6.637365499321162e-14,0.0010954657384591746
2_trans_1783.csv,1,1,1,0.9999999999999976,0.9999999999999976,1.9898843780189687e-48,1.1744144106897515e-23,2.5313925817681385e-15
2_trans_986.csv,1,1,1,0.9999997878481878,0.9999997878481878,4.124245315249477e-36,1.6433141665093115e-23,2.1215181218259906e-07
2_trans_2077.csv,4,4,1,0.9743706339342283,0.025627768268000877,1.7890433063478706e-07,1.4188934402030514e-06,0.9743706339342283
2_trans_945.csv,1,4,0,0.6655870608220339,0.334412939177966,4.8886770521682e-19,2.3745823897188896e-22,0.6655870608220339
2_trans_2922.csv,2,2,1,0.9954183696636387,3.595651041304637e-13,0.9954183696636387,5.776085383699581e-13,0.004581630335423994
2_trans_2671.csv,1,1,1,0.8327853833551443,0.8327853833551443,3.044230817236659e-16,2.027112790937712e-15,0.16721461664485315
2_trans_1378.csv,1,1,1,0.9999999889388861,0.9999999889388861,1.1812727976356871e-37,2.6268403402135214e-22,1.1061113962118626e-08
2_trans_2117.csv,1,1,1,0.9999999999999971,0.9999999999999971,3.789298518371345e-49,1.1360099778826743e-25,2.824449064575575e-15
2_trans_158.csv,4,4,1,0.9999731886956617,1.5781311996695037e-05,1.1028690224103335e-05,1.3021175216038252e-09,0.9999731886956617
2_trans_170.csv,1,1,1,0.9999993571583403,0.9999993571583403,2.0068285120365512e-23,6.631396360990947e-08,5.76527696059599e-07
2_trans_2659.csv,1,1,1,1.0,1.0,6.347145958915318e-75,4.310080080279516e-31,1.811637044350602e-25
2_trans_825.csv,1,1,1,0.999999999999968,0.999999999999968,1.9702610200322475e-52,7.81877058845265e-24,3.2015722939803746e-14
2_trans_819.csv,1,1,1,1.0,1.0,5.4939493483481826e-61,1.0155693299945638e-28,5.246539749965232e-17
2_trans_73.csv,3,3,1,0.9999998227157135,1.772459497235256e-07,8.621656523040599e-14,0.9999998227157135,3.8250597585224234e-11
2_trans_428.csv,4,4,1,0.8742844985807483,0.1257155014146639,2.028194808682645e-18,4.587887613806798e-12,0.8742844985807483
2_trans_2315.csv,1,1,1,0.999999999997619,0.999999999997619,1.501807859462644e-42,2.1498301037458302e-17,2.3809185169849057e-12
2_trans_414.csv,1,1,1,0.9999973062748659,0.9999973062748659,3.9788600405168987e-28,1.6341338930618527e-10,2.693561720867629e-06
2_trans_1634.csv,1,1,1,0.9999999999999998,0.9999999999999998,1.6736033295288785e-49,4.639361344530376e-17,2.580738424241858e-16
2_trans_1807.csv,1,1,1,1.0,1.0,6.7335127380018e-52,4.0819610256725807e-23,1.1245242840830997e-17
2_trans_1191.csv,1,1,1,0.9999999993632305,0.9999999993632305,2.5088654759109457e-26,3.8723247985403353e-13,6.363822577667153e-10
2_trans_1803.csv,1,1,1,0.9999999992638937,0.9999999992638937,2.1530859937922875e-34,3.296024560665214e-22,7.361063453458689e-10
2_trans_1195.csv,1,1,1,0.9989219078251497,0.9989219078251497,2.1659562933634337e-14,5.561260906658732e-07,0.0010775360487379742
2_trans_2488.csv,1,1,1,0.8726895698553129,0.8726895698553129,6.30126099678811e-20,0.12730835193044854,2.0782142387462644e-06
2_trans_1181.csv,1,1,1,0.5808985414355975,0.5808985414355975,1.5454360145413378e-11,4.474818727679652e-09,0.41910145407412946
2_trans_2463.csv,1,1,1,0.9999999393680182,0.9999999393680182,5.938245844496043e-37,1.1412747477784247e-23,6.063198176627612e-08
2_trans_1618.csv,1,1,1,0.9999999999985905,0.9999999999985905,5.419359219728703e-44,1.4089426778610745e-12,7.567854809916266e-16
2_trans_404.csv,1,1,1,1.0,1.0,1.0188136060244348e-64,1.4590640578064377e-22,3.4168373180952144e-19
2_trans_821.csv,1,1,1,0.9999982835242431,0.9999982835242431,1.3376785542702472e-42,2.4476374132258474e-29,1.7164757569753217e-06
2_trans_1397.csv,1,1,1,1.0,1.0,3.263681983528941e-66,3.38374410889918e-34,4.387274103165765e-18
2_trans_63.csv,1,1,1,0.9999999989502275,0.9999999989502275,2.982032652218729e-34,4.015573559807457e-14,1.0497322010393364e-09
2_trans_1368.csv,1,1,1,0.9999992998074834,0.9999992998074834,2.974482640174515e-19,6.55958475012188e-07,4.423404163234305e-08
2_trans_88.csv,3,1,0,0.6274498976673304,0.6274498976673304,3.888942905983454e-12,0.37251712794515407,3.297438362663031e-05
2_trans_160.csv,1,1,1,0.9975598369860555,0.9975598369860555,2.4880714793222945e-12,0.0024074616014041574,3.270141005219345e-05
2_trans_2891.csv,2,2,1,0.9892958819524733,2.6813743822729173e-12,0.9892958819524733,1.1361305576867113e-11,0.01070411803348431
2_trans_174.csv,1,1,1,0.9999999999582494,0.9999999999582494,3.050940029269539e-54,2.0494031788558253e-24,4.175050503665409e-11
2_trans_1340.csv,1,1,1,1.0,1.0,3.2395551092493923e-62,5.767916816763521e-33,6.210331345206017e-17
2_trans_941.csv,1,1,1,0.9999991779995572,0.9999991779995572,7.138505139188867e-28,5.530546203206752e-12,8.219949124494504e-07
2_trans_969.csv,1,1,1,0.9999000527122022,0.9999000527122022,5.545331057254754e-16,4.233182346410446e-06,9.571410545118958e-05
2_trans_2098.csv,1,1,1,0.9999999982525558,0.9999999982525558,1.1131744546391078e-31,3.052228836163431e-14,1.7474137043379953e-09
2_trans_2067.csv,1,1,1,0.5831125058524713,0.5831125058524713,7.808073579618594e-11,0.41482055898342046,0.0020669350860274592
2_trans_982.csv,1,1,1,0.999999999994881,0.999999999994881,1.0712049478183153e-49,1.528230576877635e-26,5.119018195969586e-12
2_trans_772.csv,1,1,1,0.9432134827026681,0.9432134827026681,4.890161092911263e-12,1.0524114850858755e-10,0.056786517187200625
2_trans_1546.csv,1,1,1,0.9999999999477756,0.9999999999477756,2.7463777742476983e-34,1.4436622137185501e-11,3.778772682322567e-11
2_trans_1234.csv,1,1,1,0.9997924363350509,0.9997924363350509,1.6075577235534816e-15,1.3915230315055205e-12,0.00020756366355606715
2_trans_1977.csv,1,1,1,0.5172681654428076,0.5172681654428076,5.2921706753657644e-06,3.187974902066162e-05,0.4826946626374962
2_trans_558.csv,1,1,1,0.9999999999999285,0.9999999999999285,4.87001751261178e-49,1.2058578865284069e-25,7.13874592323892e-14
2_trans_216.csv,1,1,1,0.9999999997369964,0.9999999997369964,2.4501049516888782e-54,2.4853496243645447e-35,2.630036372279384e-10
2_trans_1036.csv,4,4,1,0.9906232690486885,0.00937671651414986,1.442476725108715e-08,1.2394446018602224e-11,0.9906232690486885
2_trans_202.csv,3,3,1,0.9999991240914774,8.71129530900157e-07,1.0754861745641062e-15,0.9999991240914774,4.778990573852047e-09
2_trans_203.csv,1,1,1,0.9999999995033113,0.9999999995033113,5.81535652925008e-34,3.621808377304451e-21,4.966887637586986e-10
2_trans_1037.csv,1,1,1,1.0,1.0,1.106498228206762e-73,1.0125484385782965e-28,8.037078656682278e-25
2_trans_565.csv,3,3,1,0.9997112038895786,0.00028879611002046856,6.85240452899555e-27,0.9997112038895786,4.0086077840743166e-13
2_trans_217.csv,1,1,1,0.9999960534397182,0.9999960534397182,7.07811884884447e-21,2.1846708514424052e-15,3.946560279659425e-06
2_trans_1235.csv,1,1,1,0.999999999999996,0.999999999999996,2.469231131076301e-46,1.9663427822866709e-25,3.9883525633419695e-15
2_trans_2728.csv,1,1,1,0.999999999989942,0.999999999989942,1.2607040784954067e-47,7.549526308550442e-25,1.0057910516291217e-11
2_trans_773.csv,1,1,1,0.999999999989374,0.999999999989374,5.169404989946478e-48,1.5739374250661629e-27,1.0626011625443234e-11
2_trans_2066.csv,1,1,1,0.9999999999878357,0.9999999999878357,1.7655692682856593e-40,5.380662594399257e-21,1.216421574941054e-11
2_trans_2072.csv,1,1,1,1.0,1.0,3.1782865647020567e-68,9.979746880248192e-34,2.9028720367092665e-22
2_trans_1590.csv,1,1,1,0.9996552630039621,0.9996552630039621,4.273840724098866e-24,1.1163463352706122e-12,0.00034473699492157774
2_trans_2927.csv,4,4,1,0.9152663919425937,8.68679402178588e-06,0.08472488585126052,3.541212385758779e-08,0.9152663919425937
2_trans_1427.csv,1,1,1,0.9999999999998479,0.9999999999998479,2.2973860563531817e-53,9.460868895470486e-23,1.5216429189975457e-13
2_trans_1341.csv,1,1,1,0.9999999324573278,0.9999999324573278,1.0421717684421573e-35,3.6495848286339274e-21,6.75426721207234e-08
2_trans_161.csv,1,1,1,0.9999999999796743,0.9999999999796743,8.133911977778443e-44,1.7290879277575666e-20,2.0325841830204238e-11
2_trans_1355.csv,1,1,1,1.0,1.0,4.0504316762567626e-61,1.5892725114535416e-35,4.88287950384247e-19
2_trans_149.csv,1,1,1,0.9999999998397544,0.9999999998397544,4.981307492647359e-41,4.345394434049439e-22,1.602455495369491e-10
2_trans_89.csv,1,1,1,0.9999999999987994,0.9999999999987994,1.2261887418524098e-53,3.3595932406125367e-46,1.2004931133987671e-12
2_trans_2847.csv,2,2,1,0.9988287523520483,2.313181709197888e-13,0.9988287523520483,1.0267818601093835e-12,0.0011712476466935622
2_trans_76.csv,1,1,1,0.999999999977947,0.999999999977947,1.624823303573909e-48,6.287674442017844e-33,2.2052928837383954e-11
2_trans_1143.csv,1,1,1,0.9999999999934421,0.9999999999934421,6.543408693674768e-53,4.4246317364720886e-27,6.5579539176672274e-12
2_trans_2338.csv,1,1,1,0.9999999883783112,0.9999999883783112,1.3758768393072439e-33,3.538919855052762e-27,1.1621688887371324e-08
2_trans_1631.csv,1,1,1,0.9999999999999971,0.9999999999999971,3.456630148421035e-52,2.9289947696518826e-15,1.0518404086068602e-17
2_trans_2310.csv,1,1,1,0.9999960540805178,0.9999960540805178,1.855057075664663e-26,1.4545899691366736e-10,3.9457740229740985e-06
2_trans_1619.csv,1,1,1,1.0,1.0,3.1384712575761346e-61,2.005395730748842e-21,1.0977370848270485e-19
2_trans_2304.csv,3,3,1,0.9988384224070437,0.0011599814503392264,5.860299614332895e-14,0.9988384224070437,1.5961425583406951e-06
2_trans_1180.csv,1,1,1,0.9999999999649638,0.9999999999649638,9.913295488206994e-41,1.2207493609212966e-18,3.5036097769976794e-11
2_trans_2489.csv,1,1,1,0.8926780840961486,0.8926780840961486,1.3898202309425005e-06,0.0003457858087537467,0.10697474027486685
2_trans_388.csv,1,1,1,0.9999999993627375,0.9999999993627375,7.178833679411981e-37,6.372620826531373e-10,3.471965283462036e-16
2_trans_1816.csv,3,3,1,0.8529483066360088,0.1469261704403075,2.4409367614663745e-13,0.8529483066360088,0.00012552292343950472
2_trans_1182.csv,1,1,1,0.999994132503036,0.999994132503036,3.059319162536192e-26,4.4289076234133235e-17,5.867496963997212e-06
2_trans_2306.csv,1,1,1,0.9996509511739704,0.9996509511739704,1.902859512072942e-13,1.4124018607759092e-12,0.0003490488244270592
2_trans_361.csv,1,4,0,0.826552315588874,0.17340034651777594,3.3091586811055246e-08,4.7304801763215436e-05,0.826552315588874
2_trans_1155.csv,3,3,1,0.9999976483268685,2.3516728646761704e-06,1.384401909896027e-21,0.9999976483268685,2.6661930842421494e-13
2_trans_407.csv,1,1,1,0.9999998923716702,0.9999998923716702,1.1014559290445594e-24,2.1749516188181153e-13,1.076281121732402e-07
2_trans_188.csv,1,1,1,0.6665034281252472,0.6665034281252472,4.991915321723715e-14,4.4097241471023096e-10,0.33349657143373046
2_trans_2879.csv,2,2,1,0.955032233561099,3.2528866681449064e-11,0.955032233561099,3.47699385515467e-11,0.04496776637160213
2_trans_2845.csv,2,2,1,0.9307452462050686,4.8391351509537536e-08,0.9307452462050686,2.445046680315064e-09,0.06925470295853328
2_trans_1394.csv,1,1,1,0.9999877613268527,0.9999877613268527,2.939094872320138e-26,1.507935332981546e-15,1.2238673145695249e-05
2_trans_2110.csv,1,1,1,0.9999999999999853,0.9999999999999853,8.56972406098968e-62,1.039600272221214e-31,1.4711334505451516e-14
2_trans_639.csv,1,1,1,1.0,1.0,1.7647162536953884e-68,1.6548647190752114e-30,5.206851984738127e-21
2_trans_1343.csv,1,1,1,1.0,1.0,2.5351145351579335e-65,2.1132732242143507e-37,7.747360344619134e-19
2_trans_1425.csv,1,1,1,0.9999968629567109,0.9999968629567109,4.377056908464154e-30,5.518817049932331e-28,3.1370432891156094e-06
2_trans_2919.csv,4,4,1,0.8037926512757826,4.5034184657760615e-09,0.19620734411985766,1.0094133314302558e-10,0.8037926512757826
2_trans_2931.csv,2,2,1,0.8304820111020135,2.4844319238140796e-05,0.8304820111020135,2.048739630601609e-06,0.1694910958391177
2_trans_981.csv,1,1,1,1.0,1.0,4.043473602122391e-65,5.347914772668867e-28,2.3980855344525395e-18
2_trans_1579.csv,1,1,1,1.0,1.0,3.4946724775844403e-66,2.6359476879799053e-37,3.1664516898851775e-20
2_trans_1237.csv,4,4,1,0.9999715173987909,1.0486875220738415e-05,8.868340857725263e-06,9.127385130613935e-06,0.9999715173987909
2_trans_765.csv,1,1,1,0.9999999999966307,0.9999999999966307,2.9605173590340154e-58,4.5605746727732256e-33,3.3693131637576895e-12
2_trans_1545.csv,1,1,1,0.9999999999582467,0.9999999999582467,8.295304526821609e-46,4.465385365884084e-22,4.1753328781524967e-11
2_trans_1223.csv,1,1,1,0.9999999999922704,0.9999999999922704,2.878759694808928e-54,3.837272190312956e-27,7.729678035971962e-12
2_trans_1974.csv,1,1,1,0.9284173239347334,0.9284173239347334,1.3082979333757208e-21,7.899076204612632e-18,0.07158267606526653
2_trans_1009.csv,1,1,1,0.9999999998363842,0.9999999998363842,5.619426339584716e-45,6.442849327628834e-35,1.6361575806431086e-10
2_trans_2272.csv,1,1,1,0.9999997161514869,0.9999997161514869,1.514894496141876e-30,1.8711214946388431e-25,2.838485131711317e-07
2_trans_2528.csv,1,1,1,0.9999708143464865,0.9999708143464865,2.3408606063043273e-16,1.5883869599973728e-10,2.918549467464415e-05
2_trans_573.csv,3,3,1,0.9999999458948017,3.925143212216596e-08,1.4375793284812825e-12,0.9999999458948017,1.4852328548669492e-08
2_trans_214.csv,1,1,1,0.9999999978063911,0.9999999978063911,1.7440120192303885e-37,6.840563147394517e-17,2.1936088573062505e-09
2_trans_2529.csv,1,1,1,0.9999933369409421,0.9999933369409421,1.4295280150587441e-19,8.951397856026515e-08,6.573545079317733e-06
2_trans_1746.csv,1,1,1,1.0,1.0,7.114521435237542e-72,2.3908047323428993e-42,9.363177141301188e-23
2_trans_1752.csv,1,1,1,0.9999999965690705,0.9999999965690705,4.948325405777365e-36,1.3325447314702855e-14,3.430916158249159e-09
2_trans_200.csv,1,1,1,0.9999975426403084,0.9999975426403084,8.847344100896871e-23,2.012291474268741e-07,2.256130544242813e-06
2_trans_2515.csv,1,1,1,1.0,1.0,1.1236178965639725e-62,1.5809643644641407e-41,7.10907426142771e-19
2_trans_1008.csv,1,1,1,0.9341727065200339,0.9341727065200339,7.112803261207507e-15,0.06492043913030736,0.0009068543496516475
2_trans_1785.csv,1,1,1,0.9999999999999916,0.9999999999999916,1.4619100129471003e-58,6.149727462632744e-43,8.360591721762084e-15
2_trans_1949.csv,4,4,1,0.9997772353605594,0.00022250876334586897,2.5569995068693633e-07,1.7614413230054073e-10,0.9997772353605594
2_trans_1544.csv,4,4,1,0.9996602804530065,0.0003397195405512459,4.407703685667862e-12,2.034624902099297e-12,0.9996602804530065
2_trans_1222.csv,1,1,1,0.9995778585148164,0.9995778585148164,5.1204948674314345e-34,1.8324894863992777e-35,0.000422141485183709
2_trans_1550.csv,1,1,1,0.9997331070630937,0.9997331070630937,3.704793048026998e-27,9.974169716639972e-19,0.0002668929369062967
2_trans_2071.csv,1,1,1,0.9999999998816032,0.9999999998816032,1.794457998502686e-52,2.763658405115524e-26,1.1839677144629357e-10
2_trans_1578.csv,1,1,1,0.9999999938072752,0.9999999938072752,2.4881525640479352e-36,3.1086587447366646e-27,6.192724819005308e-09
2_trans_2717.csv,1,1,1,0.9999999999999867,0.9999999999999867,9.028350273807141e-56,3.226775417831967e-21,1.3224347414695506e-14
2_trans_758.csv,1,1,1,0.9999999999999816,0.9999999999999816,4.274408103846885e-56,4.821291019518968e-24,1.8458466654732908e-14
2_trans_2930.csv,2,2,1,0.9932859956762685,1.9837332721566987e-12,0.9932859956762685,2.8791106104222153e-11,0.006714004292956839
2_trans_1593.csv,1,1,1,1.0,1.0,2.5497720140990967e-67,4.301281324510753e-33,3.581093498933589e-21
2_trans_957.csv,1,1,1,0.9999999999645492,0.9999999999645492,8.61137276456699e-30,1.2147015287196338e-19,3.545064891690052e-11
2_trans_2139.csv,1,1,1,0.8574875805915887,0.8574875805915887,2.3896970941933715e-10,0.011807621194472605,0.130704797974969
2_trans_2887.csv,2,4,0,0.9022948414701201,0.005346386954233712,0.09179783280999738,0.0005609387656489429,0.9022948414701201
2_trans_176.csv,1,1,1,0.999999999999847,0.999999999999847,3.200486853846375e-49,1.3189995344399902e-30,1.530307671495318e-13
2_trans_2893.csv,2,2,1,0.9976164337289262,8.098764497951754e-12,0.9976164337289262,4.998397916055879e-12,0.002383566257976499
2_trans_610.csv,1,1,1,0.9999598913130718,0.9999598913130718,8.188824449170973e-41,4.010868692408892e-05,4.2137398450476414e-15
2_trans_638.csv,1,1,1,0.999999999999136,0.999999999999136,5.237530039064915e-51,1.9989447488809888e-22,8.640783785661938e-13
2_trans_1418.csv,1,1,1,0.9100736683348066,0.9100736683348066,7.878425412749781e-10,1.0837776127665977e-05,0.08991549310122332
2_trans_1154.csv,1,1,1,0.9999997313931863,0.9999997313931863,1.8952203517935507e-28,2.6685590567015766e-07,1.7509080019341043e-09
2_trans_406.csv,1,1,1,0.999995775534003,0.999995775534003,9.577551050170054e-27,1.2739351530448515e-31,4.224465996982248e-06
2_trans_1632.csv,1,1,1,0.9999999992254038,0.9999999992254038,1.2399223054534264e-28,2.053735601032064e-14,7.745758095694263e-10
2_trans_1140.csv,1,1,1,0.9999999999630982,0.9999999999630982,1.1255674120539032e-24,1.7743024650697362e-13,3.672451059370933e-11
2_trans_2313.csv,1,1,1,0.9999999999999922,0.9999999999999922,1.318698991239943e-41,3.3393707687440797e-19,7.754280971787113e-15
2_trans_1197.csv,1,1,1,1.0,1.0,5.913979588204385e-61,2.1684334208597402e-21,4.460641496165243e-19
2_trans_1829.csv,1,1,1,0.9999999987027484,0.9999999987027484,5.116577674661564e-55,9.354381283777178e-30,1.2972516686886688e-09
2_trans_1183.csv,1,1,1,0.9999999999990481,0.9999999999990481,3.999987432797229e-39,2.208421558447473e-26,9.51941729784365e-13
2_trans_1696.csv,1,1,1,1.0,1.0,1.016076144231148e-59,2.2611441914377534e-29,5.790382605836537e-18
2_trans_461.csv,1,1,1,0.9999999874435305,0.9999999874435305,1.4691036583831236e-36,1.8108870717196417e-21,1.2556469517577318e-08
2_trans_1655.csv,3,3,1,0.7458389551111492,0.2314326783646123,5.644949067261312e-09,0.7458389551111492,0.02272836087928937
2_trans_878.csv,1,1,1,0.9999999999999998,0.9999999999999998,2.8581865697612764e-55,1.0816903673151195e-21,2.530190567351046e-16
2_trans_844.csv,1,1,1,1.0,1.0,5.2937431690567245e-61,9.024492002293345e-25,4.772375063430518e-19
2_trans_1325.csv,1,1,1,0.9987374122890657,0.9987374122890657,3.392939098349401e-21,2.538517187787373e-11,0.0012625876855491263
2_trans_111.csv,1,1,1,0.9999999999938671,0.9999999999938671,1.417015944219365e-44,1.928934052799639e-24,6.132943756551928e-12
2_trans_663.csv,1,1,1,0.9999790353323122,0.9999790353323122,3.757060662901379e-30,1.1127506546671186e-10,2.0964556412657087e-05
2_trans_2604.csv,1,1,1,0.9999999999061704,0.9999999999061704,1.3056951646463114e-33,1.7302311208390977e-20,9.382970198581597e-11
2_trans_2943.csv,4,4,1,0.5893420354103086,6.100074280231332e-05,0.41058720077242655,9.763074462524657e-06,0.5893420354103086
2_trans_918.csv,1,1,1,0.9997766634839432,0.9997766634839432,3.728169321721647e-25,1.1366325550855701e-10,0.000223336402393637
2_trans_703.csv,3,3,1,0.999999999298443,7.015306532329327e-10,2.752461548600697e-22,0.999999999298443,2.6362454094345856e-14
2_trans_1245.csv,1,1,1,0.9999999965369726,0.9999999965369726,1.3655566449920275e-28,3.202877405656266e-09,2.6014991475208793e-10
2_trans_2764.csv,1,1,1,0.9999999999981215,0.9999999999981215,1.335627752105974e-45,8.633608546183892e-17,1.8785381294752187e-12
2_trans_2002.csv,1,1,1,0.9999999996011395,0.9999999996011395,2.2653352598247982e-33,1.3473414947660266e-12,3.9751307621618877e-10
2_trans_528.csv,1,1,1,0.942593922165123,0.942593922165123,1.4645525108591956e-07,0.005825561779615243,0.05158036960001061
2_trans_1708.csv,1,1,1,0.9999999999861637,0.9999999999861637,5.586333311336979e-35,2.7036905327329286e-28,1.3836339477475687e-11
2_trans_2201.csv,4,4,1,0.9999985080225653,1.491953714189512e-06,2.3720317796447543e-11,1.0041565152488697e-16,0.9999985080225653
2_trans_1720.csv,1,1,1,0.9999999999835503,0.9999999999835503,4.5620871470412356e-41,1.9372961042597986e-18,1.6449686725363825e-11
2_trans_1052.csv,1,1,1,0.9999999596998866,0.9999999596998866,2.257025786900809e-40,2.800455495677516e-22,4.0300113454893575e-08
2_trans_1907.csv,4,4,1,0.968980224502795,0.031017071719640958,2.703777546511527e-06,1.7669978685685434e-14,0.968980224502795
2_trans_1091.csv,1,1,1,0.9999999999992424,0.9999999999992424,6.042708420245917e-38,6.335932530829427e-13,1.242245673595309e-13
2_trans_2995.csv,2,2,1,0.9804118480882098,8.495304164869469e-11,0.9804118480882098,1.5721435393066485e-10,0.019588151669622498
2_trans_1536.csv,1,1,1,0.9999999718520761,0.9999999718520761,1.3890096230385233e-41,5.570092867878969e-30,2.8147923976365154e-08
2_trans_931.csv,1,1,1,0.9997608459012611,0.9997608459012611,9.23724544982167e-29,3.7569583734221136e-26,0.00023915409873889677
2_trans_2956.csv,4,4,1,0.9895643044394964,5.683154378149416e-07,0.010435126265349832,9.797158586330054e-10,0.9895643044394964
2_trans_919.csv,1,1,1,0.9999999999999998,0.9999999999999998,1.227521701513037e-57,4.472372787667208e-28,2.425849590416009e-16
2_trans_2163.csv,1,4,0,0.7116560712290503,0.28834390303097773,1.7833236217145758e-08,7.906735763675463e-09,0.7116560712290503
2_trans_138.csv,1,1,1,0.9999999999957496,0.9999999999957496,4.2279409013682785e-49,4.249796393435683e-12,6.882175125369001e-16
2_trans_110.csv,1,1,1,0.999999999981426,0.999999999981426,7.294899278261374e-47,1.9630142611115145e-17,1.857401062730234e-11
2_trans_676.csv,1,1,1,0.9999999999903146,0.9999999999903146,3.2498092554277394e-50,2.8725574703616873e-21,9.685331454750478e-12
2_trans_845.csv,1,1,1,1.0,1.0,1.6939566971813968e-66,7.097496215510657e-38,1.5157129073636604e-17
2_trans_851.csv,1,1,1,1.0,1.0,2.2522906420463488e-66,2.0132395882317437e-34,2.568066550430014e-19
2_trans_1495.csv,4,1,0,0.9753649645420195,0.9753649645420195,7.019473119771454e-18,8.086052616363207e-07,0.02463422685271905
2_trans_13.csv,1,1,1,0.999994563449146,0.999994563449146,2.3753886112163477e-40,1.2024223450803325e-23,5.4365508541601676e-06
2_trans_879.csv,1,1,1,0.9999999999999976,0.9999999999999976,8.315196059740389e-48,3.6401849614191585e-22,2.5468726232987097e-15
2_trans_1481.csv,1,1,1,0.999999999999885,0.999999999999885,5.388581477939176e-51,2.135081732370893e-28,1.1502759282096098e-13
2_trans_2407.csv,3,3,1,0.9755144692009857,0.02431346540638401,4.354510912044962e-11,0.9755144692009857,0.00017206534908517526
2_trans_2361.csv,4,4,1,0.9972172748181813,0.0027763505571805295,6.373848022469668e-06,7.766158120795347e-10,0.9972172748181813
2_trans_448.csv,3,3,1,0.9993750390762345,0.0006249404673467431,1.5813995757624693e-15,0.9993750390762345,2.045641730936174e-08
2_trans_2375.csv,1,1,1,0.9999996648698812,0.9999996648698812,1.8997646890355097e-31,2.8951600572143026e-10,3.348406026654946e-07
2_trans_306.csv,4,4,1,0.9631529530402451,0.03684704695938746,2.5754650334327446e-14,3.4169771961269126e-13,0.9631529530402451
2_trans_1132.csv,1,1,1,0.8459003898120577,0.8459003898120577,2.9969728986448943e-14,0.1540154612060368,8.414898187539987e-05
2_trans_460.csv,1,4,0,0.5472729539804261,0.4527227972355171,2.137542530298339e-13,4.248783843098774e-06,0.5472729539804261
2_trans_2349.csv,1,1,1,0.9993985231427177,0.9993985231427177,4.5755804408616556e-24,2.4524456387255674e-15,0.0006014768572799137
2_trans_1640.csv,1,1,1,0.9999999999934992,0.9999999999934992,1.6851694514898557e-38,6.500121474460839e-12,6.617779448863401e-16
2_trans_312.csv,4,4,1,0.6361047667776021,0.30232013975530125,2.0330074543766905e-05,0.061554763392552794,0.6361047667776021
2_trans_1871.csv,1,1,1,0.9999999990617634,0.9999999990617634,9.8127520785743e-35,2.7716511523138075e-19,9.382365541090888e-10
2_trans_1865.csv,1,1,1,0.9856964642273561,0.9856964642273561,5.121591546536105e-26,1.8352740258847056e-12,0.014303535770808692
2_trans_1124.csv,3,3,1,0.9999767946940069,2.3200288305658726e-05,3.633858889256368e-20,0.9999767946940069,5.017687209239722e-09
2_trans_1642.csv,3,3,1,0.9790588517213762,0.02094114827739571,2.7427116008772145e-25,0.9790588517213762,1.2280644204434278e-12
2_trans_2411.csv,1,1,1,0.9999997391812768,0.9999997391812768,3.2201509413043674e-35,1.911469264587096e-14,2.6081870406657805e-07
2_trans_2834.csv,2,2,1,0.9856906701680584,2.1275806438330444e-11,0.9856906701680584,1.2238890223753666e-12,0.014309329809441789
2_trans_1454.csv,1,1,1,1.0,1.0,1.009511775987347e-64,9.361302525717473e-36,1.1033024993491887e-19
2_trans_660.csv,1,1,1,0.9733825316461023,0.9733825316461023,1.2534328218941055e-14,1.301932870430578e-21,0.026617468353885027
2_trans_2954.csv,2,2,1,0.7982590819177764,9.50884917671024e-06,0.7982590819177764,8.899990890935816e-06,0.20172250924215596
2_trans_1246.csv,1,1,1,0.9741377655759423,0.9741377655759423,5.655425923565393e-14,8.251253863986634e-17,0.025862234424001162
2_trans_2015.csv,4,4,1,0.9941251623567591,0.005859247716821853,1.5589926417990392e-05,1.0077887268441694e-15,0.9941251623567591
2_trans_1508.csv,1,1,1,0.8974417572931565,0.8974417572931565,1.4789854101433198e-20,5.999513399467529e-16,0.10255824270684302
2_trans_1050.csv,1,1,1,0.999999999996986,0.999999999996986,1.1807104380190326e-46,1.4263174384069568e-24,3.0140556051841886e-12
2_trans_2571.csv,1,1,1,0.9999547745810881,0.9999547745810881,9.780461349696107e-37,1.4511379585562896e-20,4.5225418911976744e-05
2_trans_2203.csv,1,1,1,0.9999925336698738,0.9999925336698738,3.034315506235953e-35,1.3968332169258407e-13,7.466329986529041e-06
2_trans_2216.csv,1,1,1,0.9997464793374676,0.9997464793374676,1.7615132715487374e-18,0.0001238922504260988,0.00012962841210616586
2_trans_1079.csv,1,1,1,0.9511750474119682,0.9511750474119682,2.5285660507379152e-11,0.048152149247580094,0.0006728033151660542
2_trans_1051.csv,1,1,1,1.0,1.0,3.680086734871307e-67,4.1708676619588226e-30,1.1308641670803075e-19
2_trans_265.csv,1,1,1,1.0,1.0,1.6056339903618112e-54,2.4673890031826953e-32,1.2245286126323914e-17
2_trans_1737.csv,1,1,1,1.0,1.0,1.5811960915603842e-68,1.1084603834067605e-34,2.6176477243700327e-20
2_trans_1086.csv,1,1,1,1.0,1.0,8.550881423993287e-59,4.682707271203115e-25,2.0043734486400545e-19
2_trans_2000.csv,1,1,1,1.0,1.0,1.222721553929953e-49,6.042195834199409e-20,1.0882159582762137e-16
2_trans_2772.csv,1,1,1,0.9999999999999982,0.9999999999999982,1.67406966155977e-60,1.3987872069268657e-23,1.740569369497728e-15
2_trans_729.csv,1,1,1,0.9999929732103204,0.9999929732103204,5.988001103760413e-31,6.205744659026281e-14,7.026789617768627e-06
2_trans_2014.csv,1,1,1,0.9618649143407898,0.9618649143407898,2.755454741691977e-20,4.3221274768485956e-11,0.03813508561598895
2_trans_1535.csv,4,1,0,0.5872162037963292,0.5872162037963292,1.265176431365193e-08,3.216085059414896e-11,0.41278378351974565
2_trans_2982.csv,4,4,1,0.9655256632015496,3.739810839767413e-09,0.034474333055972625,2.6669403722418282e-12,0.9655256632015496
2_trans_1521.csv,1,1,1,0.9999999997119482,0.9999999997119482,3.7838946522913752e-34,1.697610491696236e-19,2.8805186144123966e-10
2_trans_2799.csv,1,1,1,0.9878877716142823,0.9878877716142823,8.377449908433101e-23,0.01211167279200562,5.555937121867896e-07
2_trans_2160.csv,4,4,1,0.932718122081201,0.06727630628858527,2.8797391073631966e-09,5.5687504745891e-06,0.932718122081201
2_trans_1327.csv,1,1,1,0.9999999789760119,0.9999999789760119,7.849511015432693e-45,5.840959489063798e-26,2.1023988118819585e-08
2_trans_1333.csv,1,1,1,0.9999567248007071,0.9999567248007071,9.725017373752415e-40,5.348717582780935e-23,4.327519929295753e-05
2_trans_107.csv,3,3,1,0.9997616412092384,6.987581061362794e-06,6.117404210875029e-11,0.9997616412092384,0.00023137114852624585
2_trans_1455.csv,1,1,1,0.9999999999988194,0.9999999999988194,2.5152888514837555e-49,1.9552441886141425e-22,1.1806137469543825e-12
2_trans_38.csv,1,1,1,0.9999999999997204,0.9999999999997204,2.6583832030097152e-25,6.583656209664257e-20,2.7958441615648195e-13
2_trans_2821.csv,2,2,1,0.9747980791347017,1.1144907561096968e-08,0.9747980791347017,2.1348208530264893e-08,0.02520188837218198
2_trans_10.csv,1,1,1,0.999973560844112,0.999973560844112,2.5521989272308067e-28,1.0224734808819001e-16,2.6439155888069525e-05
2_trans_2404.csv,1,1,1,0.9999962234506234,0.9999962234506234,1.0653012480406405e-25,2.9267173001253945e-16,3.7765493764279377e-06
2_trans_339.csv,1,1,1,0.9999902582851244,0.9999902582851244,5.698625114405001e-22,9.741408449398278e-06,3.064261309595271e-10
2_trans_1125.csv,1,1,1,1.0,1.0,6.04359237832993e-68,2.6425434310161888e-42,7.132011372760259e-19
2_trans_477.csv,1,1,1,1.0,1.0,8.0284297586726e-70,5.699727351574078e-35,1.0220940362506493e-19
2_trans_1657.csv,1,1,1,0.9999999999999596,0.9999999999999596,6.344987092261811e-40,1.759862979061911e-21,4.035145172517307e-14
2_trans_463.csv,1,1,1,0.9999999999999944,0.9999999999999944,4.3251462184180186e-49,6.167110610338558e-17,5.492612550114553e-15
2_trans_305.csv,1,1,1,0.9999999931641979,0.9999999931641979,1.9135892898420743e-40,4.118798409327628e-23,6.835802134745799e-09
2_trans_1680.csv,1,1,1,0.9999999999983349,0.9999999999983349,1.396177955732859e-44,7.313181037901336e-27,1.6650170906153246e-12
2_trans_2400.csv,1,1,1,0.9999999999932558,0.9999999999932558,3.982466168897456e-45,2.2269027300933445e-17,6.744149916051646e-12
2_trans_301.csv,1,1,1,0.9485769242958393,0.9485769242958393,3.2374051619127e-17,2.0955648731202576e-28,0.051423075704160735
2_trans_467.csv,1,1,1,0.9999999999722269,0.9999999999722269,1.1206150496878532e-50,2.593959245006555e-32,2.7773105109989005e-11
2_trans_1653.csv,1,1,1,0.9999999987457548,0.9999999987457548,7.744525305496937e-35,1.2228841189827781e-09,3.1361035474903484e-11
2_trans_1647.csv,1,1,1,1.0,1.0,5.8313108441912114e-67,1.137021600472994e-25,1.6398027085652862e-18
2_trans_2428.csv,1,1,1,1.0,1.0,1.885423785504844e-67,1.6606702559851987e-28,7.899978248415655e-20
2_trans_842.csv,1,1,1,0.9999980496176039,0.9999980496176039,1.0371761155984645e-31,7.55849316489571e-24,1.950382396000943e-06
2_trans_856.csv,1,1,1,0.9999999910528027,0.9999999910528027,7.65603485243553e-22,1.9701797013155252e-14,8.947177478006698e-09
2_trans_2825.csv,2,2,1,0.9945233823860815,6.63168205152172e-11,0.9945233823860815,3.87602823470993e-10,0.0054766171599987925
2_trans_2831.csv,2,2,1,0.9649572697918855,7.300909402578281e-11,0.9649572697918855,1.7263047871439543e-11,0.03504273011784246
2_trans_2602.csv,3,3,1,0.5116810576196889,0.48831893306696406,1.6008781152807752e-16,0.5116810576196889,9.313346856579043e-09
2_trans_1479.csv,1,1,1,0.9999998026529536,0.9999998026529536,1.2102205811925264e-41,7.69295341868061e-21,1.9734704648100143e-07
2_trans_895.csv,1,1,1,0.9999999999999996,0.9999999999999996,6.088107904676267e-55,2.9433535519753473e-30,4.2090713786594704e-16
2_trans_2170.csv,1,1,1,0.9999999993643782,0.9999999993643782,8.580890449071513e-50,4.706090137912407e-25,6.35621880117081e-10
2_trans_1451.csv,4,4,1,0.9795563526741783,0.020442888715540376,7.384266564614397e-07,2.0183624869955813e-08,0.9795563526741783
2_trans_103.csv,4,4,1,0.9119096471310345,0.0880903528678532,1.0756062421316403e-12,3.665302455056485e-14,0.9119096471310345
2_trans_1337.csv,4,4,1,0.9932207925706777,0.006779202855639807,5.676914432590517e-10,4.005991050767923e-09,0.9932207925706777
2_trans_671.csv,1,1,1,0.999999999996422,0.999999999996422,1.6752278351296656e-47,4.8439592385106355e-24,3.5781172059299234e-12
2_trans_1445.csv,1,1,1,0.7946919479971866,0.7946919479971866,1.0700383928350321e-19,5.134367017882723e-17,0.2053080520028135
2_trans_922.csv,1,1,1,0.9999999999999665,0.9999999999999665,6.8965291507520855e-59,5.730984230444648e-38,3.3633229855367594e-14
2_trans_2010.csv,4,4,1,0.9915237981329444,0.008475264707976184,7.044539220755054e-07,2.327051572415698e-07,0.9915237981329444
2_trans_2004.csv,3,3,1,0.9318015998249838,0.06809389728977094,1.9948222871288874e-15,0.9318015998249838,0.00010450288524329976
2_trans_711.csv,1,1,1,0.99991027095722,0.99991027095722,4.083594327811275e-17,5.3023581952465645e-05,3.6705460827391554e-05
2_trans_1.csv,3,3,1,0.9730901237962553,6.330151032767875e-05,5.7959488578498e-05,0.9730901237962553,0.02678861520483849
2_trans_1257.csv,1,1,1,1.0,1.0,1.2215980702229907e-61,2.323323679720394e-24,8.979575655614926e-20
2_trans_2986.csv,2,2,1,0.9931669216081321,2.1758743905919973e-11,0.9931669216081321,5.616030679658101e-12,0.006833078364493103
2_trans_2038.csv,3,3,1,0.9663998891322794,0.03360011085027902,4.056285081872988e-22,0.9663998891322794,1.7441495203246694e-11
2_trans_705.csv,1,4,0,0.7634006414049902,0.22487220951530323,0.0004323194413185524,0.011294829638388066,0.7634006414049902
2_trans_1531.csv,1,1,1,0.9999999999999987,0.9999999999999987,4.0175882450853614e-60,2.1880901628190484e-35,1.3712690068185546e-15
2_trans_1096.csv,1,1,1,0.9963821491700149,0.9963821491700149,5.07043813133522e-35,0.0036178508293642792,6.208207537523432e-13
2_trans_2212.csv,1,1,1,0.9999999845833356,0.9999999845833356,4.47841027980877e-43,3.092183959937017e-36,1.5416664445200627e-08
2_trans_2206.csv,1,1,1,0.9999999999999984,0.9999999999999984,6.152429893443594e-44,3.1379873838989677e-18,1.6135690234692054e-15
2_trans_1733.csv,1,1,1,0.9999905899706144,0.9999905899706144,2.2722435959657616e-38,9.4100121363942e-06,1.7249090771610354e-11
2_trans_261.csv,1,1,1,0.9998227445957306,0.9998227445957306,1.3496086771368247e-26,6.730859432728709e-09,0.00017724867340987555
2_trans_1055.csv,1,1,1,0.9999998727685515,0.9999998727685515,1.3361556029515652e-37,5.715953087813562e-22,1.272314485882726e-07
2_trans_1732.csv,1,1,1,0.9999999999999996,0.9999999999999996,7.882992809578899e-55,5.0782890550189496e-20,4.1301648135927227e-16
2_trans_1040.csv,1,1,1,0.9999999446213468,0.9999999446213468,2.3770834521692556e-30,8.25749255278447e-12,5.537039576811818e-08
2_trans_1726.csv,1,1,1,0.9999999999988309,0.9999999999988309,4.375916668071323e-54,2.1105817834099505e-22,1.1690034496758552e-12
2_trans_2207.csv,1,1,1,0.9999999999995068,0.9999999999995068,1.517817686395133e-50,2.008884381025811e-27,4.930842463902379e-13
2_trans_248.csv,1,1,1,0.9994201381309046,0.9994201381309046,3.364110492244875e-27,3.099913724469676e-13,0.0005798618687853766
2_trans_2575.csv,1,1,1,1.0,1.0,1.042178493744235e-62,1.4822183370701332e-23,1.0815208640769223e-17
2_trans_2213.csv,1,1,1,0.9999999999999185,0.9999999999999185,2.357141929587687e-49,3.646762294595142e-21,8.151763146837814e-14
2_trans_1929.csv,1,4,0,0.9418221813477694,0.05817781865118792,6.52144846770772e-16,1.0420385583299326e-12,0.9418221813477694
2_trans_1915.csv,1,1,1,0.9999999995927036,0.9999999995927036,1.7884638045239728e-39,2.5370340407065138e-14,4.0727105212772216e-10
2_trans_1256.csv,3,3,1,0.9999999845381147,1.5453432705641448e-08,3.627186307486333e-21,0.9999999845381147,8.452522227920508e-12
2_trans_1530.csv,1,1,1,0.999999996450391,0.999999996450391,2.2380487554621173e-45,3.549608522424806e-09,4.437050703003669e-16
2_trans_1524.csv,1,1,1,0.999999999985294,0.999999999985294,1.3373922106589552e-47,7.151095627195529e-25,1.470609717856554e-11
2_trans_2993.csv,4,4,1,0.6058268280767218,0.0002068856795240511,0.39395151115483573,1.4775088918414857e-05,0.6058268280767218
2_trans_2005.csv,1,1,1,0.9999999999999907,0.9999999999999907,7.611230580743348e-55,2.243914954260482e-22,9.302249563109676e-15
2_trans_1518.csv,1,1,1,0.9999999944059796,0.9999999944059796,1.347721763071342e-42,1.6095279026114322e-17,5.594020342717738e-09
2_trans_1281.csv,1,1,1,0.9998786420729466,0.9998786420729466,1.8947456576683688e-22,2.6059620453580326e-16,0.00012135792705324901
2_trans_664.csv,1,1,1,0.9999999999999798,0.9999999999999798,1.087163064963934e-57,6.946873873341769e-38,2.0294232301801335e-14
2_trans_102.csv,1,1,1,1.0,1.0,6.726367816618153e-55,5.21306217540798e-25,1.6806862597252353e-19
2_trans_2171.csv,1,1,1,0.9999999999999987,0.9999999999999987,2.022464916466598e-51,9.959683927233003e-23,1.2485324032631795e-15
2_trans_1493.csv,1,1,1,0.9636375601516378,0.9636375601516378,8.124144701927791e-15,0.00020113153882342867,0.036161308309530654
2_trans_29.csv,1,1,1,0.9997954335781184,0.9997954335781184,1.8516585351373743e-27,1.8479837306037913e-12,0.00020456642003358294
2_trans_472.csv,1,1,1,0.9999999999731979,0.9999999999731979,3.978737414929069e-53,3.979419520872446e-30,2.680218045481222e-11
2_trans_300.csv,1,1,1,0.9996982480223089,0.9996982480223089,6.764281555447135e-14,7.074783251960308e-14,0.000301751977552594
2_trans_1134.csv,1,1,1,0.7009364251805323,0.7009364251805323,0.008800551063433568,7.574201611409958e-05,0.29018728173992003
2_trans_2373.csv,1,1,1,0.9999998027120823,0.9999998027120823,3.0555659626582373e-37,1.1727015715676407e-23,1.9728791763530936e-07
2_trans_2415.csv,1,1,1,0.9861212705143786,0.9861212705143786,1.2394153011827275e-26,2.872512406377178e-19,0.013878729485621499
2_trans_1685.csv,3,3,1,0.8702620417364783,0.051647803105222996,3.702254645454337e-13,0.8702620417364783,0.07809015515792865
2_trans_2398.csv,1,1,1,0.9999999999994826,0.9999999999994826,2.4154313597268847e-57,2.5183709111506987e-22,5.172603713479302e-13
2_trans_1687.csv,1,1,1,0.9999999955975492,0.9999999955975492,3.546676705575259e-36,4.392328551423211e-09,1.0122336386804006e-11
2_trans_1693.csv,1,1,1,0.9999999999995246,0.9999999999995246,3.3654894081056584e-53,3.1212254407299305e-29,4.753355026313425e-13
2_trans_2371.csv,1,1,1,0.9999998604314736,0.9999998604314736,2.8703670002832305e-29,3.1246935501726107e-10,1.3925605702351968e-07
2_trans_2365.csv,1,1,1,0.9999139478643176,0.9999139478643176,5.565555696160688e-20,1.0373292587263062e-19,8.605213568247548e-05
2_trans_316.csv,1,1,1,0.9999999999952494,0.9999999999952494,5.210829819296143e-35,2.4120283690185524e-12,2.3384774463858198e-12
2_trans_470.csv,1,1,1,0.9992112984791582,0.9992112984791582,1.5943925611253407e-28,1.5959367060337244e-09,0.0007886999249050498
2_trans_2359.csv,1,1,1,0.9999994897212278,0.9999994897212278,2.5658939493148932e-21,4.387524518135693e-07,7.152632031705772e-08
2_trans_464.csv,1,1,1,0.9999999999767164,0.9999999999767164,8.388356723466918e-33,1.4323134602295723e-12,2.1851209489683414e-11
2_trans_1136.csv,1,1,1,0.999999999998143,0.999999999998143,9.059725386677043e-52,1.0651890104571334e-24,1.8570281670504288e-12
2_trans_1485.csv,1,1,1,0.9995972725167204,0.9995972725167204,7.546283801917506e-14,2.192782516215182e-11,0.000402727461276475
2_trans_2198.csv,1,1,1,0.9999999833226562,0.9999999833226562,1.6509391446557938e-33,5.872890849180297e-22,1.667734383552084e-08
2_trans_17.csv,3,3,1,0.836096992084238,0.16389818841074794,1.2486139109446286e-14,0.836096992084238,4.819505001482038e-06
2_trans_1491.csv,1,1,1,0.9999999999999463,0.9999999999999463,7.286032433456101e-56,1.1724009287379067e-23,5.379653007912527e-14
2_trans_128.csv,4,4,1,0.9985962728119617,0.001403462844361631,2.643435043352523e-07,1.7238346277726555e-13,0.9985962728119617
2_trans_2601.csv,1,1,1,0.9999848939212392,0.9999848939212392,1.0288007145857143e-32,1.0499296492335064e-23,1.5106078760681832e-05
2_trans_1446.csv,1,1,1,0.9999999825485876,0.9999999825485876,7.058028036191708e-28,1.7443946584949942e-08,7.465837349313151e-12
2_trans_1320.csv,1,1,1,0.9999999999882851,0.9999999999882851,1.1213744944154883e-35,7.806816821060436e-18,1.1714801410420338e-11
2_trans_2946.csv,4,4,1,0.7398885291463875,1.0247631112367038e-05,0.2600993732173409,1.8500051592701174e-06,0.7398885291463875
2_trans_1283.csv,1,1,1,0.9999997698584572,0.9999997698584572,2.991922437321919e-23,1.9556157654497047e-18,2.301415428334757e-07
2_trans_909.csv,1,1,1,0.9999930160394046,0.9999930160394046,6.795202494436662e-25,1.346546725449852e-13,6.98396046090121e-06
2_trans_2749.csv,1,1,1,0.9998437676742126,0.9998437676742126,1.9725859356096904e-24,0.00015336866408294567,2.863661704581086e-06
2_trans_1095.csv,1,1,1,0.9999999998473283,0.9999999998473283,9.270560944940492e-42,4.258294651217736e-22,1.5267175601291312e-10
2_trans_1081.csv,4,4,1,0.9998299551182375,0.0001700446880881987,1.59838846854067e-10,3.3835543191211564e-11,0.9998299551182375
2_trans_1056.csv,1,1,1,0.9999999481405266,0.9999999481405266,1.5511142178899266e-31,1.3724252034029846e-18,5.185947333896054e-08
2_trans_504.csv,1,1,1,0.9589604223471624,0.9589604223471624,8.914065169165887e-15,0.041013858901088045,2.5718751740797354e-05
2_trans_2239.csv,1,1,1,0.9961307916642183,0.9961307916642183,9.188715506576434e-16,5.5047268072980465e-11,0.0038692082807334715
2_trans_510.csv,1,1,1,0.9996445764988088,0.9996445764988088,9.75455066123825e-12,5.513603434139806e-07,0.00035487213109337086
2_trans_276.csv,1,1,1,0.9999999999983766,0.9999999999983766,2.9297208589344286e-38,3.317774919528739e-15,1.6200789687846318e-12
2_trans_1725.csv,1,1,1,0.9999999999999716,0.9999999999999716,1.2405285996146636e-44,3.257833674113257e-20,2.841189703433059e-14
2_trans_511.csv,1,1,1,0.9999999999999998,0.9999999999999998,4.463211898816772e-55,9.756622363737672e-26,2.821830919189514e-16
2_trans_2238.csv,1,1,1,0.9984146931543446,0.9984146931543446,4.838533824876068e-13,0.0015297008554733082,5.560598969804164e-05
2_trans_1731.csv,1,1,1,1.0,1.0,9.260038169250299e-66,1.6760839410368557e-20,5.314907813243842e-23
2_trans_2562.csv,1,1,1,0.9999999999999318,0.9999999999999318,5.451008658892629e-38,5.4003953286894176e-14,1.424589746136997e-14
2_trans_1080.csv,1,1,1,1.0,1.0,6.582447707041414e-51,5.989993302856836e-20,1.0398531579210825e-17
2_trans_1902.csv,3,3,1,0.5079226796832574,0.49200296854670195,1.330493405692407e-11,0.5079226796832574,7.435175673563434e-05
2_trans_288.csv,1,1,1,0.9999965308930484,0.9999965308930484,8.807156693572784e-14,9.315035919408267e-08,3.375956504258678e-06
2_trans_1527.csv,1,1,1,0.9999999987620305,0.9999999987620305,4.283827385095313e-48,1.686774862836812e-27,1.2379695820821931e-09
2_trans_2984.csv,2,2,1,0.5051965768514831,7.726983082922008e-11,0.5051965768514831,7.767585406275117e-11,0.4948034229935713
2_trans_2760.csv,1,1,1,1.0,1.0,5.663471662174862e-55,1.1162797024230764e-23,1.7635360880622912e-17
2_trans_2953.csv,4,4,1,0.8261754190659405,0.0001817556654616994,0.1736287307382158,1.4094530382040652e-05,0.8261754190659405
2_trans_1296.csv,1,1,1,0.6762581438389424,0.6762581438389424,1.5500664227415002e-11,3.145629927161247e-11,0.32374185611410056
2_trans_1335.csv,1,1,1,0.9999999999999545,0.9999999999999545,2.1795629726289238e-60,2.8508616310446995e-26,4.560122410220525e-14
2_trans_2628.csv,1,1,1,0.9999999995333086,0.9999999995333086,1.5825516117310856e-33,1.1640365103929939e-10,3.5028790092129395e-10
2_trans_1321.csv,1,1,1,1.0,1.0,1.1802062650914647e-54,1.5193729275773814e-20,1.1965488390140339e-17
2_trans_883.csv,1,1,1,1.0,1.0,1.4503469404513683e-58,6.897460590435884e-26,6.965727294715158e-17
2_trans_2172.csv,1,4,0,0.6240889297972912,0.37591106370856153,2.1423129872296546e-12,6.492005000700798e-09,0.6240889297972912
2_trans_897.csv,1,1,1,1.0,1.0,1.3177525310864177e-60,9.805068494867376e-28,8.992594628849368e-19
2_trans_129.csv,3,3,1,0.9999999964161377,3.583845246388211e-09,1.9128124580313403e-19,0.9999999964161377,1.7179329802431465e-14
2_trans_2827.csv,2,2,1,0.9958356108193401,3.3586889521167593e-13,0.9958356108193401,1.4259500218137182e-13,0.004164389180181415
2_trans_16.csv,1,1,1,0.9999979985708212,0.9999979985708212,2.682310163187388e-37,1.5977152531584674e-23,2.001429178741422e-06
2_trans_868.csv,4,4,1,0.9913885321959589,0.004764582472720613,0.0002156114029414418,0.003631273928379075,0.9913885321959589
2_trans_698.csv,1,1,1,0.9999999999992464,0.9999999999992464,7.197767662714527e-50,2.77626120126049e-32,7.537081713311941e-13
2_trans_840.csv,1,1,1,1.0,1.0,1.9980212839707734e-47,1.0642977816098437e-17,4.023712260255528e-17
2_trans_1889.csv,1,1,1,0.9999999997473921,0.9999999997473921,1.175280738374394e-31,1.4941138742695125e-14,2.525930695436713e-10
2_trans_2358.csv,1,1,1,0.9998464750073021,0.9998464750073021,3.6067290766336673e-25,3.318941422650337e-10,0.00015352466080384113
2_trans_317.csv,1,1,1,0.9999995982634098,0.9999995982634098,1.524929329070914e-38,2.0951092242836305e-18,4.017365902444657e-07
2_trans_459.csv,1,1,1,0.9999999993909998,0.9999999993909998,6.902893680450767e-40,3.997898455891989e-15,6.089961586109253e-10
2_trans_1686.csv,1,1,1,0.9999999999999969,0.9999999999999969,5.6480760199473e-56,3.0933463876801995e-27,3.0260026439608542e-15
