id,true_label,predicted_label,correct,confidence,p_class_1,p_class_2,p_class_3,p_class_4
2_trans_1853.csv,1,1,1,0.9999863788419678,0.9999863788419678,1.8263919944490138e-31,1.7763368012295784e-06,1.1844821230900715e-05
2_trans_1106.csv,1,1,1,0.9661822636216365,0.9661822636216365,7.761810960800288e-14,0.000659840990764987,0.033157895387520835
2_trans_1112.csv,1,1,1,0.9999645895312165,0.9999645895312165,1.7936529664329907e-38,3.526878323602895e-05,1.4168554741899254e-07
2_trans_1674.csv,1,1,1,0.9990184167164966,0.9990184167164966,1.8876744783467276e-26,9.681190635130876e-07,0.0009806151644398207
2_trans_1890.csv,1,1,1,0.8458543537939401,0.8458543537939401,9.295738865901588e-22,0.15164678938249354,0.002498856823566338
2_trans_1648.csv,1,1,1,0.5497269973178083,0.5497269973178083,9.93786810241228e-22,0.4500977016286864,0.00017530105350530432
2_trans_33.csv,1,1,1,0.9999790458963311,0.9999790458963311,1.218542175792288e-37,1.86041440948034e-05,2.3499595739981866e-06
2_trans_871.csv,1,1,1,0.9980138004183622,0.9980138004183622,1.5353203317643442e-19,0.0006230324223932527,0.0013631671592445349
2_trans_1462.csv,1,1,1,0.9976538991494069,0.9976538991494069,9.879446724794262e-21,0.0023083879696503304,3.7712880942640105e-05
2_trans_1476.csv,1,3,0,0.6030959782492443,0.326049827837035,2.852066690988854e-09,0.6030959782492443,0.0708541910616539
2_trans_2619.csv,1,1,1,0.9785702300370233,0.9785702300370233,1.1923451209791405e-14,0.0021818944801332563,0.01924787548283142
2_trans_1338.csv,1,1,1,0.9999965661381651,0.9999965661381651,1.7543012909686763e-45,3.430305318900685e-06,3.5565160017457237e-09
2_trans_2631.csv,1,1,1,0.999673588471584,0.999673588471584,2.2487700217822746e-26,0.00026663768900511285,5.977383941072793e-05
2_trans_2625.csv,1,1,1,0.9988148104606588,0.9988148104606588,3.897651117398428e-27,0.0009745123843261864,0.00021067715501499573
2_trans_939.csv,4,1,0,0.8336144508765521,0.8336144508765521,8.111714397699232e-18,0.16351134998313813,0.002874199140309776
2_trans_722.csv,1,1,1,0.998180073375725,0.998180073375725,4.4654716046587396e-29,0.0017126009479559044,0.00010732567631894217
2_trans_1258.csv,4,4,1,0.9242972921112886,0.043428410160149124,0.023301447637277203,0.008972850091285095,0.9242972921112886
2_trans_285.csv,1,1,1,0.9990838427123147,0.9990838427123147,7.944698057904942e-25,2.2472863953027135e-05,0.0008936844237322061
2_trans_1933.csv,1,1,1,0.46427325976537664,0.46427325976537664,3.0114966309562216e-16,0.43752723520624226,0.09819950502838085
2_trans_1927.csv,1,1,1,0.9948054616904974,0.9948054616904974,1.0973222112460419e-16,0.0010053544360180003,0.004189183873484622
2_trans_1700.csv,1,1,1,0.9999847089442851,0.9999847089442851,2.5347160028008994e-28,2.9083912794545846e-06,1.2382664435358139e-05
2_trans_534.csv,1,1,1,0.9977634383744461,0.9977634383744461,2.3953118887811278e-15,0.0022162320578390567,2.0329567712522427e-05
2_trans_2209.csv,1,1,1,0.9669813601644982,0.9669813601644982,3.3515847476730986e-25,0.031723241975361104,0.0012953978601407084
2_trans_2221.csv,1,1,1,0.9500046101024465,0.9500046101024465,8.970786127311084e-21,0.030867876745169102,0.019127513152384343
2_trans_2547.csv,1,1,1,0.9985804139592835,0.9985804139592835,1.1242821385472032e-17,0.0001031012703125485,0.0013164847704038236
2_trans_2220.csv,1,1,1,0.5397263832690832,0.5397263832690832,2.0820494169538612e-09,0.01310217395919734,0.44717144068967
2_trans_1729.csv,1,1,1,0.9999967506459696,0.9999967506459696,1.880701867424391e-33,1.8133048274846687e-07,3.068023547635774e-06
2_trans_2546.csv,1,1,1,0.8064962683210909,0.8064962683210909,9.651713718236338e-16,0.1931815376915461,0.00032219398736208426
2_trans_2208.csv,1,1,1,0.9906787015145399,0.9906787015145399,1.458014163172389e-21,0.00034681001876996146,0.008974488466690175
2_trans_1701.csv,1,1,1,0.9999751114258579,0.9999751114258579,3.6940382907644926e-33,1.888415168223849e-05,6.004422459878511e-06
2_trans_247.csv,1,1,1,0.9999820391484164,0.9999820391484164,2.212076460755024e-39,1.7838335653331485e-05,1.225159303224382e-07
2_trans_2591.csv,1,1,1,0.9999976466161371,0.9999976466161371,1.3456531169468075e-44,2.3524315743339085e-06,9.522887636297298e-10
2_trans_1926.csv,1,1,1,0.9999971151102794,0.9999971151102794,7.408278560755161e-49,2.8742135459501667e-06,1.0676174451930748e-08
2_trans_1932.csv,1,1,1,0.9489700532625167,0.9489700532625167,6.1240012219728156e-18,0.05013108129162675,0.0008988654458567016
2_trans_1259.csv,1,1,1,0.9945137489153183,0.9945137489153183,1.4786505414684337e-14,9.006456090432549e-05,0.005396186523762543
2_trans_2744.csv,1,1,1,0.9956128470686746,0.9956128470686746,3.116190011362076e-25,0.0017264308340205097,0.0026607220973048
2_trans_1503.csv,1,1,1,0.9999992864457385,0.9999992864457385,2.432114043796481e-44,6.960191128662624e-07,1.7535148506421655e-08
2_trans_2787.csv,1,1,1,0.999492017310034,0.999492017310034,8.080102386549234e-19,0.0003229603194522935,0.00018502237051367044
2_trans_2977.csv,2,2,1,0.9238237701781222,0.034034743508727885,0.9238237701781222,0.00023951269826638766,0.041901973614883695
2_trans_938.csv,1,1,1,0.9999991005447716,0.9999991005447716,4.361120242433557e-30,4.594969591828675e-07,4.399582692814205e-07
2_trans_2142.csv,3,1,0,0.546928348893742,0.546928348893742,5.369180061680067e-11,0.4504098126668977,0.002661838385668481
2_trans_119.csv,3,1,0,0.8876483179146903,0.8876483179146903,3.1756706913070777e-12,0.05882448844990049,0.05352719363223352
2_trans_2156.csv,1,3,0,0.7438123624338642,0.2551969580024909,6.09339412969464e-14,0.7438123624338642,0.000990679563583821
2_trans_125.csv,1,1,1,0.9999778534466918,0.9999778534466918,1.0406433921907872e-33,1.3057322281323592e-05,9.089231026985906e-06
2_trans_864.csv,1,1,1,0.9992075364727266,0.9992075364727266,5.314532445730291e-30,0.000498816138871628,0.0002936473884016692
2_trans_2181.csv,1,1,1,0.9998157001984216,0.9998157001984216,1.9768091080232844e-27,6.107132006917628e-06,0.0001781926695714177
2_trans_680.csv,1,1,1,0.5408292679030107,0.5408292679030107,1.2568692004148828e-08,0.048465408088193,0.4107053114401043
2_trans_1891.csv,1,1,1,0.9867181246201452,0.9867181246201452,4.062211247542495e-27,0.013160675689172958,0.00012119969068189007
2_trans_2432.csv,1,1,1,0.9673067083885595,0.9673067083885595,8.746071928057699e-15,0.019559738043011487,0.013133553568420192
2_trans_327.csv,3,4,0,0.6466706669653787,0.16801189342299175,3.357642768802829e-14,0.1853174396115961,0.6466706669653787
2_trans_455.csv,1,1,1,0.9893961515363444,0.9893961515363444,3.330083620513048e-16,0.010539236542582372,6.461192107284177e-05
2_trans_2368.csv,1,1,1,0.6890305061314205,0.6890305061314205,3.235227313089517e-17,0.29910314448057523,0.011866349388004281
2_trans_1852.csv,1,1,1,0.4823437102599137,0.4823437102599137,2.024308605582785e-12,0.4782681744678618,0.039388115270200155
2_trans_482.csv,1,1,1,0.9999912463384958,0.9999912463384958,1.4375320421041586e-29,1.8266976916721478e-06,6.926963812479891e-06
2_trans_496.csv,1,1,1,0.49501461948838166,0.49501461948838166,1.0544111401997294e-11,0.4634033981521004,0.04158198234897372
2_trans_1688.csv,1,1,1,0.7299238924473554,0.7299238924473554,1.0510730481177405e-09,0.15918497702817969,0.11089112947339178
2_trans_2395.csv,1,1,1,0.9999578562200057,0.9999578562200057,2.1551682940213745e-36,4.089428849097325e-05,1.24949150344472e-06
2_trans_1111.csv,4,4,1,0.8220254390527174,0.17495032334399552,3.668584237016878e-08,0.003024200917444743,0.8220254390527174
2_trans_1105.csv,1,1,1,0.9997820718736,0.9997820718736,3.3716415561114752e-28,9.171024415797489e-05,0.00012621788224206684
2_trans_331.csv,1,1,1,0.9999979367342879,0.9999979367342879,8.875071080206173e-37,7.065795055518864e-07,1.3566862064145676e-06
2_trans_1663.csv,1,1,1,0.9999819613616987,0.9999819613616987,2.49043809319565e-29,8.633384058585153e-07,1.7175299895337063e-05
2_trans_2430.csv,1,1,1,0.9855371866407016,0.9855371866407016,4.898839891609644e-28,0.014252786492291239,0.00021002686700705533
2_trans_1139.csv,3,3,1,0.7171855801554158,0.2788107954621804,1.2664863552475188e-13,0.7171855801554158,0.004003624382277186
2_trans_682.csv,1,1,1,0.689752755665232,0.689752755665232,5.545103874085392e-15,0.3046970466953603,0.005550197639402289
2_trans_696.csv,1,1,1,0.5005007022067368,0.5005007022067368,0.0015074315070716774,0.033507324626968274,0.4644845416592232
2_trans_2815.csv,2,2,1,0.9907242987559235,0.00023925564180448636,0.9907242987559235,0.00012025087183740341,0.008916194730434568
2_trans_2197.csv,1,1,1,0.9991724030438581,0.9991724030438581,4.699415142471172e-28,0.0008157510562209861,1.1845899920827891e-05
2_trans_872.csv,1,1,1,0.9671602796048585,0.9671602796048585,1.500368831043561e-14,0.014955050532256244,0.01788466986287025
2_trans_641.csv,1,1,1,0.9997569376286698,0.9997569376286698,1.8398138320485724e-31,0.00023651174705529275,6.5506242751009075e-06
2_trans_899.csv,1,1,1,0.9999648991143718,0.9999648991143718,6.479238993093774e-29,5.746712266462268e-06,2.935417336180301e-05
2_trans_1475.csv,3,3,1,0.8923541201815033,0.10696493232807154,3.7386334293208715e-14,0.8923541201815033,0.0006809474903877955
2_trans_2975.csv,4,4,1,0.9217831179375388,0.03606815588844339,0.0374446892286385,0.0047040369453792905,0.9217831179375388
2_trans_2949.csv,2,4,0,0.8827890985246974,0.0036195921014463323,0.11303805050438619,0.0005532588694699285,0.8827890985246974
2_trans_2785.csv,1,1,1,0.9999670554744902,0.9999670554744902,1.6456022294575585e-38,3.27751085241703e-05,1.694169858335966e-07
2_trans_2008.csv,4,4,1,0.4875417555687597,0.46556079012897883,3.076076641241367e-12,0.0468974542991855,0.4875417555687597
2_trans_1515.csv,1,1,1,0.8353548171389857,0.8353548171389857,2.087782573528651e-14,0.1561270758966785,0.008518106964314664
2_trans_721.csv,1,1,1,0.9998995525616613,0.9998995525616613,4.2797463692110384e-35,8.916254196008166e-05,1.1284896378613199e-05
2_trans_1273.csv,1,1,1,0.9999997488265304,0.9999997488265304,6.616445956593439e-46,2.3214040517401013e-07,1.903306437127034e-08
2_trans_2593.csv,1,1,1,0.9980626620543,0.9980626620543,3.2490672911195943e-24,2.0439417832892665e-06,0.0019352940039166567
2_trans_1065.csv,1,1,1,0.9999667422709607,0.9999667422709607,9.349366191935052e-24,3.233565601060389e-06,3.0024163438296665e-05
2_trans_2578.csv,1,1,1,0.9934065463607341,0.9934065463607341,1.9970642866478726e-23,0.006511952018561464,8.15016207044397e-05
2_trans_2236.csv,1,1,1,0.7073297189077052,0.7073297189077052,6.540598257381621e-16,0.29249900197002365,0.00017127912227055307
2_trans_2551.csv,1,1,1,0.9971910253368294,0.9971910253368294,1.0273594003760339e-18,0.0020175056918456825,0.0007914689713249665
2_trans_1716.csv,1,1,1,0.9999760562698295,0.9999760562698295,1.4240705648928408e-29,7.013795650906213e-07,2.3242350605215774e-05
2_trans_522.csv,4,4,1,0.7246706728143689,0.19612663479280604,6.139937602500266e-08,0.07920263099344887,0.7246706728143689
2_trans_536.csv,1,1,1,0.9999731790662815,0.9999731790662815,1.1626823042721111e-33,2.5853777949252656e-05,9.671557692673583e-07
2_trans_1064.csv,1,1,1,0.999998037722634,0.999998037722634,1.5341606286589002e-28,1.9164940684481689e-07,1.7706279591292938e-06
2_trans_1925.csv,1,1,1,0.7839963679386244,0.7839963679386244,2.719212963420271e-09,0.020819104639900048,0.1951845247022625
2_trans_2592.csv,4,4,1,0.8585729654478527,0.13491303071432262,4.114467679106579e-11,0.006514003796680004,0.8585729654478527
2_trans_1919.csv,1,1,1,0.9892672288289632,0.9892672288289632,2.7605157310071263e-36,0.01073254610981688,2.2506121963262808e-07
2_trans_293.csv,1,1,1,0.4045508646862411,0.4045508646862411,4.660291851085039e-06,0.40197510798556285,0.19346936703634499
2_trans_708.csv,1,1,1,0.9999932617068706,0.9999932617068706,1.5760937605251561e-31,3.895676371794012e-08,6.6993363655266004e-06
2_trans_907.csv,1,1,1,0.9999670386283488,0.9999670386283488,1.1952206559870744e-29,3.1511090839509326e-05,1.4502808116582258e-06
2_trans_1299.csv,1,1,1,0.9495406722362038,0.9495406722362038,2.0949301969525672e-20,0.05019881905818904,0.0002605087056072761
2_trans_913.csv,1,1,1,0.9999995279706714,0.9999995279706714,1.2310630412963002e-38,4.5521681789115475e-07,1.6812510727597423e-08
2_trans_2627.csv,1,1,1,0.9999959146361709,0.9999959146361709,1.0169430929696525e-28,4.2730455737119444e-07,3.65805927192293e-06
2_trans_132.csv,1,1,1,0.9999859175275437,0.9999859175275437,2.6102238720975265e-39,1.3841021462363355e-05,2.414509938792759e-07
2_trans_873.csv,3,1,0,0.6696637278624642,0.6696637278624642,1.352857949930151e-17,0.3299107523852899,0.00042551975224595305
2_trans_683.csv,1,1,1,0.9999423154574462,0.9999423154574462,2.4139563760142563e-18,2.156537012356201e-05,3.611917243029631e-05
2_trans_2357.csv,4,4,1,0.7439807249231699,0.24566724533616902,1.096237870307413e-07,0.010351920116873973,0.7439807249231699
2_trans_2343.csv,3,1,0,0.6829509527850133,0.6829509527850133,9.154487760678599e-20,0.3169318793800978,0.0001171678348890785
2_trans_318.csv,1,1,1,0.6087724171188668,0.6087724171188668,3.5305094803430917e-15,0.3901018932484152,0.0011256896327144844
2_trans_324.csv,1,1,1,0.9999976705617561,0.9999976705617561,5.236134704031945e-30,2.2193169823535697e-07,2.107506545695448e-06
2_trans_2394.csv,1,1,1,0.5996405892009242,0.5996405892009242,8.69574461478156e-12,0.3905943512246056,0.009765059565774456
2_trans_1851.csv,3,3,1,0.7901245525802941,0.12074344114552939,7.449940090150192e-11,0.7901245525802941,0.08913200619967696
2_trans_1689.csv,1,3,0,0.6337067456552404,0.33601509187884976,4.2256535991812085e-14,0.6337067456552404,0.030278162465867446
2_trans_495.csv,1,1,1,0.9998348408115089,0.9998348408115089,5.934526114981914e-37,0.00016513924237648476,1.9946114583363934e-08
2_trans_1855.csv,1,1,1,0.8648498683541146,0.8648498683541146,3.022886626168164e-16,0.1309058536183967,0.004244278027488128
2_trans_1699.csv,1,1,1,0.9999831353159697,0.9999831353159697,6.002369141854653e-30,1.8706438061448166e-06,1.4994040224288167e-05
2_trans_1841.csv,1,1,1,0.9999986169114441,0.9999986169114441,2.730950785132498e-37,7.157113578377549e-07,6.673771978597066e-07
2_trans_485.csv,1,1,1,0.999972139208587,0.999972139208587,6.917195009020584e-37,2.7859407028734687e-05,1.3843841919753315e-09
2_trans_491.csv,1,1,1,0.9998171017855202,0.9998171017855202,6.906424499755427e-33,0.0001824034816803007,4.947327995978972e-07
2_trans_1128.csv,1,1,1,0.9966287672060266,0.9966287672060266,1.632111919262879e-21,4.961090847401134e-05,0.0033216218854993274
2_trans_1896.csv,1,1,1,0.9999999424149175,0.9999999424149175,4.927807528027388e-33,2.7586937605480496e-08,2.999814491629113e-08
2_trans_1882.csv,1,1,1,0.9999998720093111,0.9999998720093111,6.163300060057333e-37,1.2299122929968743e-07,4.999459666138549e-09
2_trans_2435.csv,1,4,0,0.8408538926860191,0.09201307978898178,0.038416278627311014,0.028716748897688247,0.8408538926860191
2_trans_320.csv,1,1,1,0.999997444845084,0.999997444845084,6.072236103846339e-34,2.067465658233483e-06,4.876892579002079e-07
2_trans_1672.csv,4,4,1,0.5252863407069509,0.47419887163156477,9.403933602292041e-14,0.0005147876613903603,0.5252863407069509
2_trans_446.csv,1,1,1,0.9997606082729412,0.9997606082729412,1.1476009057393623e-24,5.1755186765828174e-05,0.00018763654029311285
2_trans_1100.csv,1,1,1,0.9999260047716056,0.9999260047716056,1.350125886227063e-32,6.993515316669999e-05,4.060075227685946e-06
2_trans_334.csv,4,1,0,0.5183489477933039,0.5183489477933039,1.5851953833144916e-08,0.3221327826853223,0.15951825366942002
2_trans_877.csv,3,4,0,0.4344689902606634,0.24366793131489384,1.1090913183416913e-06,0.3218619693331245,0.4344689902606634
2_trans_2804.csv,4,1,0,0.5411966564581682,0.5411966564581682,0.009701237791227512,0.044418034483834266,0.40468407126677014
2_trans_693.csv,1,1,1,0.9763044676450543,0.9763044676450543,9.81831754468131e-18,0.01788390698667765,0.0058116253682680965
2_trans_1458.csv,4,1,0,0.9308633459207118,0.9308633459207118,1.4648948981729673e-09,0.005523787522998526,0.06361286509139474
2_trans_2179.csv,4,4,1,0.8309147172299575,0.03183070730268536,0.1346672595892332,0.0025873158781240945,0.8309147172299575
2_trans_1470.csv,1,1,1,0.9999678586713937,0.9999678586713937,2.063649065577962e-30,9.425017921812253e-06,2.271631068433219e-05
2_trans_136.csv,1,1,1,0.9987421736232068,0.9987421736232068,1.0372131078427283e-23,0.0010772864337981942,0.00018053994299492497
2_trans_888.csv,1,1,1,0.9892864516840385,0.9892864516840385,4.648962252470822e-16,0.00014271513964730977,0.010570833176313724
2_trans_1538.csv,1,1,1,0.9999986233487093,0.9999986233487093,2.2691158707293803e-38,3.4279959345965337e-07,1.03385169715136e-06
2_trans_2757.csv,1,1,1,0.7574566294608887,0.7574566294608887,1.656890212265715e-18,0.23681298263084652,0.005730387908264945
2_trans_2743.csv,1,1,1,0.9478208073962544,0.9478208073962544,2.089726632879225e-17,0.04407081219168304,0.008108380412062438
2_trans_730.csv,4,2,0,0.9967336520935077,0.002720603311275981,0.9967336520935077,0.000170033874433047,0.0003757107207833835
2_trans_2019.csv,1,1,1,0.9999261665751872,0.9999261665751872,5.173885734006579e-27,3.362068677500559e-06,7.047135613530816e-05
2_trans_1921.csv,1,1,1,0.9999444814280667,0.9999444814280667,2.0838357498157114e-30,5.1025453910914484e-05,4.493118022354245e-06
2_trans_2582.csv,1,1,1,0.9957430797663763,0.9957430797663763,7.627179712871429e-20,0.003806800262473937,0.00045011997114998136
2_trans_2233.csv,1,1,1,0.9996141608570014,0.9996141608570014,9.62438382798279e-26,0.00038239581468111494,3.443328317469647e-06
2_trans_1048.csv,1,1,1,0.9736207417281533,0.9736207417281533,1.775482628187728e-18,0.02117708669943098,0.005202171572415735
2_trans_1706.csv,1,1,1,0.9999995062609375,0.9999995062609375,6.8551876315654745e-43,4.6992781079692345e-07,2.3811251566006852e-08
2_trans_1074.csv,1,1,1,0.9999990490749341,0.9999990490749341,7.760788708014414e-39,9.051804840929441e-07,4.5744581898296446e-08
2_trans_527.csv,1,1,1,0.9994653937606827,0.9994653937606827,7.799712126892762e-20,9.441997703009752e-05,0.0004401862622872675
2_trans_241.csv,1,1,1,0.9990100249800536,0.9990100249800536,6.758216266163967e-16,0.00040648230678193346,0.0005834927131637872
2_trans_1061.csv,1,1,1,0.999192199436426,0.999192199436426,2.5081499202482614e-28,0.0008042148126710037,3.5857509030654828e-06
2_trans_255.csv,2,4,0,0.9450243899637376,0.02693155180477341,0.02259257045426957,0.005451487777219519,0.9450243899637376
2_trans_533.csv,4,4,1,0.8357270092377429,0.14831814146969768,2.0582805188384424e-07,0.01595464346450746,0.8357270092377429
2_trans_2226.csv,1,1,1,0.9993037990963384,0.9993037990963384,9.621135932821697e-20,2.7877024560324255e-05,0.0006683238791011705
2_trans_1049.csv,1,1,1,0.9998938086556018,0.9998938086556018,3.1621718372152584e-32,3.03041742117368e-07,0.00010588830265614514
2_trans_2540.csv,1,1,1,0.9999974425772692,0.9999974425772692,3.467155890573106e-38,1.4503958252485003e-06,1.107026905535378e-06
2_trans_269.csv,1,1,1,0.999980438713197,0.999980438713197,1.1011962887471773e-29,1.9229936581069252e-05,3.3135022218870065e-07
2_trans_2232.csv,1,1,1,0.8335549653794074,0.8335549653794074,3.186072621497419e-05,0.041485720448782126,0.12492745344559546
2_trans_1934.csv,1,1,1,0.8982634526388881,0.8982634526388881,3.414651829382803e-12,0.02940660215220673,0.07232994520549046
2_trans_2018.csv,4,4,1,0.9319165861809121,0.03718555368885215,0.004723784687364924,0.026174075442870776,0.9319165861809121
2_trans_731.csv,1,1,1,0.9927140637142088,0.9927140637142088,2.5617217424556053e-16,0.006923732034069449,0.00036220425172137565
2_trans_9.csv,1,1,1,0.7551457668346835,0.7551457668346835,7.37632293955752e-14,0.22872621829410572,0.016128014871137034
2_trans_719.csv,1,1,1,0.9840298320524742,0.9840298320524742,1.0864841284251047e-17,2.3373775831866414e-05,0.01594679417169407
2_trans_2030.csv,3,1,0,0.6797606003529927,0.6797606003529927,3.601715859647059e-09,0.18201747290140996,0.1382219231438816
2_trans_1539.csv,1,1,1,0.999662321504234,0.999662321504234,1.1973626948592022e-27,0.00033347493605589214,4.203559710176926e-06
2_trans_2756.csv,1,1,1,0.9999853208416215,0.9999853208416215,1.0294732228851567e-37,1.4660983955132502e-05,1.817442346507713e-08
2_trans_2965.csv,4,2,0,0.47557216613250214,0.16809271113881125,0.47557216613250214,0.0458642412740296,0.3104708814546569
2_trans_916.csv,1,1,1,0.9993438201745942,0.9993438201745942,7.353346139837019e-20,0.00022633005564738534,0.00042984976975852385
2_trans_1459.csv,1,1,1,0.9999974560526339,0.9999974560526339,2.6449695118064054e-35,1.3905525528730414e-06,1.15339481329585e-06
2_trans_2150.csv,1,1,1,0.9933783840422584,0.9933783840422584,9.219307898626865e-25,0.006093820454202454,0.0005277955035390769
2_trans_2805.csv,2,2,1,0.985901955333035,0.00018751239859589653,0.985901955333035,8.272506904232836e-05,0.013827807199326766
2_trans_876.csv,1,1,1,0.9999977925482951,0.9999977925482951,1.3144033525989964e-36,1.649967046112384e-06,5.574846588885785e-07
2_trans_335.csv,1,1,1,0.9814863711293283,0.9814863711293283,2.0367416500941815e-15,0.0005654570245552494,0.017948171846114358
2_trans_1115.csv,1,1,1,0.9996533593242165,0.9996533593242165,5.92736193448726e-26,0.00034388677185338487,2.7539039301516977e-06
2_trans_447.csv,1,1,1,0.9999969123439391,0.9999969123439391,4.66280118472935e-34,9.417329789250914e-07,2.145923082093401e-06
2_trans_2352.csv,1,1,1,0.9968551032958556,0.9968551032958556,1.4228874387627728e-21,2.6854146013338502e-05,0.0031180425581311387
2_trans_309.csv,4,4,1,0.8825107209230452,0.10418822170510306,2.129351993012817e-09,0.013301055242499738,0.8825107209230452
2_trans_1129.csv,1,1,1,0.99689664806434,0.99689664806434,4.501691179147691e-23,4.591325605354006e-08,0.0031033060224038545
2_trans_2346.csv,1,1,1,0.9999953896747074,0.9999953896747074,6.1274362029680075e-34,2.9227652945796454e-07,4.318048763097812e-06
2_trans_1868.csv,1,1,1,0.9998639222976697,0.9998639222976697,4.5335333751521605e-26,0.00013107273565855573,5.004966671709177e-06
2_trans_2385.csv,1,1,1,0.9997815558190175,0.9997815558190175,5.488570453569415e-22,0.0001348265335568354,8.361764742569081e-05
2_trans_1854.csv,1,1,1,0.9972642224709704,0.9972642224709704,1.2900800175725808e-20,9.063558861210429e-05,0.002645141940417559
2_trans_1842.csv,1,1,1,0.9989615537475522,0.9989615537475522,5.976406155047979e-22,2.449052681207742e-05,0.001013955725635694
2_trans_1856.csv,1,1,1,0.9999228720488308,0.9999228720488308,1.5184506211373684e-32,7.451982553289269e-05,2.6081256362536774e-06
2_trans_2387.csv,4,4,1,0.9537189873670741,0.014646853177524885,7.649754307185526e-06,0.03162650970109384,0.9537189873670741
2_trans_486.csv,3,1,0,0.859183705039097,0.859183705039097,4.38218097401712e-25,0.14070329343732488,0.00011300152357807008
2_trans_1881.csv,1,1,1,0.8758761109324577,0.8758761109324577,2.967411558670874e-17,0.12328950885734305,0.0008343802101992929
2_trans_2344.csv,1,1,1,0.999624550387428,0.999624550387428,2.06644959615707e-24,4.831978742706638e-07,0.00037496641469787333
2_trans_1665.csv,1,1,1,0.9998193013263366,0.9998193013263366,4.792348123066473e-28,4.633855369615435e-06,0.0001760648182939021
2_trans_323.csv,1,1,1,0.9816386485480617,0.9816386485480617,2.40603233098174e-18,0.017728383408339644,0.0006329680435987419
2_trans_2185.csv,1,1,1,0.9997335044253923,0.9997335044253923,7.003957128191794e-26,0.00020520022027199672,6.12953543358265e-05
2_trans_684.csv,1,1,1,0.8128376154525413,0.8128376154525413,1.906951032611678e-12,0.05504612347602048,0.13211626106953128
2_trans_2152.csv,1,1,1,0.9998042745421699,0.9998042745421699,1.354924078676215e-31,0.00015922569167307183,3.649976615688306e-05
2_trans_2634.csv,1,1,1,0.9998431798926956,0.9998431798926956,5.141460215007009e-23,6.005632095771368e-05,9.676378634668023e-05
2_trans_2620.csv,1,1,1,0.9566204671191538,0.9566204671191538,2.289998469768506e-14,0.003313169734885872,0.04006636314593731
2_trans_2146.csv,1,3,0,0.6174466160537262,0.3454897443549345,3.146020167990441e-15,0.6174466160537262,0.037063639591336024
2_trans_1467.csv,1,1,1,0.999994818122829,0.999994818122829,9.676038188732019e-43,5.060733560021006e-06,1.2114361090413983e-07
2_trans_2608.csv,1,1,1,0.9997858962323882,0.9997858962323882,2.6910592248424436e-27,4.326980494951714e-07,0.00021367106956217324
2_trans_900.csv,1,1,1,0.9960649458754223,0.9960649458754223,8.682280846759553e-19,0.00012316860766082798,0.0038118855169168094
2_trans_2797.csv,1,1,1,0.9972785031757815,0.9972785031757815,2.2821706986089272e-20,7.660851144418763e-05,0.00264488831277431
2_trans_2967.csv,2,2,1,0.5258654490635281,0.10409286106789213,0.5258654490635281,0.05420024902656632,0.3158414408420136
2_trans_1513.csv,1,1,1,0.999871883099323,0.999871883099323,2.0608983331336428e-29,0.00011683220964055242,1.1284691036454732e-05
2_trans_2768.csv,1,1,1,0.9999822842160865,0.9999822842160865,2.354356194777696e-30,7.832917230879298e-06,9.882866682590364e-06
2_trans_733.csv,1,1,1,0.9999730234063432,0.9999730234063432,3.990179263466927e-39,2.6750441255936073e-05,2.2615240066117078e-07
2_trans_2595.csv,1,1,1,0.9996035230659424,0.9996035230659424,4.121284103500114e-21,5.5044417440007166e-05,0.0003414325166176816
2_trans_294.csv,1,1,1,0.9999976176894478,0.9999976176894478,1.8186815572872034e-34,2.3672145231705876e-06,1.5096028995518545e-08
2_trans_519.csv,1,1,1,0.9999446571415879,0.9999446571415879,1.7717225796725555e-29,3.6683281391845975e-06,5.167453027296161e-05
2_trans_2556.csv,1,3,0,0.5428819359512437,0.45166802758455127,1.28045251564346e-14,0.5428819359512437,0.005450036464192317
2_trans_1077.csv,1,1,1,0.9899780459360025,0.9899780459360025,2.2748303874198176e-18,0.001115819433954788,0.008906134630042632
2_trans_243.csv,1,1,1,0.9999996784213064,0.9999996784213064,6.107149973069579e-34,1.8003704636638547e-07,1.415416471581335e-07
2_trans_2218.csv,1,1,1,0.9968494196380654,0.9968494196380654,5.181897513571787e-16,4.299865372082339e-05,0.003107581708213479
2_trans_1711.csv,1,1,1,0.9998233286968295,0.9998233286968295,2.0667288333400038e-17,2.1600771718307218e-05,0.00015507053145212926
2_trans_1063.csv,1,1,1,0.9999998645528588,0.9999998645528588,1.246386315703672e-37,2.7910758325808374e-08,1.0753638285185566e-07
2_trans_1076.csv,1,1,1,0.9998187471132697,0.9998187471132697,1.0484127876204904e-30,0.00017554144933733772,5.7114373931405495e-06
2_trans_2231.csv,1,1,1,0.9995678286954389,0.9995678286954389,1.2409270687132401e-23,1.263764021763195e-06,0.0004309075405393532
2_trans_295.csv,4,1,0,0.7353843499461906,0.7353843499461906,5.26092866405854e-12,0.10134338733499038,0.163272262713558
2_trans_2594.csv,3,1,0,0.5284747944293374,0.5284747944293374,1.8904908813715047e-10,0.3502371351874619,0.12128807019415153
2_trans_1937.csv,1,1,1,0.99999305392632,0.99999305392632,5.038923199362684e-38,6.092058092327671e-06,8.540155876708496e-07
2_trans_1260.csv,1,1,1,0.9918189936885375,0.9918189936885375,4.793704833122693e-19,0.003522201991178101,0.004658804320284386
2_trans_1506.csv,1,1,1,0.9993474956061025,0.9993474956061025,5.1919491032735565e-28,1.0479754728744003e-06,0.0006514564184246788
2_trans_2755.csv,1,1,1,0.9997366149774999,0.9997366149774999,1.1106068788908478e-29,0.00011139972867497098,0.00015198529382509044
2_trans_2027.csv,1,1,1,0.9728527907495232,0.9728527907495232,3.97940034715722e-22,0.025196101425778373,0.0019511078246983121
2_trans_2966.csv,2,2,1,0.9873070535155666,0.00021150643037627035,0.9873070535155666,0.0004604784050885695,0.012020961648968447
2_trans_2796.csv,1,1,1,0.9057008087263689,0.9057008087263689,5.496888340130546e-10,0.05665432153572827,0.037644869188214
2_trans_120.csv,1,1,1,0.9999705378863252,0.9999705378863252,2.057838990880142e-41,2.9445424097852048e-05,1.668957701811268e-08
2_trans_134.csv,1,1,1,0.9999715667728913,0.9999715667728913,2.0370705263572295e-26,2.1433529974804856e-07,2.821889180884231e-05
2_trans_2621.csv,1,1,1,0.9490547922433579,0.9490547922433579,3.470488212979208e-25,0.049857834049156585,0.0010873737074856612
2_trans_2806.csv,2,2,1,0.9678877867298844,0.0002234180487927598,0.9678877867298844,0.00011738355252902229,0.0317714116687939
2_trans_23.csv,4,3,0,0.6534147785575335,0.19222167145470187,1.0595576274936781e-14,0.6534147785575335,0.1543635499877539
2_trans_1116.csv,1,1,1,0.9664028648409229,0.9664028648409229,6.613130398964995e-05,0.0009117445481593752,0.03261925930692834
2_trans_2437.csv,1,1,1,0.9999069332441641,0.9999069332441641,8.819205773211948e-24,6.858597166211936e-05,2.448078417381366e-05
2_trans_2351.csv,1,1,1,0.9950215671921712,0.9950215671921712,1.1093387897825056e-17,0.0031776398671661886,0.0018007929406626921
2_trans_493.csv,4,1,0,0.6156411610083176,0.6156411610083176,0.00021087093361888684,0.00418206894882413,0.3799658991092395
2_trans_1857.csv,1,1,1,0.9997062569902082,0.9997062569902082,4.257703459345355e-27,0.00010267681938986457,0.00019106619040201074
2_trans_1603.csv,1,4,0,0.45876125875461427,0.42140400908422015,2.9056921712365337e-07,0.11983444159194853,0.45876125875461427
2_trans_1617.csv,1,1,1,0.6193044094076742,0.6193044094076742,1.953088912997866e-08,0.18410473682848044,0.19659083423295629
2_trans_1171.csv,1,1,1,0.999992308919254,0.999992308919254,1.4803275387859666e-31,9.195413919901515e-07,6.771539354006837e-06
2_trans_1159.csv,4,1,0,0.6123303697215022,0.6123303697215022,3.6759184963428924e-09,0.08854529467306729,0.2991243319295119
2_trans_2450.csv,1,1,1,0.9707159409898731,0.9707159409898731,1.4862688411100654e-24,0.029276266034499315,7.792975627487035e-06
2_trans_2444.csv,1,1,1,0.9920191894458198,0.9920191894458198,1.3649226353503875e-19,0.0027351005682821616,0.00524570998589807
2_trans_190.csv,1,1,1,0.9999995453497805,0.9999995453497805,3.509699173188241e-36,4.2015473582712035e-07,3.449548373408074e-08
2_trans_2875.csv,4,4,1,0.8606796713546093,0.0028282032195224164,0.13584909006318144,0.0006430353626868365,0.8606796713546093
2_trans_50.csv,4,1,0,0.413792008017471,0.413792008017471,3.051534090104501e-09,0.19099496656856355,0.3952130223624313
2_trans_2691.csv,1,3,0,0.5648698799628062,0.4350183649237864,5.639139178361505e-18,0.5648698799628062,0.00011175511340735718
2_trans_2685.csv,1,1,1,0.9868278274626393,0.9868278274626393,1.4081135719641206e-22,0.00039616809741925747,0.012776004439941369
2_trans_635.csv,1,1,1,0.9596494166953675,0.9596494166953675,1.9403720646669085e-11,0.018705013231767886,0.02164557005346083
2_trans_147.csv,1,1,1,0.9998438541182867,0.9998438541182867,2.1522362501377423e-28,0.00015200820385175356,4.137677861557029e-06
2_trans_1429.csv,1,1,1,0.9154339746553559,0.9154339746553559,1.3636135794924253e-13,0.0765477916876524,0.008018233656855375
2_trans_2901.csv,2,4,0,0.6212366157849731,0.028684064139754963,0.3246094809827482,0.02546983909252379,0.6212366157849731
2_trans_966.csv,1,1,1,0.9999189131007394,0.9999189131007394,3.323006279481672e-43,8.106075557914926e-05,2.6143681455517835e-08
2_trans_2929.csv,2,2,1,0.9979707484674446,3.458577882462134e-05,0.9979707484674446,2.1472797969639978e-06,0.0019925184739338106
2_trans_2097.csv,1,1,1,0.9968131576211249,0.9968131576211249,9.34176327711794e-27,0.0031694078278282577,1.7434551046850836e-05
2_trans_999.csv,1,1,1,0.9978289093500549,0.9978289093500549,3.903371628578363e-12,5.0408604241696326e-05,0.002120682041800073
2_trans_2726.csv,1,1,1,0.9999862887471501,0.9999862887471501,9.828154237281128e-39,1.3699823685430967e-05,1.1429164472220726e-08
2_trans_2054.csv,1,1,1,0.9999726309059763,0.9999726309059763,5.336261454188091e-31,2.5911845452520987e-05,1.4572485711945238e-06
2_trans_1944.csv,3,1,0,0.4061655133612308,0.4061655133612308,4.991945195760472e-05,0.2298111720887235,0.36397339509808807
2_trans_2518.csv,1,1,1,0.9953124394145599,0.9953124394145599,1.4026020509536224e-20,9.047766769314153e-06,0.004678512818670838
2_trans_1011.csv,4,4,1,0.6408433084324033,0.35685010098432296,8.994018793145912e-09,0.0023065815892548557,0.6408433084324033
2_trans_1005.csv,1,1,1,0.5814789400190213,0.5814789400190213,1.3549596231354256e-11,0.004138491100265808,0.41438256886716324
2_trans_1993.csv,1,1,1,0.9991634268290218,0.9991634268290218,1.4314072716003146e-22,0.0007405460565167944,9.602711446155684e-05
2_trans_218.csv,1,1,1,0.9779821857930664,0.9779821857930664,4.300787107331474e-17,0.0006447289662090359,0.021373085240724624
2_trans_1992.csv,1,1,1,0.9394452806719125,0.9394452806719125,2.2426708867854484e-21,0.060291619451714455,0.0002630998763731825
2_trans_2243.csv,1,1,1,0.999844194812664,0.999844194812664,6.096506842551764e-24,2.8572843305763846e-06,0.00015294790300549437
2_trans_1762.csv,1,1,1,0.9993089860258575,0.9993089860258575,3.1147870597119307e-25,3.434119757139057e-05,0.0006566727765711718
2_trans_1004.csv,3,1,0,0.54932015919904,0.54932015919904,7.337931841238995e-19,0.4501964353976307,0.00048340540332924084
2_trans_1951.csv,1,1,1,0.9995378233070251,0.9995378233070251,1.1735644687160268e-18,4.0355023457795225e-05,0.00042182166951710686
2_trans_2055.csv,1,1,1,0.9999994325434471,0.9999994325434471,4.833961311840593e-41,5.395034781406979e-07,2.795307456285635e-08
2_trans_2041.csv,1,1,1,0.990629822978321,0.990629822978321,1.6998459624907305e-21,0.006583538000608036,0.0027866390210709953
2_trans_1206.csv,1,1,1,0.4390875595916443,0.4390875595916443,4.355193573254824e-15,0.3916963843937995,0.1692160560145518
2_trans_754.csv,1,1,1,0.9947176314770977,0.9947176314770977,1.9019928119480184e-23,0.0052602478917769795,2.2120631125311492e-05
2_trans_2069.csv,1,1,1,0.9999968230112626,0.9999968230112626,3.889541872118546e-34,1.3003495844510604e-06,1.8766391530994114e-06
2_trans_740.csv,1,1,1,0.9951299819029931,0.9951299819029931,5.8822987167311635e-21,0.004693273920314632,0.00017674417669230226
2_trans_998.csv,4,4,1,0.9792023322944011,0.020069324864436765,5.315597881502285e-09,0.0007283375255642903,0.9792023322944011
2_trans_973.csv,1,1,1,0.9994657333285927,0.9994657333285927,1.6628408063935994e-24,0.0003191747190607707,0.00021509195234647763
2_trans_2082.csv,1,1,1,0.9934004195043744,0.9934004195043744,4.357653105037931e-28,0.006596166440824271,3.414054801308309e-06
2_trans_967.csv,1,1,1,0.9972813867173116,0.9972813867173116,7.120500700662241e-26,0.002272457552902783,0.00044615572978557334
2_trans_783.csv,3,3,1,0.6969015864654876,0.30268001504219966,7.155007754978815e-18,0.6969015864654876,0.00041839849231263516
2_trans_2121.csv,1,1,1,0.999853691720839,0.999853691720839,8.815892899293094e-33,0.00014626038683873395,4.789232211530165e-08
2_trans_2135.csv,1,1,1,0.9999977544833691,0.9999977544833691,8.09027410301833e-42,2.2445622803370874e-06,9.543506766670253e-10
2_trans_608.csv,1,1,1,0.9999977144227681,0.9999977144227681,2.7363504113947624e-34,1.92825485291381e-06,3.57322378916552e-07
2_trans_620.csv,1,1,1,0.999996057169735,0.999996057169735,5.442353387328364e-34,2.4478194702836724e-06,1.495010794720053e-06
2_trans_79.csv,1,1,1,0.9729752578782073,0.9729752578782073,9.625654246148545e-11,0.01693127837805941,0.010093463647476646
2_trans_2848.csv,2,2,1,0.8059819351662844,0.0016816118130021855,0.8059819351662844,0.011561047227726036,0.18077540579298734
2_trans_51.csv,4,1,0,0.6067508482231856,0.6067508482231856,0.0001584851580129577,0.03897273417492256,0.35411793244387896
2_trans_45.csv,1,1,1,0.9999101130025204,0.9999101130025204,1.0234302288266736e-30,8.944557241889344e-05,4.414250608384612e-07
2_trans_2445.csv,1,1,1,0.9999858499916532,0.9999858499916532,2.945571327805507e-33,1.3371482587279401e-05,7.785257596008343e-07
2_trans_378.csv,1,1,1,0.9750241277327084,0.9750241277327084,1.2379444892939493e-23,0.018141868676494703,0.006834003590796975
2_trans_1158.csv,1,1,1,0.9999852167020229,0.9999852167020229,4.533922888667471e-32,2.7082764677888264e-06,1.2075021509335954e-05
2_trans_344.csv,1,1,1,0.9993576508347203,0.9993576508347203,1.4149274080775597e-23,0.00019471806033316915,0.00044763110494641434
2_trans_1170.csv,1,1,1,0.9851640542561018,0.9851640542561018,1.977128409893396e-21,0.014496364695801345,0.00033958104809688584
2_trans_1825.csv,4,1,0,0.4579000049033825,0.4579000049033825,0.12175709240958228,0.05672665062805112,0.363616252058984
2_trans_387.csv,1,1,1,0.9999842005849378,0.9999842005849378,1.8912650116190658e-30,3.7249139229808295e-07,1.5426923669944178e-05
2_trans_385.csv,1,1,1,0.9997766540098187,0.9997766540098187,3.3033762643975765e-28,0.0002164522807372868,6.893709443986837e-06
2_trans_1833.csv,1,1,1,0.967994368065533,0.967994368065533,1.7861884184765352e-29,0.03198849025143245,1.7141683034671436e-05
2_trans_1199.csv,1,1,1,0.9999991623750708,0.9999991623750708,3.4911462695553846e-40,7.856153895334192e-07,5.200953965210108e-08
2_trans_346.csv,1,1,1,0.999959340991922,0.999959340991922,4.176519855079979e-29,2.2621591074818975e-05,1.8037417003176493e-05
2_trans_420.csv,1,1,1,0.9999803468377213,0.9999803468377213,8.966726275338943e-31,4.2624151539682337e-07,1.9226920763300134e-05
2_trans_2309.csv,1,1,1,0.9999922172212362,0.9999922172212362,1.3940447970734186e-40,7.605494864801785e-06,1.7728389895083285e-07
2_trans_805.csv,1,1,1,0.9671414921549389,0.9671414921549389,1.5375060994080113e-15,0.003278470389211192,0.029580037455848425
2_trans_2679.csv,1,1,1,0.9977920170967937,0.9977920170967937,4.0874930711883015e-24,1.0651591353652552e-07,0.0022078763872927887
2_trans_144.csv,1,1,1,0.9999968728316154,0.9999968728316154,1.483738491149242e-33,1.3609273762252085e-07,2.991075646929522e-06
2_trans_1370.csv,1,1,1,0.9927926982435059,0.9927926982435059,8.656990107575326e-16,0.0004736699769760299,0.00673363177951725
2_trans_150.csv,1,1,1,0.95817689554062,0.95817689554062,5.0457985138373984e-15,0.04051335611808363,0.0013097483412913458
2_trans_636.csv,1,1,1,0.9997953611976343,0.9997953611976343,7.561750329380108e-39,0.00020311423614049928,1.5245662252267638e-06
2_trans_2645.csv,1,1,1,0.9972419927321368,0.9972419927321368,1.4006501842840968e-25,0.0022482672409895334,0.0005097400268737717
2_trans_178.csv,1,1,1,0.9970411045813707,0.9970411045813707,1.2034545547028181e-19,0.0008586180458703764,0.002100277372758967
2_trans_795.csv,1,1,1,0.7818418136864395,0.7818418136864395,1.0990654824476595e-12,0.20241261273716368,0.01574557357529796
2_trans_2080.csv,1,1,1,0.9971767787555434,0.9971767787555434,1.2621037965233614e-26,0.0028027905898819075,2.04306545745726e-05
2_trans_1562.csv,4,4,1,0.9626186733843831,0.035056295839625606,1.8870136338339603e-07,0.0023248420746279754,0.9626186733843831
2_trans_1576.csv,1,1,1,0.9999937724409269,0.9999937724409269,6.919464574666331e-32,2.058860130774603e-06,4.168698942373442e-06
2_trans_2731.csv,1,1,1,0.9999647718096313,0.9999647718096313,7.891588183812822e-41,3.517036145829327e-05,5.7828910449269034e-08
2_trans_232.csv,1,1,1,0.9736495586451304,0.9736495586451304,4.01917215550313e-32,0.026348265660956185,2.175693913491886e-06
2_trans_1990.csv,4,1,0,0.9440490995939269,0.9440490995939269,4.658961214503986e-09,0.009232252401537057,0.04671864334557487
2_trans_1991.csv,1,1,1,0.9584168371460104,0.9584168371460104,1.1309701957868566e-16,0.04149366838573607,8.949446825310562e-05
2_trans_2526.csv,1,1,1,0.507677223489292,0.507677223489292,5.885453021406714e-24,0.4919482582466834,0.00037451826402466146
2_trans_2532.csv,3,4,0,0.4438179519400032,0.3317741905304732,9.812025866340837e-08,0.22440775940926505,0.4438179519400032
2_trans_2254.csv,1,1,1,0.9997429706756336,0.9997429706756336,7.140061275419703e-21,1.6551431216611712e-05,0.00024047789314996315
2_trans_227.csv,1,1,1,0.9004623935482767,0.9004623935482767,1.596850150833491e-12,0.007080952972095479,0.09245665347803092
2_trans_1007.csv,1,3,0,0.5779508460716437,0.4114617879154315,2.325692097142936e-11,0.5779508460716437,0.010587365989668005
2_trans_1761.csv,1,1,1,0.9998717889363661,0.9998717889363661,3.535092701992671e-33,0.00012810231155115095,1.0875208262221756e-07
2_trans_596.csv,1,1,1,0.9911635026592855,0.9911635026592855,5.447628034105491e-21,0.00614356495764506,0.0026929323830693374
2_trans_757.csv,1,1,1,0.9740622418072749,0.9740622418072749,9.114142196463736e-14,0.0010588696538184968,0.02487888853881566
2_trans_1205.csv,1,1,1,0.9865855756592606,0.9865855756592606,6.810956644974234e-19,0.01259378653568093,0.000820637805058362
2_trans_1588.csv,1,1,1,0.9709756579748116,0.9709756579748116,8.608842753702247e-23,0.02826310901211305,0.0007612330130754121
2_trans_780.csv,1,1,1,0.9984113214463157,0.9984113214463157,2.5132286516740276e-18,0.0009229454097149627,0.0006657331439691398
2_trans_2917.csv,2,4,0,0.9623791448546237,0.03524841751625365,5.8039337847667896e-05,0.0023143982912750063,0.9623791448546237
2_trans_2650.csv,1,1,1,0.7677288817217024,0.7677288817217024,3.748863795564246e-22,0.23173765464887505,0.0005334636294224543
2_trans_2136.csv,1,1,1,0.9999893386871919,0.9999893386871919,8.07513564851785e-24,7.278127377648158e-06,3.3831854304719476e-06
2_trans_179.csv,3,1,0,0.45344331408434807,0.45344331408434807,1.013483357892891e-11,0.43752252550928183,0.1090341603962353
2_trans_1403.csv,1,1,1,0.9999192398713282,0.9999192398713282,4.947687209774214e-26,2.261110416328707e-05,5.814902450858859e-05
2_trans_91.csv,1,1,1,0.9999992270486037,0.9999992270486037,8.748276188825165e-36,3.141395089876542e-07,4.588118872301839e-07
2_trans_145.csv,1,1,1,0.9999990370787477,0.9999990370787477,1.7135327825530094e-45,9.624682058398747e-07,4.530466020647767e-10
2_trans_2693.csv,1,1,1,0.9997516908260071,0.9997516908260071,2.102114907429632e-23,8.634387756464953e-07,0.00024744573521724147
2_trans_804.csv,1,1,1,0.9958246126469281,0.9958246126469281,2.4919662891792544e-20,0.004125074639199679,5.0312713872032195e-05
2_trans_2687.csv,1,1,1,0.9877679091307604,0.9877679091307604,6.865752454697184e-29,0.012130432105085714,0.00010165876415393816
2_trans_192.csv,1,1,1,0.976868538470108,0.976868538470108,2.930545897367345e-16,0.007776670111074606,0.015354791418817118
2_trans_435.csv,1,1,1,0.9999593491446175,0.9999593491446175,2.468296893603812e-38,4.011164798118457e-05,5.392074013778948e-07
2_trans_2308.csv,1,1,1,0.9999995914701328,0.9999995914701328,1.2367566280734145e-35,3.683695774395483e-07,4.016028974567024e-08
2_trans_353.csv,1,1,1,0.9967000644916431,0.9967000644916431,3.4875312386403985e-15,0.0009148881371163295,0.002385047371237179
2_trans_347.csv,1,1,1,0.9999956527558993,0.9999956527558993,1.389897896244998e-36,3.5804688258710287e-06,7.667752746809085e-07
2_trans_1826.csv,1,1,1,0.9980075603797052,0.9980075603797052,9.274526375692911e-34,0.001992038985421976,4.006348728497376e-07
2_trans_1832.csv,1,1,1,0.9989297233313839,0.9989297233313839,7.98712398142308e-20,0.0008006802316340142,0.0002695964369820209
2_trans_2481.csv,1,1,1,0.992214022421032,0.992214022421032,3.237496825945002e-28,0.007223157228610364,0.0005628203503576286
2_trans_394.csv,1,1,1,0.9994991867131722,0.9994991867131722,2.5144148110922074e-31,0.0005001509692707846,6.623175570464251e-07
2_trans_2442.csv,1,1,1,0.9758507640511735,0.9758507640511735,1.6633767010359379e-15,0.021911221495170444,0.0022380144536542934
2_trans_2318.csv,1,3,0,0.5927804063201509,0.4060946853005006,2.752228736245387e-18,0.5927804063201509,0.0011249083793483565
2_trans_357.csv,1,1,1,0.9996564525405546,0.9996564525405546,5.021646573679584e-35,0.0003427041221999036,8.433372455600921e-07
2_trans_1163.csv,1,1,1,0.999967316859823,0.999967316859823,2.3520702069954798e-33,3.0964103797262144e-05,1.7190363796047645e-06
2_trans_182.csv,1,1,1,0.9999955764812328,0.9999955764812328,2.291576613436498e-28,1.6576814779123503e-06,2.7658372893845075e-06
2_trans_196.csv,1,1,1,0.9988446811285423,0.9988446811285423,4.3767377687359984e-29,0.0011484712737437205,6.847597713855548e-06
2_trans_2640.csv,1,1,1,0.9999941543694397,0.9999941543694397,1.4406744664595192e-37,5.842803002189586e-06,2.827558067150748e-09
2_trans_2126.csv,1,1,1,0.983578925233649,0.983578925233649,2.0599216816396088e-16,0.01151878627971887,0.004902288486631893
2_trans_141.csv,4,1,0,0.5282314996399794,0.5282314996399794,1.4350751396364279e-09,0.01105113167430437,0.46071736725064116
2_trans_1407.csv,4,1,0,0.877980241487267,0.877980241487267,3.495242892545386e-17,0.044825589922654376,0.0771941685900785
2_trans_81.csv,4,4,1,0.9188994441873614,0.05152871811283427,0.00032448620744345794,0.029247351492360952,0.9188994441873614
2_trans_155.csv,3,3,1,0.774363149727868,0.21663005922496303,1.7524682485368235e-18,0.774363149727868,0.009006791047169074
2_trans_2091.csv,1,1,1,0.9731636136309978,0.9731636136309978,7.548388544912161e-17,0.0003351934791763665,0.02650119288982594
2_trans_974.csv,1,1,1,0.9999841071897041,0.9999841071897041,3.344762468545304e-36,1.17132134822596e-05,4.179596813501984e-06
2_trans_2085.csv,1,1,1,0.999990293024725,0.999990293024725,2.0321809337953248e-26,1.8196206676809315e-06,7.887354607361376e-06
2_trans_2913.csv,4,4,1,0.8505151778934139,0.1237028629493746,0.006176508652470788,0.01960545050474081,0.8505151778934139
2_trans_948.csv,1,1,1,0.9990041134589288,0.9990041134589288,1.494558755284476e-14,0.0003790137461762619,0.0006168727948800575
2_trans_784.csv,1,1,1,0.9994698059523424,0.9994698059523424,9.4559345290918e-28,0.0005172448281428913,1.2949219514640088e-05
2_trans_2734.csv,4,4,1,0.8641663910604578,0.13572495845385618,2.53778000366932e-11,0.00010865046030832126,0.8641663910604578
2_trans_2708.csv,1,1,1,0.9510374977689724,0.9510374977689724,2.0280787209757682e-19,0.011745460177294066,0.03721704205373346
2_trans_1215.csv,1,1,1,0.9995762228935903,0.9995762228935903,8.729336429379346e-35,0.00042340493478120893,3.7217162832861766e-07
2_trans_2293.csv,1,1,1,0.9999700696449831,0.9999700696449831,2.4392915721574795e-30,2.6733443305070464e-05,3.196911711617906e-06
2_trans_1956.csv,1,1,1,0.9995117852183704,0.9995117852183704,1.0033197052466917e-17,4.4340241296364934e-05,0.0004438745403332643
2_trans_586.csv,1,1,1,0.9999625648788846,0.9999625648788846,2.4525134478296685e-40,3.741513136438006e-05,1.9989751166858174e-08
2_trans_2522.csv,4,1,0,0.5914529540785365,0.5914529540785365,2.6068035265061713e-14,0.002130756889619704,0.4064162890318177
2_trans_1995.csv,1,1,1,0.99146662754978,0.99146662754978,6.294215352994541e-21,0.00827131789573468,0.00026205455448527297
2_trans_1003.csv,1,1,1,0.9999994928626262,0.9999994928626262,1.3961269295814393e-34,2.9753844181450584e-07,2.0959893212666304e-07
2_trans_1771.csv,1,1,1,0.9996107975438683,0.9996107975438683,1.0833553777971181e-25,7.635880128646328e-06,0.0003815665760029508
2_trans_2278.csv,4,4,1,0.901277057269175,0.02520916064260526,0.07210880734472151,0.001404974743498386,0.901277057269175
2_trans_550.csv,1,1,1,0.8217142601614921,0.8217142601614921,3.6195185976100034e-05,0.026561540919844442,0.15168800373268743
2_trans_1994.csv,1,1,1,0.9938346077670951,0.9938346077670951,2.806644252600292e-12,0.00012301717867902934,0.006042375051419403
2_trans_578.csv,1,1,1,0.8411970079597979,0.8411970079597979,1.4214520694026167e-06,0.13120801765060125,0.02759355293753156
2_trans_2251.csv,3,4,0,0.9494299191382584,0.025914779369996043,3.872671578803822e-11,0.024655301453018807,0.9494299191382584
2_trans_1980.csv,1,1,1,0.991555133507057,0.991555133507057,3.140964121183382e-22,0.00837539750927543,6.946898366749854e-05
2_trans_1758.csv,1,1,1,0.9997311349251867,0.9997311349251867,3.460776202547135e-29,0.00026801852809525906,8.465467179776167e-07
2_trans_2537.csv,1,1,1,0.9952800898898709,0.9952800898898709,1.7130378610551378e-31,0.004677062523980725,4.2847586148289754e-05
2_trans_593.csv,1,1,1,0.9999747933063688,0.9999747933063688,1.1242666656861568e-32,2.2194884537177656e-05,3.011809093922603e-06
2_trans_752.csv,4,4,1,0.5389549325940488,0.45673053762776267,2.8646957503483776e-10,0.004314529491718888,0.5389549325940488
2_trans_2053.csv,1,1,1,0.9155826425017497,0.9155826425017497,3.28233488833355e-15,1.3529503424488894e-05,0.08440382799482245
2_trans_785.csv,1,1,1,0.9259471180795575,0.9259471180795575,9.842678045578026e-19,7.79570911984617e-05,0.07397492482924399
2_trans_2912.csv,2,2,1,0.9945518419427062,2.8044898268749145e-05,0.9945518419427062,9.943346953676237e-05,0.005320679689488349
2_trans_2084.csv,1,3,0,0.6094383084684951,0.3897882395669327,2.2417800788381295e-20,0.6094383084684951,0.0007734519645721446
2_trans_1406.csv,3,1,0,0.8064926443555206,0.8064926443555206,2.8146109519633176e-17,0.1808999764183581,0.012607379226121368
2_trans_154.csv,1,1,1,0.9999764185243193,0.9999764185243193,1.578353233834373e-33,1.3492860182860285e-07,2.3446547078858054e-05
2_trans_626.csv,1,1,1,0.9075084476205806,0.9075084476205806,1.3684808467764925e-14,0.022621086488851444,0.06987046589055419
2_trans_94.csv,1,1,1,0.9998636053817112,0.9998636053817112,2.2375150032660247e-24,0.00013175031587834573,4.644302410486516e-06
2_trans_2133.csv,1,1,1,0.9999110158284633,0.9999110158284633,7.831434639701882e-25,6.834246623530207e-05,2.0641705301245732e-05
2_trans_2655.csv,1,1,1,0.93348798559766,0.93348798559766,5.392798038975615e-24,0.06632656140685773,0.00018545299548224792
2_trans_2899.csv,2,2,1,0.9520467574419436,0.0021848738820492383,0.9520467574419436,0.0006949386959945743,0.04507342998001252
2_trans_829.csv,1,1,1,0.9993526704888321,0.9993526704888321,9.340697073277041e-26,0.00011659799480055043,0.0005307315163671959
2_trans_43.csv,1,1,1,0.9999948303901699,0.9999948303901699,1.1155797183154401e-29,4.779456648286882e-09,5.1648303735008786e-06
2_trans_197.csv,1,1,1,0.9999982708469076,0.9999982708469076,1.1351850074472495e-42,1.578140794213015e-06,1.5101229827947606e-07
2_trans_2696.csv,1,1,1,0.9999894075974326,0.9999894075974326,2.856886825490751e-40,1.0520429998744537e-05,7.197256864110341e-08
2_trans_1604.csv,1,1,1,0.9991827066484483,0.9991827066484483,2.4235241930078692e-20,0.0008070704624507817,1.022288910089216e-05
2_trans_424.csv,1,1,1,0.9999981025927626,0.9999981025927626,1.0808096201026791e-35,3.684652592985629e-08,1.8605607114493475e-06
2_trans_2319.csv,1,1,1,0.999949393859994,0.999949393859994,7.7628686982822e-30,1.4578419029024678e-05,3.602772097704488e-05
2_trans_342.csv,1,1,1,0.999976181001593,0.999976181001593,5.0873797557644845e-37,2.3676802896120857e-05,1.4219551075923818e-07
2_trans_418.csv,1,4,0,0.52929364151086,0.4674186141892521,5.75945923170831e-10,0.0032877437239419373,0.52929364151086
2_trans_1823.csv,1,1,1,0.9999861756627091,0.9999861756627091,2.429992469872785e-36,1.3452168547729533e-05,3.7216874310900983e-07
2_trans_2480.csv,4,4,1,0.89259697202094,0.01424650238668785,8.458543640304599e-05,0.09307194015596917,0.89259697202094
2_trans_1189.csv,1,1,1,0.9999954507450813,0.9999954507450813,3.932766886102566e-26,7.67501888522388e-07,3.781753030009649e-06
2_trans_1821.csv,1,1,1,0.999999570750892,0.999999570750892,5.657032074392229e-37,2.27398511987274e-07,2.0185059614187245e-07
2_trans_2482.csv,1,1,1,0.9997755941503597,0.9997755941503597,1.0952099034701771e-27,0.00013991379994164867,8.449204969873494e-05
2_trans_397.csv,1,1,1,0.9999945382317978,0.9999945382317978,3.740860084652377e-36,3.3079326440808696e-06,2.153835558063963e-06
2_trans_2455.csv,1,1,1,0.9999759926679408,0.9999759926679408,2.70889439145096e-25,8.869066750535965e-06,1.5138265308805603e-05
2_trans_1160.csv,1,1,1,0.9999785569486953,0.9999785569486953,3.210659347343892e-27,1.9668663410537173e-05,1.774387894286986e-06
2_trans_426.csv,1,1,1,0.9999976134594614,0.9999976134594614,3.0799820390867636e-39,2.3497681211904865e-06,3.677241749688859e-08
2_trans_69.csv,4,1,0,0.984838671479637,0.984838671479637,3.438046468279014e-15,0.0003727098071397794,0.014788618713219548
2_trans_803.csv,1,1,1,0.9999882996215002,0.9999882996215002,7.45018941580871e-39,6.756889940037084e-06,4.943488559674002e-06
2_trans_2680.csv,1,1,1,0.9964071869345308,0.9964071869345308,3.906510999138294e-18,0.0010029430034821847,0.0025898700619871617
2_trans_2870.csv,2,2,1,0.9036568859202392,0.007292896104784854,0.9036568859202392,0.0070609212013004515,0.08198929677367554
2_trans_195.csv,1,1,1,0.9998122094476957,0.9998122094476957,2.1641224521283276e-34,0.00018335013189343824,4.440420410752051e-06
2_trans_2125.csv,1,1,1,0.9881248782226563,0.9881248782226563,5.445521232064069e-19,0.0111142353153641,0.0007608864619795852
2_trans_1362.csv,1,1,1,0.9802820058576466,0.9802820058576466,1.2537404899039682e-23,0.019631058041566174,8.693610078721027e-05
2_trans_156.csv,1,1,1,0.8563583423122141,0.8563583423122141,5.826090507886739e-06,0.08405922134279016,0.05957661025448791
2_trans_82.csv,1,1,1,0.9999703618805456,0.9999703618805456,1.2900173887148487e-36,2.9323143098987928e-05,3.149763553926035e-07
2_trans_1376.csv,1,1,1,0.9999861863075843,0.9999861863075843,1.9231602213501572e-30,1.894988472283135e-06,1.191870394329732e-05
2_trans_977.csv,1,1,1,0.9419801602894683,0.9419801602894683,4.260654209172731e-15,0.022355734614731747,0.035664105095795776
2_trans_787.csv,1,1,1,0.9672783669081414,0.9672783669081414,8.197567202327316e-17,0.00012086415395214252,0.0326007689379065
2_trans_1216.csv,1,1,1,0.9999965989949869,0.9999965989949869,5.7657069440875515e-31,1.2330353196363896e-06,2.167969693492752e-06
2_trans_1564.csv,1,1,1,0.8976674837257238,0.8976674837257238,1.5891427345694188e-14,0.0013089437692376143,0.10102357250502261
2_trans_750.csv,1,1,1,0.9999879341501435,0.9999879341501435,1.492112256220949e-34,1.1706275351148062e-05,3.5957450543434824e-07
2_trans_2290.csv,1,1,1,0.9969069570829505,0.9969069570829505,1.2234615475237023e-28,0.0029901573288072156,0.00010288558824214772
2_trans_1799.csv,1,1,1,0.9999982022806854,0.9999982022806854,1.6485807182895992e-30,1.3644252903996357e-06,4.3329402412540764e-07
2_trans_591.csv,1,1,1,0.9995214912898676,0.9995214912898676,5.1040327128333687e-26,0.0004435867791108048,3.492193102166794e-05
2_trans_1014.csv,1,1,1,0.9999998463773244,0.9999998463773244,6.600681330814248e-39,5.434319411029171e-08,9.927948165520834e-08
2_trans_1767.csv,1,1,1,0.9978236350769655,0.9978236350769655,4.0578824108245253e-26,0.0021701240528938324,6.240870140666443e-06
2_trans_547.csv,1,1,1,0.9933745257777197,0.9933745257777197,1.8672421463489692e-28,0.006619523281895646,5.950940384937576e-06
2_trans_1773.csv,1,1,1,0.9812648109209422,0.9812648109209422,1.010592201653063e-29,0.01873212261627954,3.0664627782392716e-06
2_trans_221.csv,1,1,1,0.9784719690593617,0.9784719690593617,1.0833751617674019e-27,0.021521272187262457,6.758753375865154e-06
2_trans_209.csv,1,1,1,0.99960812707627,0.99960812707627,1.0213198577409813e-29,0.00012266024407339872,0.0002692126796564751
2_trans_1997.csv,1,1,1,0.6581867300300699,0.6581867300300699,1.2454050057725363e-11,0.005041405504242437,0.33677186445323365
2_trans_590.csv,1,1,1,0.9851851378182663,0.9851851378182663,5.191661905422516e-21,0.004584299630440318,0.010230562551293485
2_trans_1954.csv,1,1,1,0.953883775312667,0.953883775312667,7.62963940084566e-14,0.00019520482429590636,0.045921019862960856
2_trans_1565.csv,3,3,1,0.7596716438547795,0.18376988292324614,3.021193945816928e-11,0.7596716438547795,0.056558473191762416
2_trans_1217.csv,1,1,1,0.9998815756153467,0.9998815756153467,2.106381247683897e-28,0.00011722782346427314,1.1965611891611595e-06
2_trans_745.csv,1,1,1,0.6397206075352188,0.6397206075352188,1.2004714082781278e-07,0.07323340232678205,0.28704587009085836
2_trans_2078.csv,1,1,1,0.9999003871465769,0.9999003871465769,1.41480611459289e-37,8.609617102839577e-05,1.3516682394759468e-05
2_trans_2911.csv,2,2,1,0.9548837690466903,0.000297356990454942,0.9548837690466903,2.1744427314959852e-05,0.04479712953553991
2_trans_2905.csv,2,4,0,0.7091703016926715,0.19310156053159952,0.026344814764488703,0.0713833230112403,0.7091703016926715
2_trans_786.csv,1,1,1,0.9998929998236146,0.9998929998236146,8.367519914217498e-28,6.676602496497651e-06,0.00010032357388886474
2_trans_625.csv,1,1,1,0.9999873585611114,0.9999873585611114,1.2545479125136745e-32,4.2706086459796563e-07,1.221437802406508e-05
2_trans_97.csv,1,1,1,0.9999958667638418,0.9999958667638418,5.114298998799676e-41,4.095292797057375e-06,3.794336113205049e-08
2_trans_143.csv,1,1,1,0.993952799771197,0.993952799771197,8.156737760552667e-22,0.0003230274423548643,0.0057241727864481545
2_trans_2642.csv,1,1,1,0.9999866137375903,0.9999866137375903,4.830650755444524e-29,6.571297472476637e-06,6.814964937213905e-06
2_trans_180.csv,1,4,0,0.5319158784015324,0.4678288965585821,4.4157674784168407e-16,0.00025522503988502544,0.5319158784015324
2_trans_2871.csv,4,4,1,0.6952778913273395,0.19533816391571363,0.06683717857381877,0.0425467661831281,0.6952778913273395
2_trans_2681.csv,1,1,1,0.9999964034089089,0.9999964034089089,1.987714329816017e-28,2.897367564158933e-06,6.99223526987228e-07
2_trans_1613.csv,1,1,1,0.999981726513641,0.999981726513641,1.8128580187994697e-39,1.8238103553676397e-05,3.5382805335802824e-08
2_trans_427.csv,1,1,1,0.9445764988659137,0.9445764988659137,1.6061052064830238e-19,0.00038896111367572753,0.055034540020410576
2_trans_2468.csv,1,1,1,0.9981044784004911,0.9981044784004911,2.4219626445856815e-21,0.0012229685490170595,0.0006725530504918287
2_trans_2332.csv,1,1,1,0.9999342042644949,0.9999342042644949,6.250950839857667e-28,6.339578802272993e-07,6.516177762506882e-05
2_trans_2454.csv,1,1,1,0.9770378000632054,0.9770378000632054,1.5693980928444434e-18,0.000998933603331137,0.02196326633346343
2_trans_382.csv,1,1,1,0.9942039333361755,0.9942039333361755,1.870498694937351e-18,8.886245537452855e-05,0.005707204208449973
2_trans_396.csv,1,1,1,0.9999990100110674,0.9999990100110674,1.5517048475007916e-40,9.721810979365892e-07,1.7807834591148522e-08
2_trans_2483.csv,1,1,1,0.9999563443882666,0.9999563443882666,5.145331199573077e-24,3.50829572484234e-08,4.3620528776128704e-05
2_trans_1834.csv,4,1,0,0.9194988852362737,0.9194988852362737,7.247932893127532e-17,0.004638085501229657,0.0758630292624967
2_trans_1820.csv,1,1,1,0.9998663184859105,0.9998663184859105,4.717283443328823e-32,0.0001325102665695324,1.171247519881345e-06
2_trans_1811.csv,1,1,1,0.5902471997558386,0.5902471997558386,1.2678481622914052e-07,0.20042595118480194,0.20932672227454324
2_trans_370.csv,1,1,1,0.7107707610423607,0.7107707610423607,5.873697811142801e-10,0.0002574422368663234,0.28897179613340324
2_trans_1636.csv,1,1,1,0.9984584632858138,0.9984584632858138,1.074247058730533e-17,0.00011212313336892194,0.0014294135808172936
2_trans_1178.csv,1,1,1,0.9941810827502432,0.9941810827502432,4.031861426362599e-26,0.005812312784569119,6.604465187723805e-06
2_trans_2698.csv,1,1,1,0.9336908890053451,0.9336908890053451,4.450281144577379e-17,0.06216713079311399,0.004141980201540894
2_trans_1391.csv,1,1,1,0.9878874869433746,0.9878874869433746,1.5013408854298513e-17,0.006600845415259259,0.005511667641366226
2_trans_71.csv,1,1,1,0.9999302578296487,0.9999302578296487,2.8439476877796874e-24,4.260105136435576e-05,2.7141118987035817e-05
2_trans_59.csv,1,1,1,0.9999973600232976,0.9999973600232976,1.3915109776333686e-32,1.7584565217039535e-06,8.815201806573255e-07
2_trans_833.csv,1,1,1,0.9227173455791541,0.9227173455791541,3.959156868066675e-21,0.07695853002530031,0.0003241243955456933
2_trans_2868.csv,4,4,1,0.9384735673959977,0.025103415903505344,0.03306399223696606,0.0033590244635309436,0.9384735673959977
2_trans_199.csv,1,1,1,0.9998411003862432,0.9998411003862432,1.5431032842836601e-31,0.0001580067995425496,8.928142143339389e-07
2_trans_172.csv,1,1,1,0.9738849663890674,0.9738849663890674,1.1429881194937043e-22,0.0260236454107045,9.13882002281351e-05
2_trans_628.csv,1,1,1,0.9955341527091082,0.9955341527091082,2.3286837120075725e-16,1.737418961982547e-05,0.004448473101271854
2_trans_2115.csv,1,1,1,0.9999983110878583,0.9999983110878583,1.7203031939553973e-37,4.0614153965376775e-07,1.2827706020344091e-06
2_trans_2101.csv,1,1,1,0.9995343591348368,0.9995343591348368,1.547639949365556e-24,0.00031764247655605306,0.0001479983886071122
2_trans_2934.csv,2,2,1,0.9709110218907749,6.079084956015372e-06,0.9709110218907749,6.380752011833895e-07,0.02908226094906785
2_trans_1554.csv,1,1,1,0.9990024819852575,0.9990024819852575,1.3743094560638222e-21,3.69919732892872e-05,0.0009605260414531553
2_trans_1226.csv,1,1,1,0.9999734883793139,0.9999734883793139,1.0870374864996e-32,2.6152484114081864e-05,3.5913657196490343e-07
2_trans_2049.csv,1,3,0,0.9153541117372487,0.08410520110814021,3.5151596791663324e-15,0.9153541117372487,0.0005406871546076024
2_trans_2061.csv,1,3,0,0.5220050107178769,0.31023262292834364,1.60275571244618e-08,0.5220050107178769,0.16776235032622244
2_trans_1568.csv,1,1,1,0.7395859110263154,0.7395859110263154,6.685856558844632e-16,0.2503227865853927,0.010091302388291248
2_trans_990.csv,1,1,1,0.9800372888435134,0.9800372888435134,7.789279680943615e-22,0.019893701760598324,6.900939588834858e-05
2_trans_1959.csv,1,1,1,0.6440290680870786,0.6440290680870786,2.465714057774696e-13,0.0814636273983589,0.27450730451431593
2_trans_204.csv,1,1,1,0.9999861083656675,0.9999861083656675,9.824712949394941e-37,8.437746531279601e-06,5.453887801273418e-06
2_trans_562.csv,1,1,1,0.999823390167693,0.999823390167693,2.091280239730007e-22,1.1505450420283105e-05,0.00016510438188672963
2_trans_576.csv,1,1,1,0.9947674593433203,0.9947674593433203,1.78704060903698e-21,0.004361070018909219,0.0008714706377704831
2_trans_1024.csv,1,1,1,0.9999932533424215,0.9999932533424215,5.917002554416732e-27,6.733379765300623e-06,1.3277813211858589e-08
2_trans_2511.csv,1,1,1,0.9996013121976689,0.9996013121976689,2.2934728296546177e-25,0.00019815616786442966,0.0002005316344666414
2_trans_2276.csv,1,1,1,0.9999977130155171,0.9999977130155171,1.3046792716688856e-38,1.6960636589276445e-06,5.909208239857206e-07
2_trans_2510.csv,1,1,1,0.7265393257204343,0.7265393257204343,1.3210014674921225e-18,0.00580460516116584,0.26765606911839984
2_trans_1743.csv,1,1,1,0.9998436829829821,0.9998436829829821,8.21595061857808e-30,0.00015588228438874618,4.3473262905025635e-07
2_trans_1025.csv,1,1,1,0.9999997178264498,0.9999997178264498,4.502605437897541e-39,9.149977321996797e-09,2.7302357283064263e-07
2_trans_211.csv,1,1,1,0.9996171557816202,0.9996171557816202,8.102654588914602e-24,0.0003609285243828712,2.1915693996813944e-05
2_trans_205.csv,3,1,0,0.6281162641344602,0.6281162641344602,2.6639209955926685e-21,0.3629527961494592,0.008930939716080508
2_trans_1757.csv,1,1,1,0.9954806186187888,0.9954806186187888,5.1631657640552624e-23,0.001161452758290558,0.0033579286229207237
2_trans_563.csv,4,4,1,0.9480384400118708,0.04979566617919838,8.130529359142775e-06,0.0021577632795717282,0.9480384400118708
2_trans_588.csv,1,1,1,0.9805314547833619,0.9805314547833619,8.980142782528252e-14,0.00021123839997042143,0.01925730681657799
2_trans_1964.csv,3,3,1,0.7086734497616887,0.19849101550482023,9.220047700846137e-13,0.7086734497616887,0.09283553473256914
2_trans_749.csv,3,1,0,0.4970056432992204,0.4970056432992204,2.546097312682411e-08,0.20493296978513784,0.2980613614546687
2_trans_2074.csv,1,1,1,0.9902362481466676,0.9902362481466676,3.927442313193414e-23,0.009760070418571479,3.681434761049784e-06
2_trans_991.csv,1,1,1,0.999469908878383,0.999469908878383,3.0050833712514656e-33,0.0005299627308554376,1.2839076154971465e-07
2_trans_2060.csv,1,3,0,0.4747550550187917,0.419475669836422,9.988980335160749e-17,0.4747550550187917,0.10576927514478611
2_trans_985.csv,1,1,1,0.861376327987422,0.861376327987422,5.242419300947077e-15,0.12282534352336572,0.01579832848920708
2_trans_1555.csv,1,1,1,0.8565082589849649,0.8565082589849649,1.1199995505567125e-15,0.007964072961045836,0.13552766805398817
2_trans_2909.csv,2,4,0,0.5334265736155455,0.03931798341949535,0.42030648647705365,0.006948956487905476,0.5334265736155455
2_trans_2935.csv,4,4,1,0.537538897492724,0.3863824423611297,0.018800362900869963,0.05727829724527632,0.537538897492724
2_trans_1582.csv,1,1,1,0.9949695867215277,0.9949695867215277,6.154633724696632e-19,0.004702052418941483,0.00032836085953088666
2_trans_2921.csv,4,4,1,0.9636726842059363,0.025923040923759716,0.008289318488507844,0.002114956381796105,0.9636726842059363
2_trans_629.csv,1,1,1,0.9982642345147982,0.9982642345147982,8.207203986960602e-22,0.00031152273360252227,0.0014242427515994043
2_trans_2672.csv,1,1,1,0.5235181959005798,0.5235181959005798,3.5152479848720156e-13,0.26208926900935525,0.21439253508971345
2_trans_167.csv,1,1,1,0.8505438458796836,0.8505438458796836,8.22813040301247e-14,0.044382958524369395,0.10507319559586466
2_trans_1353.csv,1,1,1,0.9999968272761106,0.9999968272761106,9.92382740092149e-37,3.088462863075681e-06,8.426102637453116e-08
2_trans_1435.csv,1,1,1,0.9999955156278861,0.9999955156278861,2.4751458007761205e-33,3.7551005363632985e-06,7.292715775399787e-07
2_trans_2896.csv,2,2,1,0.7725743454504514,0.02872163658636827,0.7725743454504514,0.02010873122278441,0.1785952867403959
2_trans_70.csv,4,1,0,0.5822311792648688,0.5822311792648688,7.299791660493024e-09,0.04381166850963961,0.3739571449257001
2_trans_2464.csv,4,4,1,0.6411821628425473,0.2846466079453365,4.894181216580643e-09,0.07417122431793499,0.6411821628425473
2_trans_359.csv,1,1,1,0.8740143056597351,0.8740143056597351,1.3109246952624319e-19,0.1258023471679971,0.0001833471722677327
2_trans_1637.csv,1,1,1,0.9999790627533672,0.9999790627533672,1.7459017880392788e-27,3.631036758927179e-06,1.7306209873761968e-05
2_trans_371.csv,1,1,1,0.9997689530487339,0.9997689530487339,9.800967936443882e-30,0.0001775390884643265,5.3507862801721536e-05
2_trans_1145.csv,1,1,1,0.9991855550801672,0.9991855550801672,7.546489862714341e-19,5.334540427180107e-05,0.0007610995155610727
2_trans_1623.csv,1,1,1,0.732852606765965,0.732852606765965,9.68379666543782e-20,0.26710638147780674,4.1011756228192044e-05
2_trans_417.csv,1,1,1,0.9908611774509571,0.9908611774509571,1.1228716492759292e-27,0.009018556173466058,0.00012026637557682736
2_trans_1810.csv,1,1,1,0.5356753229541776,0.5356753229541776,1.223062308943249e-19,0.4589676144123784,0.005357062633444057
2_trans_1192.csv,1,1,1,0.9829543461050431,0.9829543461050431,8.384103046780819e-14,0.0006803490928541018,0.016365304802019018
2_trans_1186.csv,1,1,1,0.9833673471314446,0.9833673471314446,2.015513746157489e-10,0.009997421483513068,0.0066352311834907175
2_trans_1838.csv,1,1,1,0.9907734437116198,0.9907734437116198,2.732519624734072e-24,0.00010534521342253374,0.009121211074957685
2_trans_2328.csv,1,1,1,0.9830610157066765,0.9830610157066765,4.548967166499077e-18,0.009288504004560888,0.007650480288762572
2_trans_415.csv,1,1,1,0.9981219427823534,0.9981219427823534,1.762889905961869e-27,0.0018722537645173294,5.803453129109986e-06
2_trans_1386.csv,1,1,1,0.993114768166467,0.993114768166467,1.0733162938993569e-14,0.0018786972726806256,0.005006534560841481
2_trans_66.csv,4,1,0,0.9554743038653609,0.9554743038653609,2.777428894305725e-15,0.0006893616558683271,0.04383633447876805
2_trans_830.csv,1,1,1,0.9997737134534028,0.9997737134534028,2.199736215286145e-26,0.00010871008687597233,0.00011757645972127713
2_trans_603.csv,1,1,1,0.9674468919163117,0.9674468919163117,1.70357242484634e-20,0.030562664235169408,0.0019904438485189384
2_trans_1423.csv,1,1,1,0.4093305613381399,0.4093305613381399,8.413270183616904e-08,0.39609929173704816,0.19457006279211017
2_trans_617.csv,1,1,1,0.9999904826995211,0.9999904826995211,3.55870410852109e-30,2.6669607795988387e-07,9.250604400927064e-06
2_trans_2102.csv,1,1,1,0.9999767847134114,0.9999767847134114,1.9450750645557854e-27,1.1185029935598417e-05,1.2030256653077114e-05
2_trans_159.csv,1,1,1,0.9991227370002695,0.9991227370002695,6.45685087863641e-19,0.0006409946033842711,0.00023626839634629615
2_trans_2116.csv,1,1,1,0.999925470893291,0.999925470893291,3.4599272043771e-33,6.461953148262939e-05,9.90957522643042e-06
2_trans_1580.csv,1,1,1,0.7892158791270272,0.7892158791270272,1.180627118668693e-14,0.10191663806410095,0.10886748280886019
2_trans_1594.csv,1,1,1,0.9999988573968129,0.9999988573968129,1.3658887735716418e-42,1.1355955226588712e-06,7.0076645061567735e-09
2_trans_788.csv,1,1,1,0.9999529352974776,0.9999529352974776,1.6238716968627846e-29,7.384453601970849e-07,4.6326257162148384e-05
2_trans_777.csv,1,1,1,0.868912376964577,0.868912376964577,8.226987093423825e-12,0.0006836922169898294,0.130403930810206
2_trans_1225.csv,1,1,1,0.9593883665534022,0.9593883665534022,2.828079676274401e-21,0.0404417366579552,0.00016989678864272244
2_trans_1231.csv,1,1,1,0.9393807010526817,0.9393807010526817,4.4041377844205843e-17,3.6687869299168656e-05,0.06058261107801906
2_trans_987.csv,1,1,1,0.9999174481769723,0.9999174481769723,4.206217870143627e-39,8.141551721095263e-05,1.136305816836011e-06
2_trans_2062.csv,3,4,0,0.8283548590741738,0.12609805588243098,8.225244494653483e-07,0.04554626251894578,0.8283548590741738
2_trans_1027.csv,1,1,1,0.9999807772308458,0.9999807772308458,1.1340941847758123e-31,1.8361657757444908e-05,8.611113968597583e-07
2_trans_1033.csv,1,1,1,0.9999621570126246,0.9999621570126246,9.183794624542131e-37,3.7052921720430846e-05,7.900656549636799e-07
2_trans_2512.csv,4,1,0,0.48507747606473434,0.48507747606473434,1.6465817133853036e-12,0.12363725593255435,0.3912852680010648
2_trans_2506.csv,1,4,0,0.4106181620581877,0.39241304146484063,7.857385274850153e-09,0.19696878861958647,0.4106181620581877
2_trans_1768.csv,1,1,1,0.9999990818555945,0.9999990818555945,6.060336617361892e-41,6.715746557698003e-07,2.465697498582544e-07
2_trans_2513.csv,1,1,1,0.9976297621785842,0.9976297621785842,1.0734888596170122e-18,0.0004345039193867098,0.0019357339020289732
2_trans_1754.csv,1,1,1,0.9199326758816667,0.9199326758816667,1.115435709488774e-19,0.0800214978055599,4.582631277348165e-05
2_trans_560.csv,1,1,1,0.9942419798425814,0.9942419798425814,2.9090841714555445e-14,0.003707093591219964,0.0020509265661695685
2_trans_1740.csv,1,1,1,0.9999908346456309,0.9999908346456309,1.9520566475935553e-42,9.151616404131916e-06,1.3737964902244377e-08
2_trans_1797.csv,1,1,1,0.9837852552267068,0.9837852552267068,7.951212546701705e-17,7.399442900955028e-06,0.016207345330392187
2_trans_1783.csv,1,1,1,0.9999878458480693,0.9999878458480693,4.385808170863273e-27,1.75681544763043e-06,1.0397336483044775e-05
2_trans_986.csv,1,1,1,0.9979862868847472,0.9979862868847472,1.102045407203324e-19,9.791298114798782e-06,0.0020039218171380648
2_trans_2077.csv,4,4,1,0.7612501962798033,0.2349215586410405,1.935576302658707e-07,0.003828051521526007,0.7612501962798033
2_trans_945.csv,1,4,0,0.7517653516574817,0.24658308129234477,7.776132004020795e-13,0.0016515670493958976,0.7517653516574817
2_trans_2922.csv,2,2,1,0.9474347648087371,0.0006740991310277546,0.9474347648087371,0.00016287967742550222,0.05172825638280953
2_trans_2671.csv,1,1,1,0.5192110370577057,0.5192110370577057,1.3185885400783839e-12,0.011075056567213536,0.46971390637376226
2_trans_1378.csv,1,1,1,0.9998498969491277,0.9998498969491277,2.999721010917023e-22,3.4186634518826466e-05,0.00011591641635321205
2_trans_2117.csv,1,1,1,0.9999536642811713,0.9999536642811713,2.744249767333324e-29,4.404378508511656e-05,2.2919337437194623e-06
2_trans_158.csv,4,4,1,0.7999615669845375,0.16828959229435764,9.496967780715396e-06,0.031739343753324115,0.7999615669845375
2_trans_170.csv,1,1,1,0.9945482948093461,0.9945482948093461,8.66081852333597e-13,0.00017812147233718325,0.005273583717450585
2_trans_2659.csv,1,1,1,0.9999986203899871,0.9999986203899871,6.979805908178654e-47,1.3773583158496831e-06,2.2516970340859854e-09
2_trans_825.csv,1,1,1,0.9998646226838909,0.9998646226838909,4.833059358224636e-35,0.00013202197057169727,3.3553455374834748e-06
2_trans_819.csv,1,1,1,0.9999995533823854,0.9999995533823854,8.84041027123845e-36,4.2480534967407943e-07,2.181226487186939e-08
2_trans_73.csv,3,3,1,0.6630266359397625,0.3295843133126041,1.3252253322758926e-09,0.6630266359397625,0.007389049422407946
2_trans_428.csv,4,1,0,0.8898337195151187,0.8898337195151187,2.118465592895225e-13,0.0004554257750847744,0.10971085470958476
2_trans_2315.csv,1,1,1,0.999703494197898,0.999703494197898,6.78123283294102e-25,6.01938673037441e-05,0.00023631193479826048
2_trans_414.csv,1,1,1,0.9965425118865223,0.9965425118865223,6.48745099679902e-20,0.003097033600658517,0.00036045451281907823
2_trans_1634.csv,1,1,1,0.9998678876106424,0.9998678876106424,2.133560334699429e-34,0.000131791885686305,3.2050367119265745e-07
2_trans_1807.csv,1,1,1,0.9988991240136019,0.9988991240136019,1.4188384577555152e-31,0.0010993996239733934,1.47636242468716e-06
2_trans_1191.csv,1,1,1,0.9361147015320468,0.9361147015320468,1.2048380231171507e-17,0.06342359602552118,0.00046170244243192365
2_trans_1803.csv,1,1,1,0.9969806492117217,0.9969806492117217,1.69243240415728e-20,0.0014112263035697755,0.0016081244847084813
2_trans_1195.csv,1,1,1,0.8963791806482009,0.8963791806482009,7.351767215665734e-12,0.04549422061838778,0.05812659872605963
2_trans_2488.csv,1,1,1,0.8237739781255198,0.8237739781255198,8.747481953703783e-18,0.11579840916028418,0.060427612714196076
2_trans_1181.csv,1,1,1,0.8394762983382791,0.8394762983382791,6.313252432871546e-11,0.009057268747323145,0.15146643285126515
2_trans_2463.csv,1,1,1,0.9992702216504763,0.9992702216504763,3.287801371041253e-22,1.6747287545153934e-05,0.0007130310619785777
2_trans_1618.csv,1,1,1,0.9997970294726006,0.9997970294726006,2.2704962953592614e-30,0.0002018780803603568,1.092447039023297e-06
2_trans_404.csv,1,1,1,0.9999994022618273,0.9999994022618273,2.9482202769920446e-42,5.712936755978715e-07,2.6444497220825845e-08
2_trans_821.csv,1,1,1,0.9990884748690785,0.9990884748690785,1.4402389213701007e-26,3.0280173787286794e-06,0.0009084971135427158
2_trans_1397.csv,1,1,1,0.9999982499423945,0.9999982499423945,2.0580862989454904e-38,2.2302065148160615e-07,1.5270369537867651e-06
2_trans_63.csv,1,1,1,0.9993505993781912,0.9993505993781912,3.980632127084559e-21,0.0006149545213169351,3.444610049195846e-05
2_trans_1368.csv,1,1,1,0.8386845115935353,0.8386845115935353,4.831403169855128e-16,0.15611849035956057,0.005196998046903655
2_trans_88.csv,3,1,0,0.5136745057894965,0.5136745057894965,7.056121472592269e-14,0.4774210841905399,0.008904410019892976
2_trans_160.csv,1,1,1,0.7992504908258408,0.7992504908258408,3.8293923677280204e-12,0.19665289106494832,0.0040966181053815436
2_trans_2891.csv,2,4,0,0.5167848986300841,0.09129707393490782,0.373609027308002,0.018309000127005995,0.5167848986300841
2_trans_174.csv,1,1,1,0.9999981353022368,0.9999981353022368,5.675983120453259e-38,4.0527782812939984e-07,1.4594199351914923e-06
2_trans_1340.csv,1,1,1,0.999999559144816,0.999999559144816,8.191793356581787e-36,2.946152559576484e-07,1.4623992818382036e-07
2_trans_941.csv,1,1,1,0.9984296482575551,0.9984296482575551,3.295951364659454e-23,0.0011642324607445069,0.00040611928170026596
2_trans_969.csv,1,1,1,0.9859496117492689,0.9859496117492689,6.946765324484703e-10,0.006639914497619959,0.007410473058434596
2_trans_2098.csv,1,1,1,0.9954434243643296,0.9954434243643296,1.7393684198058146e-22,0.00428536491354436,0.00027121072212604676
2_trans_2067.csv,1,3,0,0.7866956345681133,0.21233818899025678,1.289416464498183e-15,0.7866956345681133,0.0009661764416286499
2_trans_982.csv,1,1,1,0.9999897475651796,0.9999897475651796,8.580373559130495e-29,3.353890886042264e-06,6.898543934356544e-06
2_trans_772.csv,1,1,1,0.842127084893112,0.842127084893112,1.0589419504110931e-11,0.023661633527395507,0.1342112815689029
2_trans_1546.csv,1,1,1,0.9835343531792107,0.9835343531792107,1.944740266440886e-25,0.01634787515545791,0.00011777166533134569
2_trans_1234.csv,1,1,1,0.7937905399876253,0.7937905399876253,5.476384767838032e-10,0.009238149985296608,0.19697130947943958
2_trans_1977.csv,1,3,0,0.5525792451495756,0.09387186912168907,3.902390919676668e-10,0.5525792451495756,0.3535488853384964
2_trans_558.csv,1,1,1,0.9999877611267477,0.9999877611267477,4.2347911159453426e-29,8.830241002350777e-06,3.4086322498203153e-06
2_trans_216.csv,1,1,1,0.9998619544983709,0.9998619544983709,8.917850869755019e-29,2.284494299563952e-07,0.00013781705219897874
2_trans_1036.csv,4,4,1,0.7520502747099714,0.21399470400630932,9.649871790739604e-11,0.0339550211872204,0.7520502747099714
2_trans_202.csv,3,3,1,0.5338817763205747,0.4542210553422575,9.972016957814918e-16,0.5338817763205747,0.011897168337166822
2_trans_203.csv,1,1,1,0.9955350781590037,0.9955350781590037,7.7260647509085e-18,0.003031263867543067,0.0014336579734532712
2_trans_1037.csv,1,1,1,0.9999974315721117,0.9999974315721117,3.8863647700918573e-44,2.567425756951167e-06,1.0021313755157595e-09
2_trans_565.csv,3,1,0,0.5819479343565994,0.5819479343565994,3.384228748567447e-22,0.41755101629638525,0.0005010493470152689
2_trans_217.csv,1,1,1,0.95305102019822,0.95305102019822,1.4917569274939678e-14,0.02413803146737272,0.022810948334392487
2_trans_1235.csv,1,1,1,0.9993627271011175,0.9993627271011175,3.2110319566335098e-27,0.0006327214140379552,4.5514848444344754e-06
2_trans_2728.csv,1,1,1,0.9999917414137607,0.9999917414137607,4.1049143644891227e-29,7.49304469336458e-07,7.509281770114755e-06
2_trans_773.csv,1,1,1,0.9997621159290075,0.9997621159290075,3.646855870426716e-27,3.505559855349633e-05,0.0002028284724390017
2_trans_2066.csv,1,1,1,0.9866503649929137,0.9866503649929137,6.164677439151893e-25,0.013066353387466395,0.0002832816196197329
2_trans_2072.csv,1,1,1,0.9999682197025883,0.9999682197025883,1.365442401082305e-38,3.1321403893031576e-05,4.5889351855226035e-07
2_trans_1590.csv,1,1,1,0.988930036024041,0.988930036024041,3.080509854550433e-23,0.008794987388629272,0.0022749765873299726
2_trans_2927.csv,4,4,1,0.8362512508106689,0.11296218697017246,0.01992855117288362,0.03085801104627501,0.8362512508106689
2_trans_1427.csv,1,1,1,0.9999841501900887,0.9999841501900887,2.618829067324778e-33,1.3111943844935863e-05,2.7378660664163197e-06
2_trans_1341.csv,1,1,1,0.9983054490322512,0.9983054490322512,1.5023934272384876e-19,8.488622773548553e-05,0.0016096647400134696
2_trans_161.csv,1,1,1,0.9996460439460149,0.9996460439460149,3.7306428853572284e-30,0.00019730460724248544,0.00015665144674260014
2_trans_1355.csv,1,1,1,0.9999738046853811,0.9999738046853811,2.4675553946457254e-34,2.5729410575622492e-05,4.659040434904709e-07
2_trans_149.csv,1,1,1,0.9999176960937604,0.9999176960937604,1.6666097886688054e-22,2.9619302878650585e-06,7.934197595154554e-05
2_trans_89.csv,1,1,1,0.9997834597107665,0.9997834597107665,1.0654845781873201e-20,2.842893379267191e-08,0.00021651186029963574
2_trans_2847.csv,2,4,0,0.9291453301705968,0.015404697304408575,0.05496117483427497,0.0004887976907197671,0.9291453301705968
2_trans_76.csv,1,1,1,0.9997055145382223,0.9997055145382223,1.2714142076880544e-25,3.2141925888408474e-05,0.00026234353588936766
2_trans_1143.csv,1,1,1,0.9999986423891788,0.9999986423891788,8.567383380854791e-32,4.787979708068471e-07,8.788128505417752e-07
2_trans_2338.csv,1,1,1,0.9748264842088427,0.9748264842088427,1.7392131978336818e-15,0.0008337220420997234,0.024339793749055937
2_trans_1631.csv,1,1,1,0.999819177285432,0.999819177285432,1.6015878126846824e-34,0.00018055577875413423,2.6693581379530384e-07
2_trans_2310.csv,1,1,1,0.99694851824281,0.99694851824281,7.961066359443903e-19,0.0007201462059898398,0.002331335551200268
2_trans_1619.csv,1,1,1,0.9999991977020088,0.9999991977020088,1.7659298667813764e-36,6.910569078932552e-07,1.1124108318654567e-07
2_trans_2304.csv,3,3,1,0.6204347528938322,0.35657601832930896,3.854206940086185e-13,0.6204347528938322,0.022989228776473344
2_trans_1180.csv,1,1,1,0.9958332926554226,0.9958332926554226,9.635329979243842e-22,0.0001235442885020522,0.0040431630560753135
2_trans_2489.csv,1,4,0,0.6942139440226066,0.22276350907313489,0.0004414594678785166,0.08258108743637994,0.6942139440226066
2_trans_388.csv,1,1,1,0.9995797439279069,0.9995797439279069,4.980254702698678e-22,0.0004003007824607805,1.9955289632180826e-05
2_trans_1816.csv,3,1,0,0.8124582798706599,0.8124582798706599,8.908354014388176e-12,0.17442470321153142,0.013117016908900317
2_trans_1182.csv,1,1,1,0.9894424151741344,0.9894424151741344,5.419565760889886e-20,0.003668406160861781,0.006889178665003771
2_trans_2306.csv,1,1,1,0.48674939960477126,0.48674939960477126,9.72532922786274e-07,0.3551102491688109,0.15813937869349515
2_trans_361.csv,1,4,0,0.5804940109749033,0.391842561309809,7.434923072656326e-08,0.027663353366057054,0.5804940109749033
2_trans_1155.csv,3,3,1,0.7598635925947907,0.23832137435112616,9.363214896719366e-18,0.7598635925947907,0.0018150330540830863
2_trans_407.csv,1,1,1,0.9974337436453812,0.9974337436453812,3.596284260562291e-19,0.00043351334818881,0.0021327430064299957
2_trans_188.csv,1,1,1,0.7236418202872301,0.7236418202872301,6.728378417560739e-09,0.0002255202164730713,0.27613265276791843
2_trans_2879.csv,2,4,0,0.8813974670040273,0.011388414223425519,0.10273701789908397,0.0044771008734631615,0.8813974670040273
2_trans_2845.csv,2,4,0,0.8726406960263431,0.017751020296260744,0.10240753706007923,0.0072007466173169814,0.8726406960263431
2_trans_1394.csv,1,1,1,0.9854659052546818,0.9854659052546818,1.699058804266688e-17,0.010286306341872211,0.004247788403446099
2_trans_2110.csv,1,1,1,0.9999966772397222,0.9999966772397222,6.54646411200945e-40,3.080547101766735e-06,2.4221317614497305e-07
2_trans_639.csv,1,1,1,0.9999986468366829,0.9999986468366829,2.2143282403741392e-38,1.2152483826475817e-06,1.379149344271081e-07
2_trans_1343.csv,1,1,1,0.999999748885924,0.999999748885924,7.306361387332445e-35,4.418012254057533e-08,2.069339535620516e-07
2_trans_1425.csv,1,1,1,0.9974953769475825,0.9974953769475825,2.772729316205314e-16,0.0002342890712222196,0.0022703339811951787
2_trans_2919.csv,4,1,0,0.5285684525428893,0.5285684525428893,0.015804148006958018,0.0005339748860982298,0.45509342456405444
2_trans_2931.csv,2,2,1,0.5937125526009025,0.13880125414823336,0.5937125526009025,0.029825677640967923,0.23766051560989634
2_trans_981.csv,1,1,1,0.9999981075006186,0.9999981075006186,2.5710809924210866e-41,1.8678250497376122e-06,2.4674331685540795e-08
2_trans_1579.csv,1,1,1,0.9999962472297589,0.9999962472297589,4.14336597597238e-31,6.874844813841434e-07,3.0652857598646362e-06
2_trans_1237.csv,4,4,1,0.7894851973007058,0.12489994832436278,2.0359516332657538e-07,0.08561465077976818,0.7894851973007058
2_trans_765.csv,1,1,1,0.9999986637599861,0.9999986637599861,2.2056500445370977e-36,6.148139611434617e-08,1.2747586176000695e-06
2_trans_1545.csv,1,1,1,0.9999892299414868,0.9999892299414868,7.580345355347717e-32,6.473342058237653e-06,4.296716455115524e-06
2_trans_1223.csv,1,1,1,0.9999936288550535,0.9999936288550535,5.862133307378572e-32,3.3156219200435967e-06,3.0555230264327408e-06
2_trans_1974.csv,1,1,1,0.8595000021194066,0.8595000021194066,9.198537397841016e-13,0.005814163441996408,0.13468583443767723
2_trans_1009.csv,1,1,1,0.9994972478409049,0.9994972478409049,3.940404236071428e-24,5.434295586151698e-06,0.0004973178635088196
2_trans_2272.csv,1,1,1,0.9888417477693091,0.9888417477693091,1.2501853645850005e-16,0.002675718513815957,0.008482533716874756
2_trans_2528.csv,1,1,1,0.8140972909400426,0.8140972909400426,6.32624087651906e-10,0.02441330746420407,0.16148940096312941
2_trans_573.csv,3,3,1,0.7795228640701419,0.21132648461987819,4.1182934277851013e-14,0.7795228640701419,0.009150651309938564
2_trans_214.csv,1,1,1,0.9997571256537208,0.9997571256537208,6.632493260471545e-25,0.00011784092375834435,0.00012503342252101764
2_trans_2529.csv,1,1,1,0.9842683846337429,0.9842683846337429,1.016493101403977e-11,0.0032516314156506164,0.012479983940441535
2_trans_1746.csv,1,1,1,0.9999994534020119,0.9999994534020119,2.084567170379506e-34,6.295396128816633e-08,4.83644026689399e-07
2_trans_1752.csv,1,1,1,0.9987256971394147,0.9987256971394147,2.634396713127432e-25,0.0009250729781223624,0.000349229882462788
2_trans_200.csv,1,1,1,0.9367589032101982,0.9367589032101982,8.125314768004471e-18,0.0015299219526527699,0.0617111748371492
2_trans_2515.csv,1,1,1,0.9999919531322978,0.9999919531322978,1.2178086019915752e-32,7.389843793749406e-07,7.307883322966698e-06
2_trans_1008.csv,1,1,1,0.9748756955154242,0.9748756955154242,9.534139740808039e-17,0.02397104989123248,0.0011532545933431275
2_trans_1785.csv,1,1,1,0.9999924081013122,0.9999924081013122,1.670653562810222e-31,3.9372670359198156e-07,7.1981719841108436e-06
2_trans_1949.csv,4,4,1,0.9255987788855581,0.06611344774120344,3.193036436837554e-08,0.008287741442874004,0.9255987788855581
2_trans_1544.csv,4,4,1,0.7994775894032676,0.20000336558470408,1.6493507906469046e-07,0.0005188800769493067,0.7994775894032676
2_trans_1222.csv,1,1,1,0.9947432412001941,0.9947432412001941,3.222376055388078e-16,2.2765160400560533e-05,0.0052339936394052555
2_trans_1550.csv,1,1,1,0.9768468979197115,0.9768468979197115,3.632937312012114e-15,8.156306469705409e-05,0.0230715390155879
2_trans_2071.csv,1,1,1,0.9999961120017908,0.9999961120017908,3.6641136088558836e-28,4.5967597063042365e-08,3.842030611989234e-06
2_trans_1578.csv,1,1,1,0.9888935335522668,0.9888935335522668,4.233366704653628e-17,4.2394187005954634e-05,0.011064072260727205
2_trans_2717.csv,1,1,1,0.999997146368041,0.999997146368041,1.4144662846924532e-37,2.6763034685174524e-06,1.7732849063719262e-07
2_trans_758.csv,1,1,1,0.9999907240885596,0.9999907240885596,2.7135587121485787e-36,7.107507963448441e-06,2.1684034768085893e-06
2_trans_2930.csv,2,2,1,0.9957872307077024,2.1744744035729323e-05,0.9957872307077024,2.830379352935319e-05,0.004162720754732671
2_trans_1593.csv,1,1,1,0.9999966530774809,0.9999966530774809,1.678204450081449e-38,3.3006707027008993e-06,4.625181642168444e-08
2_trans_957.csv,1,1,1,0.9823261759173166,0.9823261759173166,2.6312153145451513e-15,0.013990862535229798,0.0036829615474509385
2_trans_2139.csv,1,1,1,0.9830867851221851,0.9830867851221851,3.0681616471359917e-10,0.006529282350435738,0.010383932220562981
2_trans_2887.csv,2,1,0,0.5198230755154074,0.5198230755154074,0.2102352763684498,0.08533533450298719,0.1846063136131556
2_trans_176.csv,1,1,1,0.9999591664680966,0.9999591664680966,7.208751302956217e-30,3.684611361888063e-05,3.987418284465098e-06
2_trans_2893.csv,2,2,1,0.9276507554744997,0.0022681100056318915,0.9276507554744997,0.00034754017043430976,0.06973359434943413
2_trans_610.csv,1,1,1,0.9986513274848816,0.9986513274848816,1.598492933472476e-28,0.0013461929292300828,2.4795858884778507e-06
2_trans_638.csv,1,1,1,0.9999822204426327,0.9999822204426327,1.9033246189025243e-26,2.0657538322323982e-07,1.7572981984084407e-05
2_trans_1418.csv,1,4,0,0.5941736163471035,0.3350801576840097,1.5415383786099022e-09,0.07074622442734836,0.5941736163471035
2_trans_1154.csv,1,1,1,0.9969631010729104,0.9969631010729104,3.283454911563509e-22,0.003013130447821335,2.3768479268194843e-05
2_trans_406.csv,1,1,1,0.9623031075100463,0.9623031075100463,6.658547246943143e-16,0.0004969983728839207,0.037199894117069074
2_trans_1632.csv,1,1,1,0.8719498550841427,0.8719498550841427,3.8683745671569736e-19,0.12471097432889618,0.003339170586961072
2_trans_1140.csv,1,1,1,0.6596915768086369,0.6596915768086369,4.944036117598823e-15,0.339688894184997,0.0006195290063611263
2_trans_2313.csv,1,1,1,0.9842364592322741,0.9842364592322741,4.1057642459465664e-24,0.01571948412306808,4.4056644657891894e-05
2_trans_1197.csv,1,1,1,0.9999568837160556,0.9999568837160556,1.416544495343138e-38,4.287050084624798e-05,2.4578309812231413e-07
2_trans_1829.csv,1,1,1,0.9999964742493019,0.9999964742493019,8.098856400209201e-34,2.0894452596150306e-09,3.5236612528614e-06
2_trans_1183.csv,1,1,1,0.999061454828763,0.999061454828763,7.875443924557422e-20,0.00017751468548516143,0.0007610304857518046
2_trans_1696.csv,1,1,1,0.99996927820197,0.99996927820197,1.4368264320205063e-31,1.2601159885740335e-05,1.8120638144316794e-05
2_trans_461.csv,1,1,1,0.9990920406189584,0.9990920406189584,7.419498180838258e-22,0.0001297870084037275,0.000778172372637895
2_trans_1655.csv,3,1,0,0.5756203851310701,0.5756203851310701,4.322945482692064e-10,0.3772196422025615,0.0471599722340739
2_trans_878.csv,1,1,1,0.9999928180478855,0.9999928180478855,5.338045983804601e-32,2.200473531060031e-06,4.981478583432028e-06
2_trans_844.csv,1,1,1,0.9999894429034439,0.9999894429034439,1.4024742558811442e-36,1.0403793232693514e-05,1.5330332331422886e-07
2_trans_1325.csv,1,1,1,0.9546961702351018,0.9546961702351018,6.651581418468855e-20,0.038821218103606156,0.006482611661292144
2_trans_111.csv,1,1,1,0.999862712739566,0.999862712739566,1.743664059397238e-28,0.000117605889245404,1.9681371188559914e-05
2_trans_663.csv,1,1,1,0.9993277854567902,0.9993277854567902,4.8640407688178926e-26,0.0005274512611567224,0.00014476328205302
2_trans_2604.csv,1,1,1,0.9850970809901414,0.9850970809901414,9.963707354067243e-23,0.013152026358759209,0.001750892651099406
2_trans_2943.csv,4,4,1,0.5410564035004272,0.35494973941521807,0.07746563766986456,0.026528219414490135,0.5410564035004272
2_trans_918.csv,1,1,1,0.9909509480845385,0.9909509480845385,1.823716691651059e-20,0.00039759500540557436,0.008651456910055762
2_trans_703.csv,3,3,1,0.7255213274599734,0.27412042614275156,1.0128276388685667e-18,0.7255213274599734,0.0003582463972751226
2_trans_1245.csv,1,1,1,0.9989122373448854,0.9989122373448854,5.5353448628378614e-18,0.0007607465894939803,0.00032701606562059437
2_trans_2764.csv,1,1,1,0.9993715511230576,0.9993715511230576,3.0066433119687472e-31,0.0005725914003235366,5.585747661889166e-05
2_trans_2002.csv,1,1,1,0.8970739173731892,0.8970739173731892,2.9425792829118596e-23,0.1021352207112736,0.0007908619155371417
2_trans_528.csv,1,4,0,0.41659779354548043,0.25108285182632273,1.8747779589624764e-10,0.33231935444071914,0.41659779354548043
2_trans_1708.csv,1,1,1,0.9966501240127521,0.9966501240127521,3.6952979140427106e-19,0.001972028815047671,0.0013778471722000261
2_trans_2201.csv,4,4,1,0.950653410888678,0.04881138447178703,1.0848122219460436e-09,0.0005352035547225637,0.950653410888678
2_trans_1720.csv,1,1,1,0.9996792597025801,0.9996792597025801,2.3887024062191886e-26,0.0002996765413397757,2.1063756080247542e-05
2_trans_1052.csv,1,1,1,0.9999364200537737,0.9999364200537737,1.0216276204375346e-22,3.7605198412920374e-05,2.597474781337679e-05
2_trans_1907.csv,4,4,1,0.9494274537146296,0.020780629254514186,0.026642954145826247,0.0031489628850300882,0.9494274537146296
2_trans_1091.csv,1,1,1,0.9940949446890485,0.9940949446890485,3.045823023704791e-25,0.005901167742644808,3.8875683067889365e-06
2_trans_2995.csv,2,2,1,0.9997552316565652,5.421623275149884e-05,0.9997552316565652,9.361032619198567e-06,0.00018119107806422778
2_trans_1536.csv,1,1,1,0.9983222485380361,0.9983222485380361,1.7590607477015082e-19,7.548727452647784e-07,0.0016769965892185726
2_trans_931.csv,1,1,1,0.886483492429151,0.886483492429151,2.8240651210566048e-14,0.0004313585679101058,0.11308514900291088
2_trans_2956.csv,4,2,0,0.8498450151417574,0.011287067216896433,0.8498450151417574,0.0004901422571018031,0.1383777753842444
2_trans_919.csv,1,1,1,0.9999929956672391,0.9999929956672391,4.9668136763187636e-29,8.593777403047223e-07,6.144955020561573e-06
2_trans_2163.csv,1,1,1,0.6026551052902502,0.6026551052902502,8.678889813725952e-07,0.06565999360899796,0.3316840332117705
2_trans_138.csv,1,1,1,0.9997731988007905,0.9997731988007905,2.546646384094319e-34,0.00022639552569837971,4.0567351110918327e-07
2_trans_110.csv,1,1,1,0.9999509283954238,0.9999509283954238,1.2924520479508135e-35,3.947401775211391e-05,9.597586824187448e-06
2_trans_676.csv,1,1,1,0.99993465911872,0.99993465911872,1.1283117608965327e-31,3.2435837235399036e-06,6.209729755640848e-05
2_trans_845.csv,1,1,1,0.9999940199281873,0.9999940199281873,1.1190808574109025e-39,5.251978993549264e-06,7.28092819222058e-07
2_trans_851.csv,1,1,1,0.9999993909285455,0.9999993909285455,1.6590738102395642e-37,5.048699133498631e-07,1.0420154121970053e-07
2_trans_1495.csv,4,1,0,0.9606566683868105,0.9606566683868105,3.352467074848743e-17,0.03462840588710324,0.00471492572608624
2_trans_13.csv,1,1,1,0.9983424324837372,0.9983424324837372,3.191716878007909e-25,5.104052013533279e-06,0.001652463464249301
2_trans_879.csv,1,1,1,0.9995231008781307,0.9995231008781307,9.33153166899768e-29,0.0004591646779579749,1.7734443911513962e-05
2_trans_1481.csv,1,1,1,0.9999888349128457,0.9999888349128457,5.8489407668404054e-27,2.190171441337367e-06,8.974915712999479e-06
2_trans_2407.csv,3,1,0,0.9660327501314505,0.9660327501314505,3.4704178730683466e-14,0.033184718601063215,0.0007825312674515807
2_trans_2361.csv,4,4,1,0.8303546490489708,0.15792087565785454,0.001345420036831574,0.010379055256342959,0.8303546490489708
2_trans_448.csv,3,3,1,0.8390249255912197,0.14963564560590462,1.2898755051746386e-13,0.8390249255912197,0.011339428802746822
2_trans_2375.csv,1,1,1,0.9961633227416985,0.9961633227416985,2.8755154383439978e-21,0.00011851433787512115,0.003718162920426308
2_trans_306.csv,4,1,0,0.9995848062851287,0.9995848062851287,6.517397433160794e-17,1.822022409082206e-05,0.00039697349078040786
2_trans_1132.csv,1,3,0,0.891225251954035,0.10440425148899948,1.1121384716969852e-17,0.891225251954035,0.004370496556965577
2_trans_460.csv,1,4,0,0.568250760121229,0.4281020064956505,1.5701696030384909e-09,0.0036472318129509127,0.568250760121229
2_trans_2349.csv,1,1,1,0.9813756291633112,0.9813756291633112,3.7045430163822187e-16,0.0019038676229899984,0.016720503213698383
2_trans_1640.csv,1,1,1,0.8873463323004388,0.8873463323004388,3.5919844094730677e-26,0.11263199825195905,2.166944760216871e-05
2_trans_312.csv,4,1,0,0.45955441827275856,0.45955441827275856,2.890905365792501e-09,0.19876769785144488,0.3416778809848913
2_trans_1871.csv,1,1,1,0.9780571121524196,0.9780571121524196,7.231214866853119e-22,0.020710332324972908,0.0012325555226074508
2_trans_1865.csv,1,1,1,0.9908404849596755,0.9908404849596755,3.779749469532232e-24,0.0021171933052527092,0.007042321735071818
2_trans_1124.csv,3,1,0,0.9512029124687744,0.9512029124687744,2.0321174846872876e-22,0.04846206952788033,0.0003350180033452216
2_trans_1642.csv,3,3,1,0.9912800967020204,0.0082152970879794,5.109512214223097e-18,0.9912800967020204,0.0005046062100001946
2_trans_2411.csv,1,1,1,0.9983560399680973,0.9983560399680973,4.677075495319623e-26,0.0009440964313738697,0.0006998636005289556
2_trans_2834.csv,2,2,1,0.9955041098568883,2.2077911305229394e-05,0.9955041098568883,1.7263358525436946e-05,0.0044565488732811066
2_trans_1454.csv,1,1,1,0.999998355833367,0.999998355833367,3.5123577729216815e-42,1.546344280845893e-06,9.782235213083665e-08
2_trans_660.csv,1,1,1,0.8016361210497713,0.8016361210497713,9.603836360717633e-05,0.003996939584737417,0.19427090100188407
2_trans_2954.csv,2,2,1,0.9794966996227912,0.0006031128394554309,0.9794966996227912,0.0013873377479609876,0.01851284978979254
2_trans_1246.csv,1,1,1,0.6469294855597175,0.6469294855597175,1.792044259010928e-07,0.04825479904646987,0.3048155361893867
2_trans_2015.csv,4,4,1,0.6554098863264586,0.301458488634234,1.0645221072149224e-08,0.04313161439408622,0.6554098863264586
2_trans_1508.csv,1,4,0,0.7751936643852124,0.2247788542544395,1.5280252396116055e-10,2.7481207545624736e-05,0.7751936643852124
2_trans_1050.csv,1,1,1,0.9999152771573713,0.9999152771573713,1.2625883223130303e-25,6.945610933011005e-05,1.526673329869653e-05
2_trans_2571.csv,1,1,1,0.9985166179682806,0.9985166179682806,3.3966589334574597e-23,3.488038834442867e-06,0.0014798939928848721
2_trans_2203.csv,1,1,1,0.9995284485861842,0.9995284485861842,3.1822721285716257e-25,0.00011266677064956819,0.0003588846431663964
2_trans_2216.csv,1,1,1,0.5033848109387201,0.5033848109387201,1.0549049260179394e-17,0.4903382651952143,0.0062769238660655745
2_trans_1079.csv,1,1,1,0.7132696543617649,0.7132696543617649,1.4254309837363726e-08,0.10245840860061811,0.18427192278330704
2_trans_1051.csv,1,1,1,0.9999997982713112,0.9999997982713112,2.757860406809552e-40,1.8627048871609215e-07,1.5458200140020627e-08
2_trans_265.csv,1,1,1,0.9999844294802628,0.9999844294802628,1.3571165399081318e-27,1.2343311627503398e-05,3.2272081097668827e-06
2_trans_1737.csv,1,1,1,0.9999998390852881,0.9999998390852881,1.5426662828540362e-39,1.5426034774717938e-07,6.654364151548341e-09
2_trans_1086.csv,1,1,1,0.9999900907866737,0.9999900907866737,1.1323075623744474e-30,9.02546297391017e-06,8.837503524025999e-07
2_trans_2000.csv,1,1,1,0.8998120340667275,0.8998120340667275,1.0129341322405426e-31,0.10018758442716504,3.8150610760321906e-07
2_trans_2772.csv,1,1,1,0.9999997262137849,0.9999997262137849,5.763632381088967e-35,6.701363368446576e-08,2.0677258147956476e-07
2_trans_729.csv,1,1,1,0.9850997625004215,0.9850997625004215,2.153712489705709e-24,0.013460721971800923,0.0014395155277774766
2_trans_2014.csv,1,1,1,0.860867996992728,0.860867996992728,9.679572770335497e-11,0.002455958106912588,0.13667604480356368
2_trans_1535.csv,4,4,1,0.7607234650422403,0.21456236867560763,6.302128564427122e-06,0.024707864153587555,0.7607234650422403
2_trans_2982.csv,4,4,1,0.8530527279269778,0.0013858048968643918,0.14522060537460724,0.00034086180155043364,0.8530527279269778
2_trans_1521.csv,1,1,1,0.9905994706075744,0.9905994706075744,2.5447981918971016e-16,0.000554400300973048,0.008846129091452352
2_trans_2799.csv,1,1,1,0.9439689530565887,0.9439689530565887,9.133067634948229e-23,0.055940303585220306,9.074335819093955e-05
2_trans_2160.csv,4,4,1,0.6986399530734597,0.26816432357988124,1.5360885251615585e-10,0.03319572319305017,0.6986399530734597
2_trans_1327.csv,1,1,1,0.9997237198325722,0.9997237198325722,2.606771972074398e-24,2.857232400103183e-06,0.000273422935027747
2_trans_1333.csv,1,1,1,0.9990688912425836,0.9990688912425836,2.140889769262272e-27,7.1100048109032336e-06,0.0009239987526055175
2_trans_107.csv,3,4,0,0.5573917677335442,0.23747231534323074,6.818169932031765e-13,0.20513591692254324,0.5573917677335442
2_trans_1455.csv,1,1,1,0.9999289425829992,0.9999289425829992,6.684483783954052e-32,6.188159600891484e-05,9.175820991872485e-06
2_trans_38.csv,1,1,1,0.9263283983105529,0.9263283983105529,4.066342465219149e-11,0.0713805767682985,0.0022910248804851522
2_trans_2821.csv,2,2,1,0.9153554059971719,0.007830088368747446,0.9153554059971719,0.0012854988372907443,0.07552900679678977
2_trans_10.csv,1,1,1,0.9944869051468307,0.9944869051468307,4.6015473551248143e-23,0.0008535287005636611,0.004659566152605684
2_trans_2404.csv,1,1,1,0.855853534529711,0.855853534529711,4.535671624876918e-15,0.00565579223027116,0.13849067324001324
2_trans_339.csv,1,1,1,0.8560465472464264,0.8560465472464264,3.727339284360912e-16,0.14348796659544283,0.0004654861581304268
2_trans_1125.csv,1,1,1,0.9999968632217082,0.9999968632217082,6.29999607260047e-39,2.6931322947726623e-06,4.436459970375531e-07
2_trans_477.csv,1,1,1,0.9999945235784438,0.9999945235784438,2.635218335205513e-42,4.2122431478470795e-06,1.2641784083046537e-06
2_trans_1657.csv,1,1,1,0.9997260722013066,0.9997260722013066,1.1197362141883065e-22,0.0002575559244742736,1.6371874218934555e-05
2_trans_463.csv,1,1,1,0.9998540114488941,0.9998540114488941,1.8386882501133522e-33,0.00014514709799698247,8.414531087932693e-07
2_trans_305.csv,1,1,1,0.9988961607985888,0.9988961607985888,1.0473091320918814e-23,2.8359822290875284e-05,0.0010754793791203478
2_trans_1680.csv,1,1,1,0.9999125153821097,0.9999125153821097,4.00907698443661e-24,2.9983724955901463e-05,5.7500892934288666e-05
2_trans_2400.csv,1,1,1,0.9999299631390132,0.9999299631390132,4.1703639231905564e-33,4.017428089100626e-05,2.9862580095643528e-05
2_trans_301.csv,1,4,0,0.8829446543148975,0.11648429679433092,1.1742194802483873e-07,0.0005709314688234247,0.8829446543148975
2_trans_467.csv,1,1,1,0.9999108809459358,0.9999108809459358,4.204310810792552e-28,1.399418920906838e-06,8.771963514316805e-05
2_trans_1653.csv,1,1,1,0.993568433519582,0.993568433519582,6.437173060886394e-23,0.006394052207032612,3.7514273385323596e-05
2_trans_1647.csv,1,1,1,0.9999988056900304,0.9999988056900304,7.620361642981326e-43,1.1224055693191775e-06,7.190440022485711e-08
2_trans_2428.csv,1,1,1,0.9999985539396253,0.9999985539396253,1.4969648620765514e-42,1.4348997550783163e-06,1.1160619677197623e-08
2_trans_842.csv,1,1,1,0.9670513247409745,0.9670513247409745,1.7010224081062778e-16,0.00013776073400442732,0.03281091452502089
2_trans_856.csv,1,1,1,0.9799659523819795,0.9799659523819795,1.6069258419516064e-11,0.0066551562557815224,0.013378891346169824
2_trans_2825.csv,2,2,1,0.9990809585391293,2.1759721805543043e-05,0.9990809585391293,2.024007768337097e-05,0.0008770416613818036
2_trans_2831.csv,2,2,1,0.9921675340034918,0.00013514342846743607,0.9921675340034918,2.8045072754363596e-05,0.007669277495286463
2_trans_2602.csv,3,1,0,0.9100070286352414,0.9100070286352414,1.7783340460604423e-12,0.08883504862888572,0.001157922734094442
2_trans_1479.csv,1,1,1,0.9994821840005459,0.9994821840005459,6.241845087759176e-25,4.487673653660916e-06,0.0005133283258003237
2_trans_895.csv,1,1,1,0.9999953531574605,0.9999953531574605,1.5102776592333035e-34,4.225152695676524e-06,4.2168984399604396e-07
2_trans_2170.csv,1,1,1,0.9999388227655576,0.9999388227655576,1.021165522383956e-32,2.8002333287662955e-07,6.0897211109422556e-05
2_trans_1451.csv,4,1,0,0.5715841270820005,0.5715841270820005,2.244242254185687e-08,0.17752791337794266,0.2508879370976343
2_trans_103.csv,4,1,0,0.7534859677648751,0.7534859677648751,2.946335968241837e-09,0.06729437127749835,0.17921965801129064
2_trans_1337.csv,4,1,0,0.5212022532452398,0.5212022532452398,1.2570227796012316e-09,0.006590204510884875,0.47220754098685247
2_trans_671.csv,1,1,1,0.9999875596798082,0.9999875596798082,1.0822336501863746e-29,8.695612249312763e-07,1.1570758966973163e-05
2_trans_1445.csv,1,4,0,0.6846467150274157,0.3099605503328109,1.219943314669091e-10,0.0053927345177790225,0.6846467150274157
2_trans_922.csv,1,1,1,0.999868783198816,0.999868783198816,4.753319745624502e-31,1.515282415904383e-07,0.0001310652729424777
2_trans_2010.csv,4,4,1,0.5405872513906946,0.4495338616154539,3.533507834026621e-07,0.00987853364306814,0.5405872513906946
2_trans_2004.csv,3,1,0,0.914181505628979,0.914181505628979,2.1531503159584175e-16,0.0847574945278443,0.001060999843176579
2_trans_711.csv,1,1,1,0.6861950480674552,0.6861950480674552,1.9032685379301585e-15,0.28543674268208274,0.028368209250460165
2_trans_1.csv,3,1,0,0.8167077713464173,0.8167077713464173,4.679739542822227e-13,0.15408200864157148,0.029210220011543192
2_trans_1257.csv,1,1,1,0.9999624596823619,0.9999624596823619,1.1232822201762331e-40,3.751364917405266e-05,2.66684640869971e-08
2_trans_2986.csv,2,2,1,0.9923078175252364,0.00015229002635708906,0.9923078175252364,7.852827302033979e-05,0.007461364175386082
2_trans_2038.csv,3,1,0,0.8315236492671805,0.8315236492671805,9.284249654479322e-19,0.1680883995009373,0.0003879512318821564
2_trans_705.csv,1,3,0,0.5338024736213753,0.39144039431518757,2.669248181825138e-07,0.5338024736213753,0.07475686513861898
2_trans_1531.csv,1,1,1,0.9999956480656137,0.9999956480656137,1.7143192921071487e-29,8.725886805271979e-08,4.264675518310742e-06
2_trans_1096.csv,1,1,1,0.9924799801356682,0.9924799801356682,2.8884242205345857e-31,0.007517499677454638,2.520186877156521e-06
2_trans_2212.csv,1,1,1,0.9991475647817554,0.9991475647817554,3.0589478968555586e-23,3.1925832779541714e-05,0.0008205093854653168
2_trans_2206.csv,1,1,1,0.9996804701333265,0.9996804701333265,8.095787273908443e-26,0.00030653392117813654,1.2995945495450564e-05
2_trans_1733.csv,1,1,1,0.9954520117865263,0.9954520117865263,4.335274363960087e-30,0.0044980020566329415,4.998615684072704e-05
2_trans_261.csv,1,1,1,0.9907347175048836,0.9907347175048836,1.3276004264129905e-22,0.008294577986594807,0.0009707045085217026
2_trans_1055.csv,1,1,1,0.9933010586326845,0.9933010586326845,4.466145782243832e-21,3.47122879092646e-05,0.006664229079406109
2_trans_1732.csv,1,1,1,0.9999640010723053,0.9999640010723053,5.706608520223189e-37,3.4649939248237556e-05,1.3489884464366545e-06
2_trans_1040.csv,1,1,1,0.9976141588982712,0.9976141588982712,2.6028912616329545e-18,0.0019698989986952557,0.00041594210303358577
2_trans_1726.csv,1,1,1,0.9999931831669526,0.9999931831669526,1.2068506502422871e-33,8.641428923413057e-07,5.952690154999086e-06
2_trans_2207.csv,1,1,1,0.9998096831331832,0.9998096831331832,6.384607464424866e-32,0.00018006293837437314,1.0253928442382195e-05
2_trans_248.csv,1,1,1,0.9390429756942293,0.9390429756942293,8.040079850131748e-22,0.0014531466375299457,0.05950387766824073
2_trans_2575.csv,1,1,1,0.9999988423039865,0.9999988423039865,4.083002627109302e-35,2.932544711674612e-07,8.644415424193862e-07
2_trans_2213.csv,1,1,1,0.9999840883245135,0.9999840883245135,5.622838504617127e-31,6.5504170175608216e-06,9.361258469011906e-06
2_trans_1929.csv,1,1,1,0.9628039667992606,0.9628039667992606,5.119373863952566e-11,0.00028779531001435157,0.03690823783953142
2_trans_1915.csv,1,1,1,0.9999908073491616,0.9999908073491616,1.1268645517956976e-24,1.0325676774729352e-06,8.160083161080364e-06
2_trans_1256.csv,3,3,1,0.5454967212716582,0.45107637818478474,1.845698024794246e-15,0.5454967212716582,0.0034269005435553063
2_trans_1530.csv,1,1,1,0.99930731818478,0.99930731818478,4.5766095550035325e-29,0.0006918748449093584,8.069703105769642e-07
2_trans_1524.csv,1,1,1,0.999818852799282,0.999818852799282,4.768367292297879e-33,0.00012319250804174073,5.795469267618576e-05
2_trans_2993.csv,4,2,0,0.9898360614008247,0.0008210488618030302,0.9898360614008247,0.0006245231167575896,0.008718366620614685
2_trans_2005.csv,1,1,1,0.999996231428294,0.999996231428294,4.1923079973297266e-33,2.942444772578429e-06,8.261269334462779e-07
2_trans_1518.csv,1,1,1,0.9980702584332216,0.9980702584332216,9.421266182125102e-27,0.00023985293259655972,0.0016898886341818573
2_trans_1281.csv,1,1,1,0.9783111309847596,0.9783111309847596,2.601272487962307e-13,0.005750667025997296,0.01593820198898304
2_trans_664.csv,1,1,1,0.9999621780228708,0.9999621780228708,4.129634238721552e-29,1.6430606908603907e-07,3.76576710600445e-05
2_trans_102.csv,1,1,1,0.9990239211843602,0.9990239211843602,6.68387130392907e-31,0.0009742746770701245,1.8041385695893114e-06
2_trans_2171.csv,1,1,1,0.9999512452208811,0.9999512452208811,1.1286609267107781e-32,4.511560952148837e-05,3.6391695975640536e-06
2_trans_1493.csv,1,1,1,0.78859741227197,0.78859741227197,6.299902571827898e-16,0.1987468570752707,0.012655730652758617
2_trans_29.csv,1,1,1,0.9997371659733043,0.9997371659733043,1.8441044008792165e-20,3.655355691867797e-05,0.00022628046977717848
2_trans_472.csv,1,1,1,0.9999321090120699,0.9999321090120699,1.7842414877435977e-30,2.3920370705107453e-06,6.549895085951869e-05
2_trans_300.csv,1,1,1,0.5974753309910542,0.5974753309910542,1.5509695157341503e-06,0.036738283883402736,0.3657848341560272
2_trans_1134.csv,1,4,0,0.7550601915661611,0.005393716196997756,4.900288616497249e-06,0.2395411919482247,0.7550601915661611
2_trans_2373.csv,1,1,1,0.989430896953672,0.989430896953672,8.83541157380162e-20,5.062482092466907e-06,0.010564040564235462
2_trans_2415.csv,1,1,1,0.9614986441642347,0.9614986441642347,2.44575798497372e-20,9.404304760268359e-05,0.038407312788162645
2_trans_1685.csv,3,1,0,0.7795223679374913,0.7795223679374913,4.1916530557556844e-13,0.13266152106841306,0.08781611099367646
2_trans_2398.csv,1,1,1,0.9999970603038505,0.9999970603038505,2.342630694008526e-37,7.421363464408471e-07,2.1975598030085414e-06
2_trans_1687.csv,1,1,1,0.9972917877962122,0.9972917877962122,4.359937732304283e-25,0.002677188875008923,3.102332877896778e-05
2_trans_1693.csv,1,1,1,0.9999761058032578,0.9999761058032578,2.8214465110431327e-28,1.2588081747655854e-06,2.2635388567587766e-05
2_trans_2371.csv,1,1,1,0.9906511187251537,0.9906511187251537,2.11799572159805e-20,0.0014009969566526278,0.007947884318193618
2_trans_2365.csv,1,4,0,0.5793413389176392,0.40807876336366816,1.7809459645273495e-07,0.012579719624096292,0.5793413389176392
2_trans_316.csv,1,1,1,0.9890450771287103,0.9890450771287103,1.6069737533458245e-22,0.010847979487561579,0.00010694338372825472
2_trans_470.csv,1,1,1,0.9978682748792229,0.9978682748792229,3.991242787051377e-24,0.0014280025239228904,0.0007037225968542426
2_trans_2359.csv,1,1,1,0.8065828414746243,0.8065828414746243,1.362912423464701e-13,0.19112896189002468,0.0022881966352148006
2_trans_464.csv,1,1,1,0.9924547339500296,0.9924547339500296,5.201186741520273e-22,0.0074055142907820505,0.0001397517591883692
2_trans_1136.csv,1,1,1,0.9999046293859793,0.9999046293859793,3.65497675260426e-36,8.702712284156733e-05,8.343491178907266e-06
2_trans_1485.csv,1,1,1,0.9037770451296261,0.9037770451296261,1.541484913137271e-13,0.03070131111132796,0.06552164375889181
2_trans_2198.csv,1,1,1,0.9961387195452951,0.9961387195452951,5.051772219876568e-17,0.0001002248557404238,0.0037610555989645625
2_trans_17.csv,3,1,0,0.49883826647666646,0.49883826647666646,1.4133520072300291e-14,0.4912893743169264,0.009872359206393086
2_trans_1491.csv,1,1,1,0.9999504853539428,0.9999504853539428,4.955553137789024e-35,1.1431902925865924e-06,4.8371455764495475e-05
2_trans_128.csv,4,4,1,0.8679941545398862,0.12513065834174553,7.080255339835523e-07,0.006874479092834314,0.8679941545398862
2_trans_2601.csv,1,1,1,0.9927980435640893,0.9927980435640893,5.920954500286144e-19,5.194377349968957e-05,0.00715001266241109
2_trans_1446.csv,1,1,1,0.5479142363290664,0.5479142363290664,7.709114139020714e-22,0.4518335785952373,0.00025218507569628093
2_trans_1320.csv,1,1,1,0.9957622280942635,0.9957622280942635,1.744349802879187e-23,0.00411496764921067,0.00012280425652571683
2_trans_2946.csv,4,2,0,0.49897911781577503,0.07848598917498097,0.49897911781577503,0.014386505595962077,0.4081483874132819
2_trans_1283.csv,1,1,1,0.8231245658289551,0.8231245658289551,5.709731934508642e-14,0.16400794776960173,0.012867486401386123
2_trans_909.csv,1,1,1,0.9370380543696958,0.9370380543696958,8.630292603882895e-13,0.0004583788695110964,0.0625035667599301
2_trans_2749.csv,1,1,1,0.9678245289696981,0.9678245289696981,5.2931885117476995e-22,0.025218200242136026,0.006957270788165963
2_trans_1095.csv,1,1,1,0.9996620460035764,0.9996620460035764,1.3790743196300673e-20,6.3937868043081435e-06,0.0003315602096193223
2_trans_1081.csv,4,4,1,0.6205592936249966,0.37166867248661895,1.87312066513798e-07,0.007771846576317998,0.6205592936249966
2_trans_1056.csv,1,1,1,0.9991382479615322,0.9991382479615322,1.9765031557875795e-20,0.00014026346167929647,0.0007214885767885446
2_trans_504.csv,1,1,1,0.9146309209060098,0.9146309209060098,1.2362093897077783e-11,0.07475587821097109,0.01061320087065716
2_trans_2239.csv,1,1,1,0.9213933068765123,0.9213933068765123,3.602025000292475e-11,0.01354122525625966,0.06506546783120788
2_trans_510.csv,1,4,0,0.5000078837949208,0.39265841040798616,6.824835777093269e-08,0.10733363754873528,0.5000078837949208
2_trans_276.csv,1,1,1,0.9879305925425875,0.9879305925425875,1.5051945166788343e-27,0.012036236426991014,3.31710304214289e-05
2_trans_1725.csv,1,1,1,0.9985130902930541,0.9985130902930541,5.8477697117845465e-27,0.001336547633667694,0.00015036207327810992
2_trans_511.csv,1,1,1,0.9999979834963553,0.9999979834963553,1.0300408712210914e-33,1.502834995048573e-06,5.136686497228563e-07
2_trans_2238.csv,1,3,0,0.5263658178308073,0.46827759299159366,9.084003602087398e-12,0.5263658178308073,0.005356589168514931
2_trans_1731.csv,1,1,1,0.9999762009379648,0.9999762009379648,6.908257829620236e-40,2.3789494728841693e-05,9.567306503928903e-09
2_trans_2562.csv,1,1,1,0.9567243637883559,0.9567243637883559,7.674784447100303e-25,0.04314546950317551,0.00013016670846858228
2_trans_1080.csv,1,1,1,0.999820413640708,0.999820413640708,6.852434502998039e-33,0.0001795272682791219,5.9091012871822624e-08
2_trans_1902.csv,3,1,0,0.6619022726527382,0.6619022726527382,1.2426420565203572e-14,0.33594771193429884,0.0021500154129505443
2_trans_288.csv,1,1,1,0.7307082817489625,0.7307082817489625,2.8974854932775076e-07,0.1657083232690186,0.10358310523346956
2_trans_1527.csv,1,1,1,0.9998809329733448,0.9998809329733448,1.4884528510640826e-29,2.682331232222468e-06,0.0001163846954229803
2_trans_2984.csv,2,2,1,0.9870584160296384,9.379925006601042e-05,0.9870584160296384,1.46226238994598e-05,0.012833162096396138
2_trans_2760.csv,1,1,1,0.9999288285769544,0.9999288285769544,1.3495296148206612e-37,7.108945875450504e-05,8.196429093420489e-08
2_trans_2953.csv,4,1,0,0.49243590308308477,0.49243590308308477,0.28609143584782615,0.0865802691074315,0.1348923919616576
2_trans_1296.csv,1,4,0,0.6299647548984071,0.3449733317997419,1.1404940396017906e-05,0.025050508361454987,0.6299647548984071
2_trans_1335.csv,1,1,1,0.9999987275250888,0.9999987275250888,7.396729619542122e-40,8.692382329964788e-07,4.0323667798698986e-07
2_trans_2628.csv,1,1,1,0.9905741548145381,0.9905741548145381,4.084698480867266e-27,0.009200809691711944,0.00022503549374991886
2_trans_1321.csv,1,1,1,0.9999634386837577,0.9999634386837577,5.9038820068676346e-33,3.207633247357603e-05,4.484983768785506e-06
2_trans_883.csv,1,1,1,0.9999869931372314,0.9999869931372314,2.0399652931884108e-35,1.244463084228746e-05,5.622319264373929e-07
2_trans_2172.csv,1,1,1,0.7916079175990157,0.7916079175990157,5.667811825468994e-11,0.008868497619289,0.19952358472501727
2_trans_897.csv,1,1,1,0.9999994144470707,0.9999994144470707,6.723061457931042e-34,4.974334173905467e-07,8.811951187169554e-08
2_trans_129.csv,3,3,1,0.7946702891377843,0.20522851314437598,3.519639262162306e-16,0.7946702891377843,0.00010119771783945736
2_trans_2827.csv,2,2,1,0.9864419350907927,0.00021424298440981296,0.9864419350907927,2.7936614976998035e-05,0.013315885309820518
2_trans_16.csv,1,1,1,0.9922822035926885,0.9922822035926885,1.2953272456082041e-20,1.6725501462697596e-05,0.007701070905848807
2_trans_868.csv,4,4,1,0.8631734178421748,0.08352740371086392,0.0029447387774346008,0.05035443966952671,0.8631734178421748
2_trans_698.csv,1,1,1,0.9999641506839367,0.9999641506839367,5.399211244196286e-28,5.352599633737951e-06,3.049671642950886e-05
2_trans_840.csv,1,1,1,0.9988817487158258,0.9988817487158258,1.6376009628419338e-29,0.0011168033727471196,1.4479114271987806e-06
2_trans_1889.csv,1,1,1,0.9939841738798542,0.9939841738798542,3.5832572640626237e-19,0.0051287702252108885,0.0008870558949348508
2_trans_2358.csv,1,1,1,0.9938523790302184,0.9938523790302184,6.570582697867034e-18,0.002413722091937093,0.003733898877844498
2_trans_317.csv,1,1,1,0.9981422007777834,0.9981422007777834,3.893404356769228e-21,2.745701485293227e-06,0.0018550535207313478
2_trans_459.csv,1,1,1,0.9999200187520535,0.9999200187520535,1.0790588712561531e-25,4.909477060857189e-05,3.088647733811037e-05
2_trans_1686.csv,1,1,1,0.9999957770225992,0.9999957770225992,1.1754419683800776e-36,3.4478137477548426e-06,7.751636531405476e-07
