id,true_label,predicted_label,correct,confidence,p_class_1,p_class_2,p_class_3,p_class_4
2_trans_1853.csv,1,1,1,0.9999949884790653,0.9999949884790653,6.165306096589606e-29,2.7480472272436987e-06,2.263473707505197e-06
2_trans_1106.csv,1,1,1,0.9928390996106893,0.9928390996106893,2.9586345726724014e-13,0.00020095495298609963,0.006959945436028787
2_trans_1112.csv,1,1,1,0.999998602921372,0.999998602921372,9.35575856165504e-36,1.371488077376365e-06,2.5590550742993865e-08
2_trans_1674.csv,1,1,1,0.999649313465644,0.999649313465644,2.9843414958070825e-25,8.457655039656928e-07,0.00034984076885210516
2_trans_1890.csv,1,1,1,0.7586264894187831,0.7586264894187831,1.005279564878275e-15,0.23344765414594965,0.007925856435266266
2_trans_1648.csv,1,3,0,0.7892121277097551,0.2105171122970556,6.187847602209183e-16,0.7892121277097551,0.00027075999318858154
2_trans_33.csv,1,1,1,0.9999998230829359,0.9999998230829359,5.410330419100636e-35,7.183669429628572e-08,1.0508036972775225e-07
2_trans_871.csv,1,1,1,0.9979575445728561,0.9979575445728561,2.6957429487512346e-17,0.0005197880296891218,0.0015226673974547112
2_trans_1462.csv,1,1,1,0.995485496001747,0.995485496001747,4.736317299979374e-18,0.00448304302711942,3.1460971133643615e-05
2_trans_1476.csv,1,3,0,0.5806936777317968,0.30857095055067135,2.8734215906273918e-05,0.5806936777317968,0.11070663750162556
2_trans_2619.csv,1,1,1,0.9234596872139127,0.9234596872139127,2.075929286577691e-11,0.005162396288506359,0.07137791647682142
2_trans_1338.csv,1,1,1,0.9999946543059154,0.9999946543059154,4.253501085157337e-39,5.333225546980694e-06,1.2468537783606803e-08
2_trans_2631.csv,1,1,1,0.9987053756546107,0.9987053756546107,2.432766736874523e-22,0.0012267874950616239,6.783685032763566e-05
2_trans_2625.csv,1,1,1,0.9915530768799629,0.9915530768799629,1.3927548097832795e-20,0.005531206987950296,0.002915716132086823
2_trans_939.csv,4,1,0,0.6577644515430731,0.6577644515430731,1.0849742646323955e-12,0.3133019833402693,0.02893356511557251
2_trans_722.csv,1,1,1,0.9981553224085072,0.9981553224085072,8.972024964248681e-24,0.001797783417750586,4.689417374226148e-05
2_trans_1258.csv,4,4,1,0.9487411838223193,0.04138887187584867,0.006429135266618651,0.003440809035213369,0.9487411838223193
2_trans_285.csv,1,1,1,0.9996394160302225,0.9996394160302225,2.7954703836313105e-23,3.215638818220216e-06,0.00035736833095934483
2_trans_1933.csv,1,1,1,0.8543793505092175,0.8543793505092175,6.8052366634329255e-12,0.1304728381441106,0.015147811339866627
2_trans_1927.csv,1,1,1,0.9997257610491964,0.9997257610491964,1.2390407593034117e-16,9.502336731214179e-05,0.00017921558349127137
2_trans_1700.csv,1,1,1,0.999981089609736,0.999981089609736,1.059870077630219e-25,6.174121277774807e-06,1.2736268986266264e-05
2_trans_534.csv,1,1,1,0.9912423644718905,0.9912423644718905,1.0662222464315039e-15,0.008533447582964274,0.0002241879451441242
2_trans_2209.csv,1,1,1,0.9861067359888877,0.9861067359888877,2.1008731679980825e-19,0.010756942663549185,0.003136321347563239
2_trans_2221.csv,1,1,1,0.9948793109745993,0.9948793109745993,2.0267683447534285e-17,0.003284303931243875,0.0018363850941568033
2_trans_2547.csv,1,1,1,0.989875132428873,0.989875132428873,9.547204977405117e-14,0.0018208636229447986,0.008304003948086681
2_trans_2220.csv,1,4,0,0.62701815549668,0.3688255294869752,1.499078890633997e-08,0.004156300025555799,0.62701815549668
2_trans_1729.csv,1,1,1,0.9999998107220683,0.9999998107220683,3.6761602425534275e-31,2.048361073270279e-09,1.8722957066208054e-07
2_trans_2546.csv,1,1,1,0.8180237867999925,0.8180237867999925,5.243862218997975e-13,0.18183629506531993,0.0001399181341633084
2_trans_2208.csv,1,1,1,0.9865748906536628,0.9865748906536628,1.23862920977286e-18,7.974396180775376e-05,0.013345365384529488
2_trans_1701.csv,1,1,1,0.9999937660141537,0.9999937660141537,4.7642575909388216e-30,3.65101932354373e-07,5.868883914004019e-06
2_trans_247.csv,1,1,1,0.9999445239119645,0.9999445239119645,2.6250222699706296e-29,5.479369045938927e-05,6.823975760374705e-07
2_trans_2591.csv,1,1,1,0.9999975829110231,0.9999975829110231,3.222816852621383e-40,2.4168441250671983e-06,2.448517803553428e-10
2_trans_1926.csv,1,1,1,0.9999988193336757,0.9999988193336757,1.266790161082212e-41,1.1789004454748971e-06,1.7658788958802015e-09
2_trans_1932.csv,1,1,1,0.8903153577846045,0.8903153577846045,7.468083295223643e-15,0.10951395129455452,0.00017069092083356132
2_trans_1259.csv,1,1,1,0.9935554840939689,0.9935554840939689,2.5697068976138063e-14,0.0005070566419414288,0.005937459264064313
2_trans_2744.csv,1,1,1,0.9926707169288881,0.9926707169288881,2.1691767902294865e-20,0.0011395864594029286,0.006189696611708993
2_trans_1503.csv,1,1,1,0.9999994480006326,0.9999994480006326,6.535787456633465e-39,5.412313362360975e-07,1.0768031211799496e-08
2_trans_2787.csv,1,1,1,0.9999938878850586,0.9999938878850586,8.97543054920061e-20,1.0524924051503424e-06,5.0596225364190495e-06
2_trans_2977.csv,2,2,1,0.5785743087337706,0.003137899253254925,0.5785743087337706,0.000564324659535385,0.41772346735343907
2_trans_938.csv,1,1,1,0.9999984968958895,0.9999984968958895,1.531302838640709e-30,5.08309860538561e-07,9.947942500240694e-07
2_trans_2142.csv,3,3,1,0.614323071174384,0.38409428129935275,9.206706385327438e-08,0.614323071174384,0.0015825554591994855
2_trans_119.csv,3,1,0,0.8596143820765021,0.8596143820765021,8.48569137613447e-09,0.07583688183678863,0.06454872760101786
2_trans_2156.csv,1,1,1,0.7584123858194513,0.7584123858194513,9.638055940782942e-11,0.2413200085088666,0.0002676055753016721
2_trans_125.csv,1,1,1,0.9999593959677048,0.9999593959677048,6.273182682835464e-29,2.3430686826929485e-05,1.7173345468201453e-05
2_trans_864.csv,1,1,1,0.9998916565811647,0.9998916565811647,8.276739020406323e-26,5.915499479732754e-05,4.918842403779556e-05
2_trans_2181.csv,1,1,1,0.9999795716038309,0.9999795716038309,2.1648844305073308e-26,1.4453450085379137e-06,1.8983051160719644e-05
2_trans_680.csv,1,1,1,0.6796464761278396,0.6796464761278396,7.029129508675892e-06,0.07766235582980756,0.24268413891284413
2_trans_1891.csv,1,1,1,0.9690298175079448,0.9690298175079448,2.0130120692566425e-20,0.028425685009365945,0.002544497482689344
2_trans_2432.csv,1,1,1,0.9977877211082119,0.9977877211082119,7.127039367678744e-15,0.0001707941412447453,0.0020414847505361928
2_trans_327.csv,3,4,0,0.5772781945811299,0.1647828293395933,6.947618445612302e-08,0.25793890660309227,0.5772781945811299
2_trans_455.csv,1,1,1,0.9955958773366173,0.9955958773366173,2.69523972073221e-15,0.0020749810671442373,0.002329141596235782
2_trans_2368.csv,1,1,1,0.9260603650849183,0.9260603650849183,1.7797555085646595e-13,0.06564055717663468,0.008299077738268905
2_trans_1852.csv,1,3,0,0.859854998149987,0.1158964744804194,4.340904875272792e-09,0.859854998149987,0.024248523028688712
2_trans_482.csv,1,1,1,0.9999988811592585,0.9999988811592585,2.892815945910914e-28,8.74868368186382e-07,2.4397237344355496e-07
2_trans_496.csv,1,1,1,0.6406528855184433,0.6406528855184433,1.56281922847077e-08,0.29816225793438705,0.061184840918977315
2_trans_1688.csv,1,1,1,0.9611695836280933,0.9611695836280933,2.305249613182084e-08,0.0011396996542518876,0.03769069366515878
2_trans_2395.csv,1,1,1,0.9999987522740822,0.9999987522740822,5.031632220875673e-32,9.569598600682425e-07,2.907660577801342e-07
2_trans_1111.csv,4,4,1,0.8097013745944265,0.18358841721143992,2.1189068992625314e-07,0.006709996303443688,0.8097013745944265
2_trans_1105.csv,1,1,1,0.9997491989394554,0.9997491989394554,1.375216383504381e-23,0.00013732767716448025,0.00011347338338011356
2_trans_331.csv,1,1,1,0.9999977235710525,0.9999977235710525,4.3624382925833134e-33,4.3591219078539917e-07,1.8405167567608387e-06
2_trans_1663.csv,1,1,1,0.9999863821087092,0.9999863821087092,6.134093966317674e-27,4.759515320991641e-07,1.3141939758639796e-05
2_trans_2430.csv,1,1,1,0.9974346472403504,0.9974346472403504,3.1623624243064324e-22,0.0025198617900886225,4.549096956109015e-05
2_trans_1139.csv,3,3,1,0.7544883302934243,0.2441084679683668,4.591727374465162e-09,0.7544883302934243,0.0014031971464814137
2_trans_682.csv,1,1,1,0.9650970495042069,0.9650970495042069,8.313649398134117e-11,0.03157302982165385,0.003329920591002752
2_trans_696.csv,1,3,0,0.39334893542485894,0.30537327460518054,0.00022037491081194582,0.39334893542485894,0.30105741505914857
2_trans_2815.csv,2,2,1,0.7594904652318178,0.0009571679462845216,0.7594904652318178,0.0006521807535324108,0.23890018606836538
2_trans_2197.csv,1,1,1,0.999968308355913,0.999968308355913,4.7103334255384016e-26,3.149444644585854e-05,1.9719764102863356e-07
2_trans_872.csv,1,1,1,0.9521631458568425,0.9521631458568425,2.4422687756764135e-13,0.020795993644379344,0.027040860498534047
2_trans_641.csv,1,1,1,0.9997397696684742,0.9997397696684742,5.122113879480168e-27,0.00025584910160928484,4.38122991648971e-06
2_trans_899.csv,1,1,1,0.9999822971064065,0.9999822971064065,3.123801658174895e-26,1.2002133535114098e-05,5.700760058370315e-06
2_trans_1475.csv,3,3,1,0.9607753432615836,0.038044113885677355,6.725448235031592e-10,0.9607753432615836,0.0011805421801941
2_trans_2975.csv,4,4,1,0.7764654297422446,0.04861890955009076,0.17009078942826328,0.00482487127940134,0.7764654297422446
2_trans_2949.csv,2,4,0,0.7532760894271786,0.0019111792218788422,0.24405419517005847,0.0007585361808840374,0.7532760894271786
2_trans_2785.csv,1,1,1,0.9999972133578652,0.9999972133578652,1.5867695524162344e-34,2.7388471474517684e-06,4.779498743224097e-08
2_trans_2008.csv,4,4,1,0.4994885375844874,0.49799323152909797,1.6172790203969582e-09,0.002518229269135727,0.4994885375844874
2_trans_1515.csv,1,3,0,0.6841428870187223,0.3154050385387764,4.1839481745297304e-11,0.6841428870187223,0.0004520744006618666
2_trans_721.csv,1,1,1,0.9999461229121607,0.9999461229121607,6.129337463436108e-30,4.842610400569382e-05,5.450983833752987e-06
2_trans_1273.csv,1,1,1,0.9999999665069366,0.9999999665069366,1.3972497957427257e-38,2.2843572403876508e-08,1.0649490835744108e-08
2_trans_2593.csv,1,1,1,0.9975614616941195,0.9975614616941195,8.992159730724733e-23,1.9021172984698952e-07,0.0024383480941506637
2_trans_1065.csv,1,1,1,0.9999546775545632,0.9999546775545632,2.666994002623148e-23,2.074959995542158e-07,4.511494943717836e-05
2_trans_2578.csv,1,1,1,0.9999680558923136,0.9999680558923136,1.642159890516378e-21,2.7988699031434998e-05,3.9554086549243125e-06
2_trans_2236.csv,1,1,1,0.8389802430339939,0.8389802430339939,4.552570179204173e-13,0.16084710894544338,0.00017264802010756776
2_trans_2551.csv,1,1,1,0.999377525385251,0.999377525385251,4.169455782437008e-17,0.00040810011222665467,0.00021437450252217424
2_trans_1716.csv,1,1,1,0.9999941918724327,0.9999941918724327,9.678806552912737e-29,3.3855788580666577e-08,5.774271778795078e-06
2_trans_522.csv,4,4,1,0.7880459387623041,0.18774354235129334,8.819805302166087e-06,0.024201699081100318,0.7880459387623041
2_trans_536.csv,1,1,1,0.9999506896667552,0.9999506896667552,1.7710935871626937e-29,4.629105666587298e-05,3.0192765790831273e-06
2_trans_1064.csv,1,1,1,0.9999989980272462,0.9999989980272462,1.3790304330005605e-28,3.0135622334240286e-07,7.006165305245944e-07
2_trans_1925.csv,1,1,1,0.8539251283738023,0.8539251283738023,5.835557471426724e-07,0.041900199496495205,0.10417408857395524
2_trans_2592.csv,4,4,1,0.939902236990414,0.05407813329859594,2.045803141669525e-08,0.00601960925295864,0.939902236990414
2_trans_1919.csv,1,1,1,0.999181953068642,0.999181953068642,7.630213679156558e-30,0.0008177835795839391,2.6335177419203366e-07
2_trans_293.csv,1,1,1,0.9672625695023529,0.9672625695023529,1.7074442398498523e-06,0.001490347543042697,0.031245375510364454
2_trans_708.csv,1,1,1,0.9999966801765773,0.9999966801765773,5.216974300884745e-30,5.2729164460631116e-08,3.2670942582956524e-06
2_trans_907.csv,1,1,1,0.9973299373987493,0.9973299373987493,2.997813526238143e-21,0.002597698739857537,7.236386139317352e-05
2_trans_1299.csv,1,1,1,0.9013789460791738,0.9013789460791738,6.972501857209657e-17,0.0984335032212497,0.00018755069957634228
2_trans_913.csv,1,1,1,0.9992571329000334,0.9992571329000334,4.2685206331609494e-30,0.0007426373409503485,2.2975901641259485e-07
2_trans_2627.csv,1,1,1,0.9999991645617429,0.9999991645617429,3.4023394900036744e-28,3.282150556798917e-08,8.026167514576461e-07
2_trans_132.csv,1,1,1,0.9999989434481303,0.9999989434481303,2.9145848513462064e-34,9.229488112791751e-07,1.3360305839310734e-07
2_trans_873.csv,3,3,1,0.7536982963293242,0.2462600798369899,4.062554193167707e-14,0.7536982963293242,4.162383364532191e-05
2_trans_683.csv,1,1,1,0.9977775050337825,0.9977775050337825,3.222980839638317e-14,9.858013636348803e-05,0.002123914829821835
2_trans_2357.csv,4,4,1,0.7311308627415829,0.23265483969997924,6.636388276646483e-06,0.036207661170161165,0.7311308627415829
2_trans_2343.csv,3,3,1,0.7781081373120027,0.22182130641452016,1.484997465912829e-15,0.7781081373120027,7.055627347576109e-05
2_trans_318.csv,1,1,1,0.809525412106339,0.809525412106339,7.178858784188767e-13,0.18999252588524346,0.00048206200769953486
2_trans_324.csv,1,1,1,0.9999994477978057,0.9999994477978057,6.581803944996674e-28,5.389238304177133e-07,1.3278363956089268e-08
2_trans_2394.csv,1,3,0,0.6141999950689742,0.37034332388494445,3.808788916557526e-08,0.6141999950689742,0.015456642958192282
2_trans_1851.csv,3,3,1,0.6602772547606736,0.3337240265296698,4.114319620348201e-08,0.6602772547606736,0.005998677566460377
2_trans_1689.csv,1,3,0,0.6587695310793623,0.3362474205316084,1.68545750621756e-09,0.6587695310793623,0.004983046703571856
2_trans_495.csv,1,1,1,0.9998849416137887,0.9998849416137887,1.3915974015625523e-31,0.00011505292505553247,5.461155675088075e-09
2_trans_1855.csv,1,1,1,0.8853537906392565,0.8853537906392565,1.5701495923066297e-12,0.11065213367790976,0.003994075681263724
2_trans_1699.csv,1,1,1,0.999988403950013,0.999988403950013,1.0681544705085867e-27,4.142002458401143e-07,1.1181849741232653e-05
2_trans_1841.csv,1,1,1,0.9999996793812054,0.9999996793812054,2.7229282928967746e-33,1.6849555873680377e-07,1.5212323584829351e-07
2_trans_485.csv,1,1,1,0.9998743105840283,0.9998743105840283,1.0407399773635628e-32,0.00012568577184450143,3.6441272473456013e-09
2_trans_491.csv,1,1,1,0.9998856026598555,0.9998856026598555,5.271476566856229e-29,0.0001143443252327069,5.301491193951877e-08
2_trans_1128.csv,1,1,1,0.9988210298401596,0.9988210298401596,2.9302233728647465e-20,2.0170617123824597e-06,0.0011769530981279707
2_trans_1896.csv,1,1,1,0.999996304341142,0.999996304341142,7.654237905989443e-27,5.74349129222423e-07,3.1213097287432106e-06
2_trans_1882.csv,1,1,1,0.9999995375634514,0.9999995375634514,6.380791005695789e-31,4.297914902235342e-07,3.264505837066033e-08
2_trans_2435.csv,1,1,1,0.5159764577472135,0.5159764577472135,0.004258873688496095,0.0019707407482847613,0.4777939278160057
2_trans_320.csv,1,1,1,0.9999989722228885,0.9999989722228885,2.394441374223567e-31,8.919220078033587e-07,1.3585510377854493e-07
2_trans_1672.csv,4,4,1,0.6687094914110584,0.33052091309780807,4.2000958841999405e-11,0.0007695954491324963,0.6687094914110584
2_trans_446.csv,1,1,1,0.9999364001550985,0.9999364001550985,7.629087433901533e-23,3.387036302778995e-06,6.021280859848755e-05
2_trans_1100.csv,1,1,1,0.9999737294205397,0.9999737294205397,1.7030085125570517e-28,2.215288804573665e-05,4.117691414517919e-06
2_trans_334.csv,4,4,1,0.35233442464241516,0.3061278629166554,1.219901473538756e-05,0.34152551342619397,0.35233442464241516
2_trans_877.csv,3,3,1,0.4566330546855195,0.24851067479243022,6.59857904308986e-05,0.4566330546855195,0.2947902847316194
2_trans_2804.csv,4,4,1,0.8821965289482987,0.08697407010511968,0.013862242443735334,0.016967158502846285,0.8821965289482987
2_trans_693.csv,1,1,1,0.9794944575812101,0.9794944575812101,1.2111319875738905e-14,0.010011480839759277,0.010494061579018383
2_trans_1458.csv,4,1,0,0.8817246707147396,0.8817246707147396,3.681352260268892e-09,0.003771030150105759,0.11450429545380245
2_trans_2179.csv,4,4,1,0.9416920699257031,0.017745060602297625,0.03957784224392807,0.0009850272280711673,0.9416920699257031
2_trans_1470.csv,1,1,1,0.9997002392281505,0.9997002392281505,1.650599294143898e-27,1.4164566497686216e-05,0.0002855962053518047
2_trans_136.csv,1,1,1,0.9994796017402668,0.9994796017402668,2.087160358471359e-20,0.0004068733584727791,0.0001135249012603946
2_trans_888.csv,1,1,1,0.9848089196006106,0.9848089196006106,1.873533347882925e-16,0.0001969389011444952,0.014994141498244563
2_trans_1538.csv,1,1,1,0.9999999185601023,0.9999999185601023,8.258527954635226e-36,3.3392378384550963e-09,7.81006596852551e-08
2_trans_2757.csv,1,1,1,0.6748246538616086,0.6748246538616086,1.64921600411181e-13,0.3217116733240985,0.0034636728141279245
2_trans_2743.csv,1,1,1,0.9913716203359818,0.9913716203359818,5.067646742311648e-14,0.005989165395618263,0.002639214268349332
2_trans_730.csv,4,4,1,0.8091736713152405,0.04164925750002911,0.0058849150988683225,0.143292156085862,0.8091736713152405
2_trans_2019.csv,1,1,1,0.999992894039636,0.999992894039636,1.3923401906338338e-26,1.6842637623385626e-07,6.937533987776621e-06
2_trans_1921.csv,1,1,1,0.9999918639974643,0.9999918639974643,3.487800219104046e-27,6.332198977586289e-06,1.803803558103122e-06
2_trans_2582.csv,1,1,1,0.9957065405390035,0.9957065405390035,4.34474956895617e-17,0.004082433265703979,0.0002110261952925396
2_trans_2233.csv,1,1,1,0.9999006043968341,0.9999006043968341,2.949203718747926e-26,9.821170540470401e-05,1.183897761020216e-06
2_trans_1048.csv,1,1,1,0.9809391272770429,0.9809391272770429,1.3078295650018356e-14,0.01447257704449023,0.004588295678453832
2_trans_1706.csv,1,1,1,0.9999999940796731,0.9999999940796731,7.113598205342851e-41,5.851009095313099e-09,6.931757552068881e-11
2_trans_1074.csv,1,1,1,0.9999994067207028,0.9999994067207028,5.231643356709203e-35,5.617122040078099e-07,3.156709321649669e-08
2_trans_527.csv,1,1,1,0.9997960215499931,0.9997960215499931,5.282539869251352e-19,3.726170729103735e-05,0.00016671674271582452
2_trans_241.csv,1,1,1,0.9976961505673663,0.9976961505673663,7.412535000615419e-14,0.0006632628633630414,0.0016405865691966313
2_trans_1061.csv,1,1,1,0.9984634315137952,0.9984634315137952,4.41413691830545e-23,0.001532645657216676,3.922828988065789e-06
2_trans_255.csv,2,4,0,0.9422867163134283,0.010642929715950324,0.04468377554256776,0.002386578428053623,0.9422867163134283
2_trans_533.csv,4,4,1,0.7700296882989438,0.22362438203294666,2.716624306505135e-07,0.0063456580056788295,0.7700296882989438
2_trans_2226.csv,1,1,1,0.9976289784463818,0.9976289784463818,1.4302762920976578e-18,0.0001640963457709152,0.002206925207847276
2_trans_1049.csv,1,1,1,0.9999671691632918,0.9999671691632918,6.662110973965387e-30,1.0863175171250167e-08,3.281997353299995e-05
2_trans_2540.csv,1,1,1,0.9999977396034062,0.9999977396034062,4.579023621747421e-34,2.063952801133164e-06,1.9644379259995714e-07
2_trans_269.csv,1,1,1,0.999993808997704,0.999993808997704,2.5185260558131056e-27,5.935351045222307e-06,2.5565125082760913e-07
2_trans_2232.csv,1,1,1,0.7817671271035623,0.7817671271035623,2.187463778735263e-05,0.03980145307267301,0.17840954518597732
2_trans_1934.csv,1,1,1,0.9273103046770125,0.9273103046770125,3.027755016455871e-10,0.0030132185348783974,0.06967647648533376
2_trans_2018.csv,4,4,1,0.9598403429540739,0.007523817167507733,0.027575569824602224,0.0050602700538160475,0.9598403429540739
2_trans_731.csv,1,1,1,0.9807350530370457,0.9807350530370457,4.966986505265348e-13,0.016487313290439193,0.002777633672018237
2_trans_9.csv,1,1,1,0.5337169759023541,0.5337169759023541,2.6925804327493665e-08,0.42313095527383554,0.043152041898006095
2_trans_719.csv,1,1,1,0.981183744464328,0.981183744464328,3.495051198068583e-16,3.0200323601593325e-05,0.01878605521206985
2_trans_2030.csv,3,1,0,0.6550869587140818,0.6550869587140818,1.1025477099138657e-06,0.32496082107177293,0.019951117666435182
2_trans_1539.csv,1,1,1,0.9996448308006186,0.9996448308006186,1.0223302274261322e-23,0.0003533934272624055,1.77577211902858e-06
2_trans_2756.csv,1,1,1,0.9999907332386399,0.9999907332386399,5.3487197739709455e-34,9.265509718395496e-06,1.2516416485688036e-09
2_trans_2965.csv,4,4,1,0.6150599554900243,0.12259370261453167,0.2203619953907344,0.041984346504709655,0.6150599554900243
2_trans_916.csv,1,1,1,0.9998991969014034,0.9998991969014034,5.1581387360748274e-21,3.5238428820045546e-07,0.00010045071430861718
2_trans_1459.csv,1,1,1,0.9999983899524166,0.9999983899524166,6.832535695381776e-32,1.4235733869529682e-06,1.864741964093704e-07
2_trans_2150.csv,1,1,1,0.9942083899353777,0.9942083899353777,2.0712108972363506e-20,0.005697533042823479,9.407702179860676e-05
2_trans_2805.csv,2,2,1,0.8465530230387757,0.0016041096899771182,0.8465530230387757,0.0006924066972139745,0.15115046057403317
2_trans_876.csv,1,1,1,0.9999999140313244,0.9999999140313244,2.4186982954236447e-34,2.4291753321413247e-08,6.167692233406822e-08
2_trans_335.csv,1,1,1,0.9194085504774131,0.9194085504774131,2.2127337449782403e-13,0.0004242968181714066,0.08016715270419413
2_trans_1115.csv,1,1,1,0.9994977273023224,0.9994977273023224,5.532059682774336e-23,0.000500390213557761,1.882484119782806e-06
2_trans_447.csv,1,1,1,0.9999994707645693,0.9999994707645693,3.3693890755418626e-31,5.607242142195817e-08,4.731630093297335e-07
2_trans_2352.csv,1,1,1,0.9944241622387726,0.9944241622387726,3.2609362932506502e-21,3.836770855019963e-06,0.0055720009903724235
2_trans_309.csv,4,4,1,0.9432249370080746,0.04354796373681687,4.71158691604258e-06,0.013222387668192477,0.9432249370080746
2_trans_1129.csv,1,1,1,0.9999495634719324,0.9999495634719324,1.359571672987788e-24,6.922987938331547e-09,5.0429605079533036e-05
2_trans_2346.csv,1,1,1,0.9999808921010249,0.9999808921010249,1.9706827825694105e-30,4.4051287444051787e-07,1.8667386100606306e-05
2_trans_1868.csv,1,1,1,0.999666919978942,0.999666919978942,1.0563296115798165e-22,0.0003149360696938732,1.8143951364276037e-05
2_trans_2385.csv,1,1,1,0.999704048618868,0.999704048618868,4.308547011454853e-20,0.0001826995605815472,0.00011325182055029541
2_trans_1854.csv,1,1,1,0.9975721668733284,0.9975721668733284,3.2450967541441034e-18,0.00043391003950563176,0.001993923087166081
2_trans_1842.csv,1,1,1,0.9980968129989785,0.9980968129989785,1.378762992660422e-20,3.367749586575427e-05,0.0018695095051558075
2_trans_1856.csv,1,1,1,0.9998938309647496,0.9998938309647496,7.652663930037447e-28,0.00010460447447445197,1.5645607761407456e-06
2_trans_2387.csv,4,4,1,0.8883208606641816,0.10818041910240221,0.0008255669862393476,0.0026731532471768286,0.8883208606641816
2_trans_486.csv,3,1,0,0.6358544456068685,0.6358544456068685,6.524734603417324e-18,0.36400255233536255,0.00014300205776894036
2_trans_1881.csv,1,1,1,0.9991836898105234,0.9991836898105234,5.1235711104651e-16,0.0006476313278089787,0.00016867886166701412
2_trans_2344.csv,1,1,1,0.9997064135215172,0.9997064135215172,9.108142769160014e-24,1.8747559717087487e-07,0.0002933990028856747
2_trans_1665.csv,1,1,1,0.9975065648418285,0.9975065648418285,1.3589792053554303e-23,2.8954189248990927e-05,0.0024644809689223033
2_trans_323.csv,1,1,1,0.9613772329148057,0.9613772329148057,4.72580247794639e-14,0.03758857752947541,0.0010341895556716105
2_trans_2185.csv,1,1,1,0.9998601795007731,0.9998601795007731,1.0969131632668114e-22,0.00012572575910628896,1.4094740120559177e-05
2_trans_684.csv,1,1,1,0.9825156426287177,0.9825156426287177,8.251920911457933e-11,0.0012048261935751871,0.01627953109518778
2_trans_2152.csv,1,1,1,0.9998595665920835,0.9998595665920835,1.4157563993012248e-27,0.00011993422616702683,2.0499181749404245e-05
2_trans_2634.csv,1,1,1,0.9997576014105753,0.9997576014105753,2.9852117305047075e-20,0.00015752336681663684,8.487522260807857e-05
2_trans_2620.csv,1,1,1,0.9751443493067,0.9751443493067,3.3525310948964417e-13,0.002769802004114641,0.022085848688850097
2_trans_2146.csv,1,3,0,0.5894448434172962,0.37324760112470223,5.203826704497842e-10,0.5894448434172962,0.03730755493761887
2_trans_1467.csv,1,1,1,0.9999894750841204,0.9999894750841204,5.218774073697191e-36,1.0065313117285622e-05,4.5960276242624156e-07
2_trans_2608.csv,1,1,1,0.999992411786243,0.999992411786243,1.4653895719315997e-27,1.6816710487970795e-08,7.571397046362113e-06
2_trans_900.csv,1,1,1,0.9926328410356081,0.9926328410356081,5.043050892786791e-16,0.00013017160887448094,0.00723698735551694
2_trans_2797.csv,1,1,1,0.9982909084904573,0.9982909084904573,7.078702624814796e-21,1.948839638356879e-06,0.0017071426699043727
2_trans_2967.csv,2,2,1,0.712606128301147,0.019760149707700823,0.712606128301147,0.010701453247191177,0.25693226874396097
2_trans_1513.csv,1,1,1,0.999994751266789,0.999994751266789,1.0201589637306675e-26,2.8231684674215094e-06,2.425564743398452e-06
2_trans_2768.csv,1,1,1,0.9999731420987849,0.9999731420987849,4.032703102606586e-27,1.0141293964272664e-05,1.6716607251010117e-05
2_trans_733.csv,1,1,1,0.9999419850016238,0.9999419850016238,2.8292585342006716e-32,5.7977321237623935e-05,3.767713866604808e-08
2_trans_2595.csv,1,1,1,0.9997517627551309,0.9997517627551309,6.174802907843091e-20,3.815028354407147e-05,0.00021008696132507999
2_trans_294.csv,1,1,1,0.9999995093703158,0.9999995093703158,3.1977141782728963e-32,4.864726212923509e-07,4.157062926192696e-09
2_trans_519.csv,1,1,1,0.999958068634858,0.999958068634858,9.703936115712663e-27,2.5289659499382244e-06,3.940239919213126e-05
2_trans_2556.csv,1,3,0,0.8552688253310137,0.14312743372276526,2.276617683016852e-10,0.8552688253310137,0.0016037407185592438
2_trans_1077.csv,1,1,1,0.9921139459536633,0.9921139459536633,4.4885660163158675e-15,0.0004812646295723125,0.00740478941676012
2_trans_243.csv,1,1,1,0.99999971510594,0.99999971510594,6.472006721050072e-32,2.1474844135177484e-07,7.01456185738345e-08
2_trans_2218.csv,1,1,1,0.9869789308074216,0.9869789308074216,1.801425396996831e-15,6.635481688753163e-05,0.012954714375689095
2_trans_1711.csv,1,1,1,0.9996292908669692,0.9996292908669692,1.1510584184878802e-16,2.2541147304573084e-05,0.0003481679857259964
2_trans_1063.csv,1,1,1,0.9999998908813185,0.9999998908813185,1.6566790823812006e-33,2.6003887936979885e-08,8.311479353946807e-08
2_trans_1076.csv,1,1,1,0.9998809473712814,0.9998809473712814,7.386355664699539e-27,0.00011823509974475585,8.175289739797483e-07
2_trans_2231.csv,1,1,1,0.9983717408812759,0.9983717408812759,2.020968556343365e-22,1.2420517983791648e-06,0.0016270170669258224
2_trans_295.csv,4,1,0,0.6305484250628733,0.6305484250628733,1.9277497763723714e-08,0.1287432754764133,0.24070828018321558
2_trans_2594.csv,3,1,0,0.41606204139658964,0.41606204139658964,1.74480294952161e-07,0.4006305814908409,0.18330720263227454
2_trans_1937.csv,1,1,1,0.9999956907261097,0.9999956907261097,1.8658090814271122e-34,4.1700993069538895e-06,1.3917458331740667e-07
2_trans_1260.csv,1,1,1,0.9870120398456252,0.9870120398456252,9.248980246629275e-16,0.010692268259395855,0.0022956918949779913
2_trans_1506.csv,1,1,1,0.999682732687035,0.999682732687035,2.766449416780888e-26,1.6332284951716382e-07,0.00031710399011562594
2_trans_2755.csv,1,1,1,0.9999525847852181,0.9999525847852181,2.4179894618758728e-26,1.4926947282089081e-05,3.248826749978975e-05
2_trans_2027.csv,1,1,1,0.9576010791312926,0.9576010791312926,8.662344407347328e-17,0.04165221895681459,0.0007467019118927417
2_trans_2966.csv,2,2,1,0.985119660983232,8.067447555765656e-05,0.985119660983232,0.00013833390709133947,0.01466133063411906
2_trans_2796.csv,1,1,1,0.7969004224053176,0.7969004224053176,2.3930506509277693e-07,0.11257489952106571,0.0905244387685517
2_trans_120.csv,1,1,1,0.9999861558887979,0.9999861558887979,4.157678031300318e-36,1.3832690361005213e-05,1.1420841152966708e-08
2_trans_134.csv,1,1,1,0.9999966865044668,0.9999966865044668,1.9488003709361712e-26,2.008357493033922e-07,3.1126597837731473e-06
2_trans_2621.csv,1,1,1,0.9422140504625601,0.9422140504625601,6.891665903945385e-19,0.056661955960685614,0.001123993576754295
2_trans_2806.csv,2,2,1,0.9652160049866992,0.00010604678988602209,0.9652160049866992,5.465953408176098e-05,0.034623288689332815
2_trans_23.csv,4,3,0,0.7018023137569053,0.17884295828229613,2.9200968445678666e-09,0.7018023137569053,0.11935472504070181
2_trans_1116.csv,1,1,1,0.9591882119471656,0.9591882119471656,1.344656446459107e-07,0.011139878076266702,0.029671775510923176
2_trans_2437.csv,1,1,1,0.9999462355102323,0.9999462355102323,1.1570159431486324e-21,3.372788224490291e-05,2.0036607522889315e-05
2_trans_2351.csv,1,1,1,0.9936315076180305,0.9936315076180305,2.7242634765778856e-14,0.0050696583864317975,0.0012988339955104645
2_trans_493.csv,4,4,1,0.7976168114923169,0.18923264812497712,0.009583447924050545,0.003567092458655451,0.7976168114923169
2_trans_1857.csv,1,1,1,0.9999138546316747,0.9999138546316747,1.2778195510716805e-23,2.7128827452649868e-05,5.901654087262014e-05
2_trans_1603.csv,1,1,1,0.5493344264810787,0.5493344264810787,1.80409928011612e-05,0.11943755536213249,0.33120997716398765
2_trans_1617.csv,1,1,1,0.7978027400463688,0.7978027400463688,2.3220655541510336e-06,0.103912231165824,0.09828270672225314
2_trans_1171.csv,1,1,1,0.9999516929819915,0.9999516929819915,3.3213167226593706e-29,2.7155377955455503e-07,4.803546422895863e-05
2_trans_1159.csv,4,1,0,0.6587506934046049,0.6587506934046049,4.1031445150975134e-07,0.02109935023625876,0.3201495460446847
2_trans_2450.csv,1,1,1,0.9739004986160416,0.9739004986160416,5.248687288704692e-20,0.026097796903845425,1.704480112956244e-06
2_trans_2444.csv,1,1,1,0.9938063310698302,0.9938063310698302,2.087592882010717e-16,0.0035446381930546228,0.0026490307371149057
2_trans_190.csv,1,1,1,0.9999992133690812,0.9999992133690812,1.5278604938835815e-32,6.431445987421869e-07,1.4348631999760164e-07
2_trans_2875.csv,4,4,1,0.7529594020883585,0.002770160441817459,0.2439333653320802,0.0003370721377438376,0.7529594020883585
2_trans_50.csv,4,4,1,0.48592137679595865,0.32064352902763954,1.6427856782716334e-06,0.19343345139072363,0.48592137679595865
2_trans_2691.csv,1,1,1,0.9784238646541191,0.9784238646541191,9.812005704372205e-15,0.021420486197748324,0.00015564914812290405
2_trans_2685.csv,1,1,1,0.9975951748888892,0.9975951748888892,1.5235165332622865e-19,0.00037033939421050204,0.0020344857169004894
2_trans_635.csv,1,1,1,0.9688584159735106,0.9688584159735106,2.746976684994227e-10,0.012121675947985818,0.019019907803805813
2_trans_147.csv,1,1,1,0.9999982296694704,0.9999982296694704,3.508705853644828e-28,1.1031236023071733e-06,6.672069274371277e-07
2_trans_1429.csv,1,1,1,0.8843427175163637,0.8843427175163637,1.612339674679556e-10,0.10752935077567158,0.008127931546730846
2_trans_2901.csv,2,2,1,0.6272589873863932,0.004146337725048378,0.6272589873863932,0.0024869753573754966,0.3661076995311828
2_trans_966.csv,1,1,1,0.999972886954471,0.999972886954471,2.459132942360896e-36,2.71118275062411e-05,1.2180227840306078e-09
2_trans_2929.csv,2,2,1,0.5942434838879164,0.00016199761042201734,0.5942434838879164,9.231308924037932e-05,0.40550220541242127
2_trans_2097.csv,1,1,1,0.9818414565928197,0.9818414565928197,8.34884061728153e-21,0.018118817616557877,3.972579062250802e-05
2_trans_999.csv,1,1,1,0.9962891733760548,0.9962891733760548,1.140388335295847e-13,0.00032668027448586653,0.0033841463493453315
2_trans_2726.csv,1,1,1,0.9999902500972304,0.9999902500972304,1.212431888073612e-33,9.743606920244125e-06,6.295849335572683e-09
2_trans_2054.csv,1,1,1,0.999926670981431,0.999926670981431,1.5635970063240782e-27,7.149968194358815e-05,1.8293366256500217e-06
2_trans_1944.csv,3,4,0,0.5876658175752342,0.3098527206462483,0.00017222806245409603,0.10230923371606344,0.5876658175752342
2_trans_2518.csv,1,1,1,0.9980532630633208,0.9980532630633208,5.0166345286867636e-20,3.763392171751814e-06,0.001942973544507444
2_trans_1011.csv,4,4,1,0.7911809678160132,0.2082638735211652,2.1521114917235664e-08,0.0005551371417067541,0.7911809678160132
2_trans_1005.csv,1,1,1,0.717822238687379,0.717822238687379,1.2350290735165696e-10,0.018035405029284596,0.26414235615983345
2_trans_1993.csv,1,1,1,0.9990493653033283,0.9990493653033283,1.8508749043614529e-19,0.0007440109060499056,0.00020662379062196153
2_trans_218.csv,1,1,1,0.9804897672621303,0.9804897672621303,7.315132131556369e-15,0.0006722467543713958,0.018837985983490818
2_trans_1992.csv,1,1,1,0.975555415637666,0.975555415637666,7.290847432233863e-18,0.024436628436417262,7.955925916898283e-06
2_trans_2243.csv,1,1,1,0.9999252026391166,0.9999252026391166,3.635704033444549e-24,6.805649585898494e-07,7.411679592510801e-05
2_trans_1762.csv,1,1,1,0.9997775492685538,0.9997775492685538,7.749239031296809e-24,3.115080548430667e-05,0.00019129992596187036
2_trans_1004.csv,3,3,1,0.6179617352806868,0.37964130222274034,4.3718292905908003e-14,0.6179617352806868,0.002396962496529267
2_trans_1951.csv,1,1,1,0.9996078358353303,0.9996078358353303,1.301319879347568e-17,1.94598333646347e-05,0.00037270433130508516
2_trans_2055.csv,1,1,1,0.9999990504943682,0.9999990504943682,1.0700347217382808e-36,9.420786460633737e-07,7.426985828550462e-09
2_trans_2041.csv,1,1,1,0.990390707246072,0.990390707246072,2.6067966335644126e-17,0.006332365776232401,0.003276926977695546
2_trans_1206.csv,1,3,0,0.7293917894093996,0.2022642717960323,4.67992668873296e-10,0.7293917894093996,0.06834393832657544
2_trans_754.csv,1,1,1,0.9940958861920498,0.9940958861920498,2.0948974315870503e-19,0.005881964282802716,2.2149525147354937e-05
2_trans_2069.csv,1,1,1,0.9999991689070603,0.9999991689070603,1.341406279256617e-31,3.211877386642654e-07,5.099052011344254e-07
2_trans_740.csv,1,1,1,0.9874769336937808,0.9874769336937808,2.141095343454724e-16,0.011129307581366274,0.0013937587248528782
2_trans_998.csv,4,4,1,0.9841104037290713,0.014882117183691304,2.04279357977791e-06,0.0010054362936575514,0.9841104037290713
2_trans_973.csv,1,1,1,0.9984335840296849,0.9984335840296849,3.53536685647646e-21,0.0005781598746305638,0.000988256095684639
2_trans_2082.csv,1,1,1,0.9853072579584866,0.9853072579584866,5.061734647801502e-23,0.014691270268625604,1.471772887664757e-06
2_trans_967.csv,1,1,1,0.9980415687122925,0.9980415687122925,3.5108831648974404e-21,0.001680770109649993,0.000277661178057552
2_trans_783.csv,3,3,1,0.9233285700269998,0.07565682226930193,6.3467272905808285e-12,0.9233285700269998,0.0010146076973516667
2_trans_2121.csv,1,1,1,0.999914561185229,0.999914561185229,1.7960882338877304e-29,8.541465629121066e-05,2.415847986904089e-08
2_trans_2135.csv,1,1,1,0.999999744468439,0.999999744468439,6.612241573215892e-38,2.554196856387751e-07,1.1187539613990359e-10
2_trans_608.csv,1,1,1,0.9999999583814141,0.9999999583814141,2.437129876653925e-33,1.7887066304883876e-08,2.3731519728786512e-08
2_trans_620.csv,1,1,1,0.9999685689237158,0.9999685689237158,8.757188461607348e-30,3.138444052014014e-05,4.663576398320482e-08
2_trans_79.csv,1,1,1,0.9572925939870688,0.9572925939870688,8.798142399714009e-10,0.01134320413245565,0.03136420100066147
2_trans_2848.csv,2,2,1,0.5117876115749246,0.00778192088600574,0.5117876115749246,0.0009750911821858121,0.4794553763568839
2_trans_51.csv,4,4,1,0.9610201685431923,0.03354513722934241,0.004523344946979541,0.0009113492804857385,0.9610201685431923
2_trans_45.csv,1,1,1,0.9998127573924742,0.9998127573924742,6.864076298356731e-29,0.0001872046582496371,3.794927620100556e-08
2_trans_2445.csv,1,1,1,0.9999854887766477,0.9999854887766477,1.2988349198176815e-27,1.326443274826928e-05,1.246790603986503e-06
2_trans_378.csv,1,1,1,0.9980411747613153,0.9980411747613153,1.3967640070534226e-19,0.00117787069707069,0.0007809545416140758
2_trans_1158.csv,1,1,1,0.9999846591877694,0.9999846591877694,7.563014094306991e-29,3.7607989326364847e-06,1.1580013297848902e-05
2_trans_344.csv,1,1,1,0.9979559201945497,0.9979559201945497,2.172974805087256e-18,0.0004280831955055142,0.0016159966099448632
2_trans_1170.csv,1,1,1,0.9705962783419605,0.9705962783419605,1.5632554865607197e-17,0.028452290666650656,0.0009514309913889329
2_trans_1825.csv,4,4,1,0.9284585479457199,0.023807574072346654,0.04427567891888071,0.003458199063052677,0.9284585479457199
2_trans_387.csv,1,1,1,0.9999844108714566,0.9999844108714566,1.6616873990976479e-28,1.9519620319811015e-07,1.539393234030847e-05
2_trans_385.csv,1,1,1,0.9999930568126688,0.9999930568126688,2.853236246399551e-27,6.245726207364511e-06,6.974611238993367e-07
2_trans_1833.csv,1,1,1,0.9981274777051301,0.9981274777051301,3.9288342486006995e-23,0.0018660909341693674,6.4313607003891525e-06
2_trans_1199.csv,1,1,1,0.9999999363107132,0.9999999363107132,1.358188734864102e-37,5.12437463475238e-08,1.2445540427415444e-08
2_trans_346.csv,1,1,1,0.9999732389280173,0.9999732389280173,6.885041089017602e-26,1.535787426193871e-05,1.1403197720677073e-05
2_trans_420.csv,1,1,1,0.9998838331196659,0.9998838331196659,1.334006872355703e-28,4.619155812702757e-07,0.00011570496475289128
2_trans_2309.csv,1,1,1,0.9999947996511825,0.9999947996511825,1.0150452534243706e-35,5.1512103359945435e-06,4.913848150833221e-08
2_trans_805.csv,1,1,1,0.9925313145922144,0.9925313145922144,5.0434812066266807e-14,0.003415834705607817,0.004052850702127246
2_trans_2679.csv,1,1,1,0.9997561220625927,0.9997561220625927,6.316063615857087e-24,3.662883685785626e-07,0.00024351164903886098
2_trans_144.csv,1,1,1,0.9999942266519353,0.9999942266519353,3.5647290637400033e-31,6.337065674006779e-08,5.709977408091426e-06
2_trans_1370.csv,1,1,1,0.9950974644496536,0.9950974644496536,7.75431850847311e-14,0.0006917826589318581,0.004210752891336945
2_trans_150.csv,1,1,1,0.9803210090622733,0.9803210090622733,5.815483016629747e-13,0.01946188894601085,0.00021710199113432685
2_trans_636.csv,1,1,1,0.9996194728891109,0.9996194728891109,1.4077902742761536e-31,0.0003798681572882181,6.589536008805021e-07
2_trans_2645.csv,1,1,1,0.9989127427808201,0.9989127427808201,2.529940800193917e-21,0.000604475920587878,0.0004827812985921758
2_trans_178.csv,1,1,1,0.999554107198211,0.999554107198211,3.052122899782476e-17,0.00013880242080581081,0.00030709038098316314
2_trans_795.csv,1,1,1,0.9580761179233349,0.9580761179233349,3.0508636053971167e-10,0.037328502067963315,0.004595379703615449
2_trans_2080.csv,1,1,1,0.998070137861979,0.998070137861979,1.0526415139501085e-23,0.001925459738833377,4.402399187600223e-06
2_trans_1562.csv,4,4,1,0.8180671331414633,0.181645789369136,3.0427320316685413e-05,0.0002566501690841261,0.8180671331414633
2_trans_1576.csv,1,1,1,0.9999834838414454,0.9999834838414454,7.982255008509536e-29,1.8463582594948725e-06,1.4669800294969383e-05
2_trans_2731.csv,1,1,1,0.9999984741468871,0.9999984741468871,2.8690609649118003e-36,1.5243427197734315e-06,1.5103930312811897e-09
2_trans_232.csv,1,1,1,0.9860311756349055,0.9860311756349055,9.783918732513004e-25,0.013966174492758322,2.649872336207629e-06
2_trans_1990.csv,4,4,1,0.8707396850000769,0.12818568989299478,1.4292004973061794e-09,0.0010746236777277388,0.8707396850000769
2_trans_1991.csv,1,3,0,0.8576117272033783,0.14101551576399804,4.288468666823864e-10,0.8576117272033783,0.0013727566037768737
2_trans_2526.csv,1,1,1,0.9996694670772666,0.9996694670772666,2.389866368218041e-20,0.00030695051648087023,2.3582406252577618e-05
2_trans_2532.csv,3,4,0,0.9755211430490048,0.008786390344428555,1.7209125184114513e-06,0.01569074569404823,0.9755211430490048
2_trans_2254.csv,1,1,1,0.9999753140122224,0.9999753140122224,2.057896582075862e-21,3.3528360813291803e-07,2.435070416955335e-05
2_trans_227.csv,1,1,1,0.753434902654882,0.753434902654882,2.6842908941873967e-10,0.008392154127566194,0.23817294294912278
2_trans_1007.csv,1,1,1,0.7052056414209248,0.7052056414209248,1.6675905304307525e-07,0.28271472218863186,0.012079469631390258
2_trans_1761.csv,1,1,1,0.9999123871338775,0.9999123871338775,8.97710310378821e-29,8.754674881161763e-05,6.611731076178142e-08
2_trans_596.csv,1,1,1,0.9983647250136063,0.9983647250136063,6.380780959152823e-18,0.000419763697871989,0.0012155112885216253
2_trans_757.csv,1,1,1,0.9910133188133808,0.9910133188133808,1.8702416221164214e-12,0.004222820084901222,0.004763861099847582
2_trans_1205.csv,1,1,1,0.9992999882546568,0.9992999882546568,1.3714789291920518e-16,0.0006099069500639557,9.010479527899677e-05
2_trans_1588.csv,1,1,1,0.9693112343606795,0.9693112343606795,1.0253831003739058e-18,0.030551480080135324,0.0001372855591852789
2_trans_780.csv,1,1,1,0.9967835179111433,0.9967835179111433,1.0893371477758175e-15,0.0014017802474831208,0.0018147018413725757
2_trans_2917.csv,2,2,1,0.9038939507725253,0.0009391062399346611,0.9038939507725253,0.000774471071867778,0.09439247191567236
2_trans_2650.csv,1,1,1,0.8332257407381594,0.8332257407381594,1.3176995940367263e-16,0.16644298519408376,0.0003312740677568575
2_trans_2136.csv,1,1,1,0.9998006821778092,0.9998006821778092,9.641649829637049e-25,0.00019919722124464933,1.206009461661061e-07
2_trans_179.csv,3,3,1,0.9762372156720052,0.022453075832629423,3.537592639924901e-08,0.9762372156720052,0.0013096731194390191
2_trans_1403.csv,1,1,1,0.9999548040210664,0.9999548040210664,2.943015137547235e-23,1.8650586874581046e-05,2.6545392059064908e-05
2_trans_91.csv,1,1,1,0.9999992311330043,0.9999992311330043,5.372099005462195e-33,5.12009908073416e-07,2.568570876347851e-07
2_trans_145.csv,1,1,1,0.9999985997133206,0.9999985997133206,2.897401507881032e-39,1.3988818308892277e-06,1.4048485553804537e-09
2_trans_2693.csv,1,1,1,0.999816996636369,0.999816996636369,4.009333302068307e-24,2.031638103022491e-07,0.00018280019982076535
2_trans_804.csv,1,1,1,0.9990821792640693,0.9990821792640693,4.896271129015522e-18,0.0009050279530606071,1.2792782870146253e-05
2_trans_2687.csv,1,1,1,0.9994134923842517,0.9994134923842517,5.6988783538776234e-24,0.0005670498161726633,1.9457799575738305e-05
2_trans_192.csv,1,1,1,0.895287758542185,0.895287758542185,1.3441290543255955e-12,0.016268617293499477,0.0884436241629715
2_trans_435.csv,1,1,1,0.9999940068616124,0.9999940068616124,7.873211310173522e-33,5.422020034926085e-06,5.711183526166392e-07
2_trans_2308.csv,1,1,1,0.9999997021585242,0.9999997021585242,2.702545951710883e-33,2.845459361204726e-07,1.3295539687914748e-08
2_trans_353.csv,1,1,1,0.9964531638118058,0.9964531638118058,1.2519271335830149e-13,0.001201354591177063,0.002345481596891969
2_trans_347.csv,1,1,1,0.9999974534936814,0.9999974534936814,8.173637027829856e-32,2.0366425490332217e-06,5.098637696458435e-07
2_trans_1826.csv,1,1,1,0.9988720225408544,0.9988720225408544,2.93061999421054e-28,0.0011277743997422701,2.0305940315840474e-07
2_trans_1832.csv,1,1,1,0.999434368909111,0.999434368909111,1.0207129419603012e-17,0.0004856063370686369,8.002475382055435e-05
2_trans_2481.csv,1,1,1,0.9919879810927631,0.9919879810927631,4.775631054994751e-22,0.007711885948628943,0.00030013295860800904
2_trans_394.csv,1,1,1,0.9991402068689301,0.9991402068689301,1.6326630289429106e-25,0.0008585406811597049,1.2524499102096172e-06
2_trans_2442.csv,1,1,1,0.9841804888866136,0.9841804888866136,1.1353868563552872e-13,0.015001874647846136,0.0008176364654266591
2_trans_2318.csv,1,3,0,0.8182431157602358,0.18144926116306875,7.237822824495395e-13,0.8182431157602358,0.00030762307597156593
2_trans_357.csv,1,1,1,0.9995724309129724,0.9995724309129724,1.2631584180372131e-29,0.00042627777518972575,1.2913118377371968e-06
2_trans_1163.csv,1,1,1,0.9999802787638817,0.9999802787638817,8.075512926599445e-30,1.7713679846651012e-05,2.007556271527478e-06
2_trans_182.csv,1,1,1,0.999999957989536,0.999999957989536,1.4043603646788605e-29,1.6800382925159399e-09,4.033042572691688e-08
2_trans_196.csv,1,1,1,0.9945259362371077,0.9945259362371077,7.30360290843989e-24,0.005471632733721638,2.4310291706121133e-06
2_trans_2640.csv,1,1,1,0.9999953039785022,0.9999953039785022,6.092043820438416e-34,4.6946392667851765e-06,1.382231023683323e-09
2_trans_2126.csv,1,1,1,0.9896398724273517,0.9896398724273517,1.3162007582290596e-13,0.009016046317416933,0.0013440812550996775
2_trans_141.csv,4,4,1,0.8384793997147727,0.15529714672956257,1.4471983203791459e-07,0.006223308835832685,0.8384793997147727
2_trans_1407.csv,4,1,0,0.7236214055888778,0.7236214055888778,1.0091395123713504e-12,0.23597472397565575,0.04040387043445715
2_trans_81.csv,4,4,1,0.8788452341408982,0.05636624648386726,0.026859306250097782,0.03792921312513662,0.8788452341408982
2_trans_155.csv,3,3,1,0.8885806585125491,0.11129392620891772,1.505507916756281e-10,0.8885806585125491,0.0001254151279823016
2_trans_2091.csv,1,1,1,0.9944746636995989,0.9944746636995989,1.3171912599838179e-15,0.0007087487139852992,0.004816587586414273
2_trans_974.csv,1,1,1,0.9999852130195246,0.9999852130195246,3.673375073533768e-31,1.323767201722302e-05,1.5493084580621e-06
2_trans_2085.csv,1,1,1,0.9999906741624572,0.9999906741624572,3.053631345126298e-23,6.633848265114685e-06,2.691989277674665e-06
2_trans_2913.csv,4,4,1,0.5392159536661112,0.08925713603684252,0.347475912723066,0.02405099757398029,0.5392159536661112
2_trans_948.csv,1,1,1,0.9902303976988236,0.9902303976988236,2.3546123136618105e-14,0.009047023686195367,0.0007225786149574365
2_trans_784.csv,1,1,1,0.9998545639902434,0.9998545639902434,2.6734031821280373e-24,0.00013976493132829808,5.671078428300393e-06
2_trans_2734.csv,4,4,1,0.9220667085977556,0.07718288414995526,8.624570731040246e-10,0.0007504063898320563,0.9220667085977556
2_trans_2708.csv,1,1,1,0.9533049847957061,0.9533049847957061,2.577762908533282e-15,0.009010033331407463,0.037684981872883966
2_trans_1215.csv,1,1,1,0.9999967736966194,0.9999967736966194,7.898008112227273e-32,3.1621334292251263e-06,6.416995159717683e-08
2_trans_2293.csv,1,1,1,0.9999609738260533,0.9999609738260533,2.4192712573537877e-27,3.8550695916517353e-05,4.7547803028357135e-07
2_trans_1956.csv,1,1,1,0.9994528530098873,0.9994528530098873,3.588980125465031e-18,4.087806849933373e-05,0.000506268921613257
2_trans_586.csv,1,1,1,0.9999992138541699,0.9999992138541699,1.0505503606793679e-35,7.85261899301671e-07,8.839308720658706e-10
2_trans_2522.csv,4,4,1,0.8782272919414139,0.12121840174587711,2.0453511436298384e-11,0.0005543062922553664,0.8782272919414139
2_trans_1995.csv,1,1,1,0.9909850123141549,0.9909850123141549,2.9887459831070687e-18,0.008945763157757617,6.922452808739971e-05
2_trans_1003.csv,1,1,1,0.9999997462506824,0.9999997462506824,2.0421106998162857e-32,2.2478002861112623e-07,2.896928901054982e-08
2_trans_1771.csv,1,1,1,0.999872309114761,0.999872309114761,7.444188509008298e-24,6.76901567374512e-06,0.00012092186956509231
2_trans_2278.csv,4,4,1,0.9764595491653317,0.014390246627198918,0.008225791790389238,0.0009244124170801127,0.9764595491653317
2_trans_550.csv,1,1,1,0.6571755294111457,0.6571755294111457,0.00018194892054115903,0.009989939027659227,0.33265258264065395
2_trans_1994.csv,1,1,1,0.9309276657988004,0.9309276657988004,2.9471518423534732e-09,0.006704963443178704,0.062367367810869004
2_trans_578.csv,1,3,0,0.6504226226287247,0.1288252884438083,9.752187624334141e-05,0.6504226226287247,0.2206545670512236
2_trans_2251.csv,3,4,0,0.5295923110576977,0.08607920374284402,0.00072393336221256,0.3836045518372458,0.5295923110576977
2_trans_1980.csv,1,1,1,0.986624743394867,0.986624743394867,3.8548677862128136e-19,0.012881738749415264,0.0004935178557176136
2_trans_1758.csv,1,1,1,0.8945114364955993,0.8945114364955993,9.741615751061346e-19,0.1054710987026712,1.746480172955629e-05
2_trans_2537.csv,1,1,1,0.9896594179925678,0.9896594179925678,2.806865253081409e-25,0.010331022923900566,9.559083531562712e-06
2_trans_593.csv,1,1,1,0.9999600961492459,0.9999600961492459,4.8181129947370386e-27,3.936024069697037e-05,5.436100572303804e-07
2_trans_752.csv,4,4,1,0.6182064264786135,0.3735185086670442,1.6288379375316224e-08,0.008275048565962837,0.6182064264786135
2_trans_2053.csv,1,1,1,0.9791960355402671,0.9791960355402671,1.8611109133039863e-15,8.958076373846566e-06,0.020795006383356993
2_trans_785.csv,1,1,1,0.9966321702210732,0.9966321702210732,1.5031256411548158e-19,6.938807913826926e-08,0.0033677603908475445
2_trans_2912.csv,2,2,1,0.8941247139082789,0.00029187296651712836,0.8941247139082789,0.00020297031842192513,0.10538044280678206
2_trans_2084.csv,1,3,0,0.9352721945131051,0.06468074633120217,6.271564422396413e-15,0.9352721945131051,4.7059155686440944e-05
2_trans_1406.csv,3,1,0,0.6793003598904527,0.6793003598904527,4.571551365234841e-13,0.31623231369447047,0.0044673264146196665
2_trans_154.csv,1,1,1,0.9999625401253254,0.9999625401253254,1.4156258051754369e-30,8.855949473725137e-08,3.737131517995449e-05
2_trans_626.csv,1,1,1,0.9390710107314113,0.9390710107314113,1.1328878340118507e-11,0.0184186108302485,0.0425103784270114
2_trans_94.csv,1,1,1,0.9999899858632005,0.9999899858632005,5.436690088181807e-23,8.325588380622069e-06,1.688548418758055e-06
2_trans_2133.csv,1,1,1,0.9999889105639581,0.9999889105639581,1.2087004258472515e-23,7.056904244224908e-06,4.032531797630731e-06
2_trans_2655.csv,1,1,1,0.9235183853337111,0.9235183853337111,3.3562020132312944e-18,0.0764117369475467,6.987771874222467e-05
2_trans_2899.csv,2,4,0,0.6274120290203886,0.003431632135989768,0.36803120835348385,0.0011251304901376971,0.6274120290203886
2_trans_829.csv,1,1,1,0.9997359073956457,0.9997359073956457,1.2676641226615237e-23,1.6915361009451848e-05,0.00024717724334483534
2_trans_43.csv,1,1,1,0.9999970420743652,0.9999970420743652,8.772303146690388e-32,1.17436352826429e-08,2.9461819993686316e-06
2_trans_197.csv,1,1,1,0.9999985277652047,0.9999985277652047,1.82104011374811e-37,1.3995328903703573e-06,7.270190488475795e-08
2_trans_2696.csv,1,1,1,0.9999902107711486,0.9999902107711486,1.9892166285801216e-35,9.70459485817291e-06,8.463399321327177e-08
2_trans_1604.csv,1,1,1,0.9646685920398641,0.9646685920398641,7.93129121315914e-13,0.03519672505592118,0.00013468290342141207
2_trans_424.csv,1,1,1,0.9999998411948735,0.9999998411948735,3.5594510808345076e-37,4.414651629825161e-09,1.5439047468123225e-07
2_trans_2319.csv,1,1,1,0.9999917397765654,0.9999917397765654,7.811424126960898e-27,1.1716588698504424e-06,7.088564564661667e-06
2_trans_342.csv,1,1,1,0.9999684308795919,0.9999684308795919,1.6741177041636276e-31,3.1459548511525234e-05,1.095718967561688e-07
2_trans_418.csv,1,1,1,0.8313926887415025,0.8313926887415025,1.2008033643310371e-08,0.0021695617854129955,0.1664377374650509
2_trans_1823.csv,1,1,1,0.9999907987495675,0.9999907987495675,5.26117095501662e-32,9.133679627440428e-06,6.757080514413122e-08
2_trans_2480.csv,4,4,1,0.8171857490035741,0.04538945432707179,0.007457500082511325,0.12996729658684283,0.8171857490035741
2_trans_1189.csv,1,1,1,0.9999946798248016,0.9999946798248016,1.6512612440727916e-23,1.529610404406314e-07,5.167214158009658e-06
2_trans_1821.csv,1,1,1,0.9999999189004875,0.9999999189004875,4.3966813465590445e-34,3.326457006910976e-08,4.7834942418676785e-08
2_trans_2482.csv,1,1,1,0.9999791174057546,0.9999791174057546,6.654188112853828e-25,1.1940108174293947e-05,8.942486071050877e-06
2_trans_397.csv,1,1,1,0.9999949256812258,0.9999949256812258,4.50927956370965e-31,1.728593784141945e-06,3.3457249901062732e-06
2_trans_2455.csv,1,1,1,0.9999773284072205,0.9999773284072205,5.998774134748157e-25,2.5852833860981954e-06,2.0086309393366755e-05
2_trans_1160.csv,1,1,1,0.9999836981176312,0.9999836981176312,1.0610651950353794e-25,1.5156913275945085e-05,1.144969092894187e-06
2_trans_426.csv,1,1,1,0.9999993105191141,0.9999993105191141,3.420407766831021e-36,6.721023052612506e-07,1.7378580508912666e-08
2_trans_69.csv,4,1,0,0.8984965644779573,0.8984965644779573,1.65102125803591e-13,0.0005438311033085626,0.10095960441856876
2_trans_803.csv,1,1,1,0.9999897397423045,0.9999897397423045,2.0931701785998653e-32,6.433707294146275e-06,3.826550401418645e-06
2_trans_2680.csv,1,1,1,0.9998834849323884,0.9998834849323884,2.2674162821201236e-18,1.0107485623488286e-05,0.00010640758198822896
2_trans_2870.csv,2,2,1,0.9249993021369705,0.0023423687976501183,0.9249993021369705,0.002013164207633601,0.07064516485774572
2_trans_195.csv,1,1,1,0.9995190910586554,0.9995190910586554,1.9128139728393977e-28,0.00048005020490224305,8.587364423358418e-07
2_trans_2125.csv,1,1,1,0.9983931925533855,0.9983931925533855,1.0594281089788052e-16,0.0012813063093848219,0.0003255011372295567
2_trans_1362.csv,1,1,1,0.9823673168060472,0.9823673168060472,2.5807222814545125e-20,0.017601450867225647,3.12323267271993e-05
2_trans_156.csv,1,1,1,0.8354593616100218,0.8354593616100218,2.0878586382304586e-05,0.11605008412474807,0.04846967567884783
2_trans_82.csv,1,1,1,0.99999597494106,0.99999597494106,9.479836112904655e-33,3.870190510435918e-06,1.5486842949508287e-07
2_trans_1376.csv,1,1,1,0.9999915681879872,0.9999915681879872,1.029593427170426e-28,9.09018371113287e-07,7.5227936417527145e-06
2_trans_977.csv,1,1,1,0.8671751112930162,0.8671751112930162,2.0486990891994436e-11,0.06058921419148443,0.07223567449501245
2_trans_787.csv,1,1,1,0.9011183659793212,0.9011183659793212,1.0933388085691364e-14,0.00011319317678817512,0.09876844084387963
2_trans_1216.csv,1,1,1,0.9999989966887094,0.9999989966887094,4.625755351827753e-29,4.836532692170882e-07,5.196580214722255e-07
2_trans_1564.csv,1,1,1,0.8878387349693083,0.8878387349693083,3.495757383162219e-12,0.0010621041112843055,0.11109916091591168
2_trans_750.csv,1,1,1,0.999995392265484,0.999995392265484,6.162216502089713e-31,4.312073627659831e-06,2.9566088838583905e-07
2_trans_2290.csv,1,1,1,0.9968762620305804,0.9968762620305804,1.0269722774207735e-22,0.0029673786477302563,0.00015635932168951374
2_trans_1799.csv,1,1,1,0.9999940498802147,0.9999940498802147,1.3466296847015266e-27,2.284886514876437e-06,3.665233270406829e-06
2_trans_591.csv,1,1,1,0.996909790371184,0.996909790371184,3.176911762896578e-23,0.003062577383322886,2.7632245493266367e-05
2_trans_1014.csv,1,1,1,0.9999999928390826,0.9999999928390826,4.617356408454332e-37,4.3692062553545326e-10,6.723996662516709e-09
2_trans_1767.csv,1,1,1,0.9999694069666346,0.9999694069666346,6.170459729074764e-24,2.8573394599649074e-05,2.0196387657433883e-06
2_trans_547.csv,1,1,1,0.9990765605572839,0.9990765605572839,1.0590865372852547e-23,0.0009228603614937255,5.790812222573227e-07
2_trans_1773.csv,1,1,1,0.9934920284947676,0.9934920284947676,1.7206414494712418e-24,0.006505655089735252,2.316415497085902e-06
2_trans_221.csv,1,1,1,0.9897771773123724,0.9897771773123724,8.215349256748934e-23,0.010213815552485288,9.007135142282395e-06
2_trans_209.csv,1,1,1,0.9989915245383734,0.9989915245383734,7.600210121367964e-25,0.0006787393218940385,0.00032973613973258354
2_trans_1997.csv,1,1,1,0.6723380503971768,0.6723380503971768,9.021483035126121e-10,0.002769327446579517,0.32489262125409546
2_trans_590.csv,1,1,1,0.9102472455068131,0.9102472455068131,8.324596692183027e-17,0.04092791470257983,0.04882483979060703
2_trans_1954.csv,1,1,1,0.9801840502206525,0.9801840502206525,1.2642842914976568e-13,6.541811984286883e-06,0.019809407967236757
2_trans_1565.csv,3,3,1,0.8557249936175525,0.12719859143824674,7.612952840419469e-08,0.8557249936175525,0.017076338814672402
2_trans_1217.csv,1,1,1,0.999876155108022,0.999876155108022,1.3755482300061813e-26,0.00012101851628069926,2.826375697444192e-06
2_trans_745.csv,1,1,1,0.5359781805948665,0.5359781805948665,3.0554241415473563e-06,0.3816722841052878,0.08234647987570433
2_trans_2078.csv,1,1,1,0.9999987692115266,0.9999987692115266,3.2258637385483895e-33,1.1308358186666255e-06,9.995265450080067e-08
2_trans_2911.csv,2,2,1,0.5648013463834572,0.0007871055749461756,0.5648013463834572,0.00017766762503933808,0.4342338804165574
2_trans_2905.csv,2,4,0,0.6851913357174986,0.030154220621191136,0.2799876406152396,0.004666803046070551,0.6851913357174986
2_trans_786.csv,1,1,1,0.9999154286178025,0.9999154286178025,7.153848777812479e-25,1.2957589683915743e-05,7.161379251355731e-05
2_trans_625.csv,1,1,1,0.9999885388283042,0.9999885388283042,2.3407886058661206e-29,2.0120484579041716e-07,1.1259966849972688e-05
2_trans_97.csv,1,1,1,0.9999999702267812,0.9999999702267812,2.5523497901939285e-37,2.586987083912867e-08,3.903348057794654e-09
2_trans_143.csv,1,1,1,0.9842204566242229,0.9842204566242229,2.3273552277208724e-18,0.00047902828174703775,0.015300515094030149
2_trans_2642.csv,1,1,1,0.9999299935747895,0.9999299935747895,6.518549644242783e-27,5.741616171724014e-05,1.25902634930833e-05
2_trans_180.csv,1,1,1,0.9392263025291092,0.9392263025291092,4.1294821340524195e-13,9.306630534411687e-05,0.06068063116513365
2_trans_2871.csv,4,4,1,0.6837618245392015,0.10750428010409825,0.1831839892449087,0.025549906111791372,0.6837618245392015
2_trans_2681.csv,1,1,1,0.9999997541643462,0.9999997541643462,2.5825665401492518e-28,2.169947601412142e-07,2.8840893719344324e-08
2_trans_1613.csv,1,1,1,0.9999995971107374,0.9999995971107374,1.7693408629459748e-35,3.9338403600567784e-07,9.505226636083204e-09
2_trans_427.csv,1,1,1,0.9664111439724201,0.9664111439724201,2.6891797876319573e-16,0.0008100067993685346,0.03277884922821104
2_trans_2468.csv,1,1,1,0.9979386390516761,0.9979386390516761,1.973604186614337e-18,0.0015712352861048532,0.0004901256622190864
2_trans_2332.csv,1,1,1,0.9998976103036977,0.9998976103036977,1.60659231968261e-25,8.059358706962184e-07,0.00010158376043164065
2_trans_2454.csv,1,1,1,0.9573629006962686,0.9573629006962686,3.0544367159564447e-15,0.00037094551276762943,0.04226615379096073
2_trans_382.csv,1,1,1,0.9913450663058353,0.9913450663058353,2.1575260027078405e-16,7.771687305542864e-05,0.008577216821108914
2_trans_396.csv,1,1,1,0.9999986574941888,0.9999986574941888,7.180282456879711e-35,1.2066567107153993e-06,1.3584910050544466e-07
2_trans_2483.csv,1,1,1,0.999993616132361,0.999993616132361,9.030850949532989e-28,5.250821577714147e-08,6.331359423057405e-06
2_trans_1834.csv,4,1,0,0.7710945487955612,0.7710945487955612,1.2602990666890126e-13,0.018557993876746764,0.21034745732756602
2_trans_1820.csv,1,1,1,0.9999046124303638,0.9999046124303638,1.3500025879149288e-27,9.517394436165533e-05,2.1362527480487212e-07
2_trans_1811.csv,1,1,1,0.6321865798522546,0.6321865798522546,2.3423989918096885e-05,0.10165807408027722,0.26613192207755
2_trans_370.csv,1,4,0,0.7403210533462522,0.2593886445248301,2.994082076937958e-09,0.00029029913483574093,0.7403210533462522
2_trans_1636.csv,1,1,1,0.9952517003069199,0.9952517003069199,2.258863513766444e-16,5.5603589689640166e-05,0.004692696103390313
2_trans_1178.csv,1,1,1,0.9994369176578201,0.9994369176578201,2.5543526055602076e-22,0.0005590019730627655,4.080369117163058e-06
2_trans_2698.csv,1,1,1,0.99890803961515,0.99890803961515,6.110003402527157e-15,0.0006419320881786261,0.00045002829666515874
2_trans_1391.csv,1,1,1,0.9963966032078108,0.9963966032078108,1.3027885950224662e-15,0.0027035786854487345,0.0008998181067392299
2_trans_71.csv,1,1,1,0.9999588601316486,0.9999588601316486,4.0529627445514174e-23,2.593585438465861e-05,1.5204013966802507e-05
2_trans_59.csv,1,1,1,0.9999991889336045,0.9999991889336045,7.573824420334939e-31,5.135567096071341e-07,2.975096857714082e-07
2_trans_833.csv,1,1,1,0.9524173470465869,0.9524173470465869,1.5336171745530844e-17,0.04727620741085315,0.00030644554256008337
2_trans_2868.csv,4,4,1,0.8367543753672921,0.009404694719624481,0.1509000142478339,0.0029409156652494797,0.8367543753672921
2_trans_199.csv,1,1,1,0.9998698516465878,0.9998698516465878,1.868622196639786e-27,0.00012971470797826787,4.336454339220883e-07
2_trans_172.csv,1,1,1,0.8666104278987605,0.8666104278987605,1.1155439277694769e-17,0.13336792987100624,2.1642230233302455e-05
2_trans_628.csv,1,1,1,0.9983158082087403,0.9983158082087403,4.848774536149686e-16,1.1972434364863508e-05,0.0016722193568942743
2_trans_2115.csv,1,1,1,0.9999978759542877,0.9999978759542877,4.797188149553203e-33,4.6650762190800816e-07,1.657538090448229e-06
2_trans_2101.csv,1,1,1,0.9993014489518861,0.9993014489518861,6.644079631918626e-23,0.0006815802675459285,1.697078056792567e-05
2_trans_2934.csv,2,2,1,0.7871668570805784,0.00013642963886806596,0.7871668570805784,5.420917597179623e-05,0.21264250410458177
2_trans_1554.csv,1,1,1,0.9997829903040207,0.9997829903040207,5.5324972514121666e-21,5.283300418968278e-05,0.00016417669178962844
2_trans_1226.csv,1,1,1,0.9999850970360655,0.9999850970360655,2.0220742992627465e-29,1.4549669475664024e-05,3.5329445890584544e-07
2_trans_2049.csv,1,3,0,0.8415487335723646,0.15798484799335785,9.260249419956085e-11,0.8415487335723646,0.0004664183416751346
2_trans_2061.csv,1,1,1,0.39149860316537133,0.39149860316537133,2.955951291684308e-05,0.31629004188100085,0.292181795440711
2_trans_1568.csv,1,1,1,0.582246652993589,0.582246652993589,2.53805033533386e-12,0.41724892462738283,0.0005044223764900853
2_trans_990.csv,1,1,1,0.9995346187673035,0.9995346187673035,3.6393559505256906e-20,0.0004589637448071383,6.4174878894064864e-06
2_trans_1959.csv,1,1,1,0.8477772300300286,0.8477772300300286,2.754424929758089e-10,0.023514183228539088,0.12870858646598973
2_trans_204.csv,1,1,1,0.9999956916692292,0.9999956916692292,4.9128135440524656e-32,1.0997177508661046e-06,3.208613019979464e-06
2_trans_562.csv,1,1,1,0.9999558390794079,0.9999558390794079,1.2439396166264786e-20,1.215113913660231e-05,3.200978145547914e-05
2_trans_576.csv,1,1,1,0.9998266656619943,0.9998266656619943,1.7653010672586946e-20,0.0001698133738774024,3.5209641282132356e-06
2_trans_1024.csv,1,1,1,0.9999990943220218,0.9999990943220218,1.3328711444438824e-27,2.0764669981760287e-07,6.980312782702673e-07
2_trans_2511.csv,1,1,1,0.9993891269876941,0.9993891269876941,9.007858695015885e-22,5.17937075792821e-05,0.0005590793047266642
2_trans_2276.csv,1,1,1,0.9999973644378435,0.9999973644378435,5.850836765997606e-34,1.0693267698253164e-06,1.5662353865265385e-06
2_trans_2510.csv,1,1,1,0.9773750223888682,0.9773750223888682,4.1541015055828835e-16,7.391915542942871e-05,0.022551058455702065
2_trans_1743.csv,1,1,1,0.9999992018963381,0.9999992018963381,1.6520772279615038e-29,7.859420820232195e-07,1.2161579824841567e-08
2_trans_1025.csv,1,1,1,0.9999999459719935,0.9999999459719935,1.5935375976528887e-33,3.291855906921918e-08,2.1109447390573722e-08
2_trans_211.csv,1,1,1,0.9991498265319552,0.9991498265319552,4.3297800784783825e-19,0.0008233943708442727,2.6779097200556962e-05
2_trans_205.csv,3,3,1,0.5622898290350453,0.43101457138120797,3.3337451932032055e-15,0.5622898290350453,0.006695599583743322
2_trans_1757.csv,1,1,1,0.9967687407638636,0.9967687407638636,7.770268022300259e-20,0.0005544225440215619,0.00267683669211489
2_trans_563.csv,4,4,1,0.9064930656920342,0.07770236689153094,0.0003195441567447586,0.015485023259689994,0.9064930656920342
2_trans_588.csv,1,1,1,0.9931521943961157,0.9931521943961157,3.243300421259704e-13,0.0035390918457310263,0.003308713757829066
2_trans_1964.csv,3,3,1,0.4179861933461687,0.23905624686044832,6.088552625112066e-08,0.4179861933461687,0.34295749890785676
2_trans_749.csv,3,3,1,0.41110298265550416,0.31396948251634077,7.040850654190347e-06,0.41110298265550416,0.27492049397750107
2_trans_2074.csv,1,1,1,0.9900752518786026,0.9900752518786026,1.6358227168545098e-20,0.009923407029887763,1.3410915095399411e-06
2_trans_991.csv,1,1,1,0.9990681913700857,0.9990681913700857,2.1563621092328475e-28,0.0009317218505056304,8.677940850764905e-08
2_trans_2060.csv,1,1,1,0.7193275135409012,0.7193275135409012,3.104550960216659e-11,0.17422808164130751,0.10644440478674576
2_trans_985.csv,1,1,1,0.7476457603825823,0.7476457603825823,2.5486444829637594e-10,0.24890082695090138,0.003453412411651892
2_trans_1555.csv,1,1,1,0.8881451202965436,0.8881451202965436,2.115899064696685e-12,0.01120270593930111,0.10065217376203942
2_trans_2909.csv,2,4,0,0.7908494762200898,0.0110934919956292,0.19393569328416393,0.004121338500116922,0.7908494762200898
2_trans_2935.csv,4,4,1,0.6412016693273054,0.2435764272037123,0.04793995466085854,0.06728194880812374,0.6412016693273054
2_trans_1582.csv,1,1,1,0.996789983687907,0.996789983687907,5.921617535126306e-16,0.002861108745581314,0.0003489075665108453
2_trans_2921.csv,4,4,1,0.5899761091528716,0.001201640494812599,0.4086765250158427,0.00014572533647307754,0.5899761091528716
2_trans_629.csv,1,1,1,0.9989972392426135,0.9989972392426135,9.477400338818315e-19,0.000540600954746909,0.0004621598026395956
2_trans_2672.csv,1,1,1,0.6603606512811386,0.6603606512811386,1.1603819180098125e-09,0.16397890023294673,0.17566044732553288
2_trans_167.csv,1,1,1,0.8484738552057753,0.8484738552057753,1.2143294605819926e-10,0.01040504263582137,0.14112110203697026
2_trans_1353.csv,1,1,1,0.9999989437488873,0.9999989437488873,1.0378952260317007e-32,1.0234712570103942e-06,3.277985583386568e-08
2_trans_1435.csv,1,1,1,0.9999969027355357,0.9999969027355357,3.2367515774431484e-29,2.6312595802811743e-06,4.660048841667808e-07
2_trans_2896.csv,2,2,1,0.6505740515299366,0.03480738557439996,0.6505740515299366,0.013072862536474737,0.3015457003591888
2_trans_70.csv,4,4,1,0.47664771444687287,0.4673754131507638,1.394062817064128e-06,0.055975478339546386,0.47664771444687287
2_trans_2464.csv,4,4,1,0.5849172231091219,0.30893349505860535,3.953395604778993e-07,0.1061488864927123,0.5849172231091219
2_trans_359.csv,1,1,1,0.9249732461866372,0.9249732461866372,1.4821683193486219e-15,0.07493709711471265,8.965669864868812e-05
2_trans_1637.csv,1,1,1,0.9999911869657744,0.9999911869657744,2.0546447452100615e-25,2.3977079851529614e-06,6.415326240533284e-06
2_trans_371.csv,1,1,1,0.9999980482097778,0.9999980482097778,3.91271652057276e-27,1.324244859156781e-06,6.275453630826517e-07
2_trans_1145.csv,1,1,1,0.999876731583715,0.999876731583715,7.47419430006074e-20,4.536110537083206e-06,0.00011873230574792906
2_trans_1623.csv,1,1,1,0.5750375239336498,0.5750375239336498,1.704754436227836e-13,0.42491801339190977,4.446267426993381e-05
2_trans_417.csv,1,1,1,0.9997915094245632,0.9997915094245632,1.5005788956732772e-24,0.00020707953146432433,1.4110439725611032e-06
2_trans_1810.csv,1,3,0,0.597178585109368,0.3912384286504495,7.341333234607643e-14,0.597178585109368,0.011582986240109013
2_trans_1192.csv,1,1,1,0.9511723165559854,0.9511723165559854,3.61526141943605e-13,0.001653751057695864,0.047173932385956976
2_trans_1186.csv,1,1,1,0.5421976401378034,0.5421976401378034,1.3712670836493754e-10,0.4503524853419517,0.007449874383118166
2_trans_1838.csv,1,1,1,0.9982009614878565,0.9982009614878565,1.5329063299633614e-21,1.0235344585099752e-05,0.0017888031675582846
2_trans_2328.csv,1,1,1,0.9826854368376661,0.9826854368376661,1.1356094101288181e-14,0.008341604199004588,0.008972958963318041
2_trans_415.csv,1,1,1,0.9982348445213942,0.9982348445213942,4.560187791562423e-23,0.0017627089774846368,2.446501121315665e-06
2_trans_1386.csv,1,1,1,0.9940529886172468,0.9940529886172468,1.4392554549362045e-13,0.0016264768584259616,0.004320534524183394
2_trans_66.csv,4,1,0,0.7504213585204114,0.7504213585204114,6.710722596791697e-13,0.001478274230877934,0.24810036724803977
2_trans_830.csv,1,1,1,0.9997555957098901,0.9997555957098901,5.1466737878940945e-24,6.663215646027314e-05,0.0001777721336497501
2_trans_603.csv,1,1,1,0.9454066617897826,0.9454066617897826,4.664012981363115e-15,0.05426290718623255,0.0003304310239800699
2_trans_1423.csv,1,3,0,0.4949475566552797,0.3887450473475956,5.919606324006596e-06,0.4949475566552797,0.1163014763908007
2_trans_617.csv,1,1,1,0.9999883567608482,0.9999883567608482,1.0393773912217611e-26,4.246897397084052e-06,7.396341754755385e-06
2_trans_2102.csv,1,1,1,0.9999781569877718,0.9999781569877718,2.1179191519252688e-24,9.816099557429104e-06,1.2026912670676078e-05
2_trans_159.csv,1,1,1,0.9999555761703615,0.9999555761703615,2.955121986301926e-18,2.040977309216048e-05,2.4014056546281615e-05
2_trans_2116.csv,1,1,1,0.9999937423916309,0.9999937423916309,2.4552305871267262e-29,4.468477513654749e-06,1.789130855329358e-06
2_trans_1580.csv,1,1,1,0.7772822727555431,0.7772822727555431,1.8103056691092706e-10,0.12646087580282855,0.09625685126059784
2_trans_1594.csv,1,1,1,0.9999995348921773,0.9999995348921773,2.002598613699658e-37,4.612927490492822e-07,3.8150735128182696e-09
2_trans_788.csv,1,1,1,0.9998812458773744,0.9998812458773744,3.0573075195703154e-28,3.553046987166244e-08,0.00011871859215567416
2_trans_777.csv,1,1,1,0.7091276820289892,0.7091276820289892,6.549162514184244e-12,0.0005932850762147856,0.29027903288824675
2_trans_1225.csv,1,1,1,0.8681178728657941,0.8681178728657941,3.1060453673795847e-16,0.13149507174206407,0.00038705539214139946
2_trans_1231.csv,1,1,1,0.9829727748756927,0.9829727748756927,4.648730733505046e-18,6.8482286258645e-07,0.017026540301444827
2_trans_987.csv,1,1,1,0.9999876182309476,0.9999876182309476,3.1917883430847255e-32,1.1925137853174143e-05,4.566311993418201e-07
2_trans_2062.csv,3,4,0,0.6595856687047476,0.12363500703445304,5.953343654232116e-05,0.21671979082425707,0.6595856687047476
2_trans_1027.csv,1,1,1,0.9999983638793085,0.9999983638793085,5.2585364695794025e-31,1.6032020459135139e-06,3.291864539671887e-08
2_trans_1033.csv,1,1,1,0.9999709146742527,0.9999709146742527,3.627574151514736e-31,2.8627361492901384e-05,4.579642542507949e-07
2_trans_2512.csv,4,1,0,0.6192311358748339,0.6192311358748339,7.542536844638363e-09,0.09930627148054794,0.2814625851020814
2_trans_2506.csv,1,1,1,0.4760374278389556,0.4760374278389556,7.755309232891798e-07,0.4459074771820827,0.07805431944803835
2_trans_1768.csv,1,1,1,0.9999995393883317,0.9999995393883317,3.144410849916309e-36,2.6299646354379965e-07,1.9761520462839406e-07
2_trans_2513.csv,1,1,1,0.9992976686908638,0.9992976686908638,8.004411740333405e-17,0.00010033340620101239,0.0006019979029353353
2_trans_1754.csv,1,1,1,0.9709708220160128,0.9709708220160128,5.339408499686555e-17,0.02901524512381231,1.3932860174920822e-05
2_trans_560.csv,1,1,1,0.997756938336473,0.997756938336473,1.912750075637841e-13,0.0017912019150231832,0.0004518597483127871
2_trans_1740.csv,1,1,1,0.9999965173181987,0.9999965173181987,5.8734451857438676e-36,3.4741388137018e-06,8.542987331733431e-09
2_trans_1797.csv,1,1,1,0.960549388346395,0.960549388346395,5.338058139866119e-13,0.0008692450453705201,0.03858136660770059
2_trans_1783.csv,1,1,1,0.9999958170002934,0.9999958170002934,1.1538666262894219e-24,1.4136303787679419e-06,2.7693693278893777e-06
2_trans_986.csv,1,1,1,0.9973626918306302,0.9973626918306302,9.113012357653053e-19,9.457664698499673e-06,0.002627850504671353
2_trans_2077.csv,4,4,1,0.9073139844685649,0.08962033610864745,1.1198836544454527e-05,0.0030544805862431144,0.9073139844685649
2_trans_945.csv,1,1,1,0.6263199409407625,0.6263199409407625,1.389136573407201e-11,6.23400960578317e-05,0.3736177189492883
2_trans_2922.csv,2,2,1,0.8857513475108536,0.00017853719064199635,0.8857513475108536,0.00010076571549078877,0.11396934958301355
2_trans_2671.csv,1,1,1,0.8082427290157724,0.8082427290157724,1.0808334566611021e-10,0.002726212728521051,0.18903105814762297
2_trans_1378.csv,1,1,1,0.9996355697773173,0.9996355697773173,5.908887128904409e-20,2.319346325149593e-05,0.00034123675943126177
2_trans_2117.csv,1,1,1,0.9999989847428603,0.9999989847428603,1.5579053296029022e-27,2.5850613197306086e-07,7.567510077029568e-07
2_trans_158.csv,4,4,1,0.894800887993343,0.09551834215346636,0.00016233076957905174,0.009518439083611484,0.894800887993343
2_trans_170.csv,1,1,1,0.9940202594118304,0.9940202594118304,9.920371576141612e-13,0.005211903112397462,0.0007678374747800943
2_trans_2659.csv,1,1,1,0.9999993636032107,0.9999993636032107,1.8549742078784792e-40,6.362490107262935e-07,1.477785824176297e-10
2_trans_825.csv,1,1,1,0.9999482622461405,0.9999482622461405,5.07572743192837e-30,4.9724089418354754e-05,2.0136644411194566e-06
2_trans_819.csv,1,1,1,0.9999989522200243,0.9999989522200243,1.5125070439153492e-33,9.894589161399811e-07,5.832105943954816e-08
2_trans_73.csv,3,3,1,0.8528173105839734,0.14575876146026473,1.2778904289600471e-06,0.8528173105839734,0.001422650065332908
2_trans_428.csv,4,4,1,0.6649264146863869,0.33458784874393027,9.806824092985394e-12,0.00048573655987596776,0.6649264146863869
2_trans_2315.csv,1,1,1,0.9997950271195155,0.9997950271195155,6.774077849747828e-23,8.622556825221797e-05,0.00011874731223238279
2_trans_414.csv,1,1,1,0.9981881554494526,0.9981881554494526,2.7715284067006486e-18,0.000968078071401299,0.0008437664791461967
2_trans_1634.csv,1,1,1,0.9998474023256899,0.9998474023256899,3.0892087563321163e-29,0.00015243224369119757,1.6543061887177574e-07
2_trans_1807.csv,1,1,1,0.9999209556287237,0.9999209556287237,7.544626133119044e-28,7.822612112268772e-05,8.182501535192779e-07
2_trans_1191.csv,1,1,1,0.9834243811564016,0.9834243811564016,2.3153295829459736e-15,0.016503804130431874,7.181471316416072e-05
2_trans_1803.csv,1,1,1,0.9966068532329102,0.9966068532329102,3.897889171271686e-17,0.0010872633961517806,0.0023058833709379434
2_trans_1195.csv,1,1,1,0.7021331606761629,0.7021331606761629,2.088300282988919e-08,0.06898940395706978,0.22887741448376445
2_trans_2488.csv,1,1,1,0.580720713450063,0.580720713450063,2.6396360423703874e-13,0.41301833918377845,0.006260947365894493
2_trans_1181.csv,1,1,1,0.8738813046921861,0.8738813046921861,9.547868250116522e-09,0.012132035311695778,0.11398665044824982
2_trans_2463.csv,1,1,1,0.9979661229366826,0.9979661229366826,1.7894286297231083e-19,1.6128544822846118e-05,0.002017748518494554
2_trans_1618.csv,1,1,1,0.9991390422475316,0.9991390422475316,3.0007654624376324e-25,0.0008602956261872448,6.621262811573855e-07
2_trans_404.csv,1,1,1,0.9999991266994291,0.9999991266994291,1.3203161261033976e-37,8.702998017166418e-07,3.0007690281751856e-09
2_trans_821.csv,1,1,1,0.9991124418008133,0.9991124418008133,9.282714419330662e-24,1.7567563768479058e-06,0.000885801442809806
2_trans_1397.csv,1,1,1,0.9999993410487983,0.9999993410487983,1.2466258838962329e-34,4.7250364822174536e-07,1.8644755359426733e-07
2_trans_63.csv,1,1,1,0.9995593509241202,0.9995593509241202,5.92811601516453e-20,0.00042069516370574835,1.9953912174101657e-05
2_trans_1368.csv,1,1,1,0.7821755258932616,0.7821755258932616,9.238810577242993e-12,0.21608931830740394,0.0017351557900957308
2_trans_88.csv,3,3,1,0.5367375200224376,0.4563648651977301,2.52511802961683e-09,0.5367375200224376,0.006897612254714255
2_trans_160.csv,1,1,1,0.7844115878844286,0.7844115878844286,4.2693029498986074e-10,0.21132337084601488,0.0042650408426263275
2_trans_2891.csv,2,4,0,0.6233572797275962,0.006287399074679736,0.366875418769575,0.0034799024281490704,0.6233572797275962
2_trans_174.csv,1,1,1,0.9999988247781277,0.9999988247781277,1.3767897466179958e-33,4.829479296824432e-07,6.922739427133477e-07
2_trans_1340.csv,1,1,1,0.9999999336709655,0.9999999336709655,4.252870075701101e-33,3.122413715707184e-08,3.510489724881698e-08
2_trans_941.csv,1,1,1,0.9969834937603126,0.9969834937603126,2.9273771748262924e-17,0.0014832593685944076,0.0015332468710928786
2_trans_969.csv,1,1,1,0.9815897531152429,0.9815897531152429,3.870432979709516e-09,0.00502745945663236,0.013382783557691742
2_trans_2098.csv,1,1,1,0.9982943649679594,0.9982943649679594,3.461856064592628e-18,0.0015100319662863793,0.00019560306575401972
2_trans_2067.csv,1,3,0,0.891673842784663,0.1062390419620597,1.7241291733039799e-10,0.891673842784663,0.002087115080864287
2_trans_982.csv,1,1,1,0.9999960437860562,0.9999960437860562,5.711028599482423e-27,1.400233501388053e-06,2.5559804425807734e-06
2_trans_772.csv,1,1,1,0.7155499144849845,0.7155499144849845,3.193279899612166e-08,0.024210415764459387,0.2602396378177571
2_trans_1546.csv,1,1,1,0.9958461007806356,0.9958461007806356,4.965374507467565e-21,0.00412534959793967,2.8549621424740354e-05
2_trans_1234.csv,1,1,1,0.7946000465747572,0.7946000465747572,4.244697164353827e-08,0.01944783956280424,0.18595207141546682
2_trans_1977.csv,1,4,0,0.6546237242814882,0.25135619299734163,4.2560414393427016e-06,0.09401582667973093,0.6546237242814882
2_trans_558.csv,1,1,1,0.9999930760153306,0.9999930760153306,1.4131649068982147e-26,5.1128039276174455e-06,1.8111807418001127e-06
2_trans_216.csv,1,1,1,0.9998605991911681,0.9998605991911681,1.9904650245725618e-27,1.30134116031871e-07,0.00013927067471593082
2_trans_1036.csv,4,4,1,0.9300814593737231,0.06642493870633459,1.2688603038781173e-06,0.0034923330596382716,0.9300814593737231
2_trans_202.csv,3,3,1,0.6956327353260148,0.300284907077308,5.868969333559398e-11,0.6956327353260148,0.0040823575379874905
2_trans_203.csv,1,1,1,0.9986063564807895,0.9986063564807895,2.63469384314518e-16,0.0005515859670700188,0.0008420575521402224
2_trans_1037.csv,1,1,1,0.9999997965826825,0.9999997965826825,4.095406812726134e-40,2.0326054952466056e-07,1.5676812329705364e-10
2_trans_565.csv,3,1,0,0.5921315476226559,0.5921315476226559,8.318564501877559e-16,0.40751023212156057,0.0003582202557827081
2_trans_217.csv,1,1,1,0.9726600452730149,0.9726600452730149,2.36057003107366e-11,0.020312859298553032,0.0070270954048262686
2_trans_1235.csv,1,1,1,0.9999027445994211,0.9999027445994211,1.939908850664463e-24,9.666739536978565e-05,5.880052092067634e-07
2_trans_2728.csv,1,1,1,0.9999925757233709,0.9999925757233709,2.5436537218218725e-26,1.4452007290323543e-07,7.2797565562118486e-06
2_trans_773.csv,1,1,1,0.9999336125089082,0.9999336125089082,5.883896136510328e-25,3.8512018876656885e-06,6.253628920433211e-05
2_trans_2066.csv,1,1,1,0.9998585921235277,0.9998585921235277,1.89834846507456e-23,0.0001007655392794196,4.0642337192855446e-05
2_trans_2072.csv,1,1,1,0.9999999774566396,0.9999999774566396,2.3685444178369314e-36,1.7672881166133244e-08,4.870479178353796e-09
2_trans_1590.csv,1,1,1,0.9759045034165922,0.9759045034165922,6.75376136744966e-17,0.0209119474480662,0.003183549135341522
2_trans_2927.csv,4,4,1,0.6093802304332069,0.013448234281931603,0.37574037979996466,0.0014311554848968056,0.6093802304332069
2_trans_1427.csv,1,1,1,0.9999947682685565,0.9999947682685565,1.435517564094639e-30,4.4603097530394036e-06,7.714216904108033e-07
2_trans_1341.csv,1,1,1,0.9980235320972735,0.9980235320972735,8.07893278235476e-18,0.00018123614426795716,0.0017952317584585327
2_trans_161.csv,1,1,1,0.9995203645144256,0.9995203645144256,1.2726222012855735e-24,0.0001753642863019069,0.0003042711992726347
2_trans_1355.csv,1,1,1,0.999993550807245,0.999993550807245,6.72136429020477e-30,6.159964644664813e-06,2.892281104829161e-07
2_trans_149.csv,1,1,1,0.9999343109832303,0.9999343109832303,4.031751670318418e-21,2.145436469381974e-06,6.354358030044929e-05
2_trans_89.csv,1,1,1,0.9999951894925201,0.9999951894925201,2.0529737558322856e-27,2.626501323682501e-10,4.8102448296374135e-06
2_trans_2847.csv,2,2,1,0.9576982293707477,4.639983343593484e-05,0.9576982293707477,2.7263728259174123e-05,0.042228107067557204
2_trans_76.csv,1,1,1,0.9999853962129209,0.9999853962129209,2.101379965283686e-26,1.6565116211731429e-07,1.4438135917011784e-05
2_trans_1143.csv,1,1,1,0.9999972982899763,0.9999972982899763,1.8831548917706078e-29,3.8377443582926076e-07,2.317935587848057e-06
2_trans_2338.csv,1,1,1,0.9993139497396943,0.9993139497396943,7.361442066850325e-16,3.99097350826564e-05,0.0006461405252222826
2_trans_1631.csv,1,1,1,0.9998513002118576,0.9998513002118576,1.0769197016730773e-29,0.00014862765688245923,7.213125988014505e-08
2_trans_2310.csv,1,1,1,0.9976044561706617,0.9976044561706617,3.2317369540805e-16,0.00017228250526816122,0.0022232613240697765
2_trans_1619.csv,1,1,1,0.99999939022456,0.99999939022456,1.0103138562144587e-32,5.496490060657312e-07,6.01264341357371e-08
2_trans_2304.csv,3,3,1,0.7176536291748506,0.26353087033187433,5.763435924972294e-09,0.7176536291748506,0.018815494729839122
2_trans_1180.csv,1,1,1,0.999230751727701,0.999230751727701,6.381149878834722e-20,0.0003802920085245832,0.0003889562637744978
2_trans_2489.csv,1,1,1,0.4140989519150258,0.4140989519150258,0.011888476436528623,0.2140077651569823,0.3600048064914632
2_trans_388.csv,1,1,1,0.9530026616269556,0.9530026616269556,2.8456042143107026e-19,0.04698760858044098,9.729792603373357e-06
2_trans_1816.csv,3,1,0,0.7162730754318553,0.7162730754318553,3.762011064096728e-09,0.27307094262917186,0.010655978176961888
2_trans_1182.csv,1,1,1,0.9843023307840595,0.9843023307840595,1.3794577740999363e-15,0.006832598577500266,0.008865070638438766
2_trans_2306.csv,1,1,1,0.7206050898350449,0.7206050898350449,1.054430435821055e-06,0.14189837194779964,0.1374954837867197
2_trans_361.csv,1,4,0,0.6574396118638427,0.31493920695917704,8.375126472586695e-06,0.02761280605050775,0.6574396118638427
2_trans_1155.csv,3,3,1,0.9673029584791596,0.03264291390058407,7.893246509076498e-13,0.9673029584791596,5.412761946701393e-05
2_trans_407.csv,1,1,1,0.9977763050637752,0.9977763050637752,1.1614521319933815e-14,0.0008630073050451049,0.001360687631168136
2_trans_188.csv,1,1,1,0.8043949524093922,0.8043949524093922,4.9018738588944986e-08,0.0018386448766455272,0.19376635369522374
2_trans_2879.csv,2,2,1,0.8295804684391238,0.0005506288505829479,0.8295804684391238,0.00018456488677456295,0.16968433782351872
2_trans_2845.csv,2,2,1,0.5177456422735387,0.006293197835273127,0.5177456422735387,0.002478724780640195,0.47348243511054794
2_trans_1394.csv,1,1,1,0.9652231697296082,0.9652231697296082,2.3861362078893143e-14,0.024183965539062085,0.010592864731305909
2_trans_2110.csv,1,1,1,0.9999947726266228,0.9999947726266228,1.4920822142605593e-34,4.454101485228757e-06,7.732718920805521e-07
2_trans_639.csv,1,1,1,0.9999994656418427,0.9999994656418427,1.835346490219145e-35,5.169162149304113e-07,1.744194240284398e-08
2_trans_1343.csv,1,1,1,0.9999999308243851,0.9999999308243851,1.9289854738959452e-32,2.7596272090423e-08,4.157934292910855e-08
2_trans_1425.csv,1,1,1,0.9984827114586832,0.9984827114586832,6.619922237020616e-16,9.289230101946281e-06,0.0015079993112140531
2_trans_2919.csv,4,2,0,0.741162130472163,0.0008427549621141072,0.741162130472163,0.0002469695168492852,0.25774814504887367
2_trans_2931.csv,2,4,0,0.5175392659889828,0.19741693117975204,0.23642083774465836,0.04862296508660667,0.5175392659889828
2_trans_981.csv,1,1,1,0.9999992358003391,0.9999992358003391,9.94018390179097e-37,7.241425955633752e-07,4.0057065262738176e-08
2_trans_1579.csv,1,1,1,0.9999999250663717,0.9999999250663717,2.7596593048122144e-31,3.157316903805449e-08,4.336045929518636e-08
2_trans_1237.csv,4,4,1,0.9541483429143689,0.020323847042458456,3.560325935959045e-06,0.02552424971723675,0.9541483429143689
2_trans_765.csv,1,1,1,0.9999971219850036,0.9999971219850036,4.4363015375919014e-33,5.6314897658037115e-08,2.8217000989148144e-06
2_trans_1545.csv,1,1,1,0.9999938378228014,0.9999938378228014,8.980052015813113e-27,3.1956173175376232e-06,2.966559881034883e-06
2_trans_1223.csv,1,1,1,0.9999946209016504,0.9999946209016504,3.490007814149228e-30,3.074252664291956e-06,2.304845685533285e-06
2_trans_1974.csv,1,1,1,0.7614635823416892,0.7614635823416892,1.3268222547124936e-11,0.0031456816611618067,0.2353907359838806
2_trans_1009.csv,1,1,1,0.9998899929283408,0.9998899929283408,7.634895171062787e-24,1.8797012071967661e-07,0.00010981910153847507
2_trans_2272.csv,1,1,1,0.9981384233303472,0.9981384233303472,8.22296316680053e-16,5.7914893763082364e-05,0.0018036617758889774
2_trans_2528.csv,1,1,1,0.8665260119755357,0.8665260119755357,1.684158211073136e-07,0.008456087695800002,0.12501773191284316
2_trans_573.csv,3,3,1,0.8942517649904157,0.07830654619234553,1.000729846850983e-08,0.8942517649904157,0.027441678809940397
2_trans_214.csv,1,1,1,0.9996744650958925,0.9996744650958925,4.648475442641678e-21,0.00011044835016780373,0.0002150865539397107
2_trans_2529.csv,1,1,1,0.9847468544567413,0.9847468544567413,1.8054035613378075e-10,0.008207704998467088,0.0070454403642511
2_trans_1746.csv,1,1,1,0.9999999570444199,0.9999999570444199,8.038275605985569e-34,3.447130616887427e-09,3.950844949075461e-08
2_trans_1752.csv,1,1,1,0.9995842952058055,0.9995842952058055,1.7281174564020198e-21,0.0001895753947306682,0.0002261293994638143
2_trans_200.csv,1,1,1,0.9905600057019988,0.9905600057019988,4.4013811868513933e-13,0.0052117036121148595,0.004228290685446299
2_trans_2515.csv,1,1,1,0.9999997514969592,0.9999997514969592,1.6333285020772492e-30,1.3452772310784445e-08,2.3505026855911088e-07
2_trans_1008.csv,1,1,1,0.9186535768663039,0.9186535768663039,9.192796618928994e-12,0.06483481049761824,0.016511612626884907
2_trans_1785.csv,1,1,1,0.9999971022918871,0.9999971022918871,6.561111640566126e-30,5.3491739648489615e-08,2.8442163731140185e-06
2_trans_1949.csv,4,4,1,0.9861392058793672,0.013203875439582987,1.5292315369727686e-05,0.0006416263656800085,0.9861392058793672
2_trans_1544.csv,4,4,1,0.8795554632115082,0.12014196430891784,3.646504313865966e-07,0.00030220782914253656,0.8795554632115082
2_trans_1222.csv,1,1,1,0.9899118380386235,0.9899118380386235,6.549396086830677e-18,4.3117674628492116e-07,0.010087730784630194
2_trans_1550.csv,1,1,1,0.9588759557901455,0.9588759557901455,5.283016386847066e-14,4.00949731788507e-05,0.04108394923662289
2_trans_2071.csv,1,1,1,0.9999748906758738,0.9999748906758738,2.493922014714883e-27,8.471514639604794e-07,2.4262172662300885e-05
2_trans_1578.csv,1,1,1,0.9964780051855394,0.9964780051855394,1.28432469728312e-16,5.325005740490929e-06,0.0035166698087199457
2_trans_2717.csv,1,1,1,0.999995471007574,0.999995471007574,6.667338766928129e-33,4.343854960035398e-06,1.851374659792164e-07
2_trans_758.csv,1,1,1,0.9999979708320178,0.9999979708320178,6.802774453780614e-32,7.796024483017852e-07,1.2495655337912114e-06
2_trans_2930.csv,2,2,1,0.9506910669634422,2.9026523728102864e-05,0.9506910669634422,6.93607183456842e-05,0.049210545794483945
2_trans_1593.csv,1,1,1,0.9999988193377538,0.9999988193377538,6.787785657187696e-35,1.1565959959113603e-06,2.4066250307254798e-08
2_trans_957.csv,1,1,1,0.9993646147879639,0.9993646147879639,2.397451820177021e-15,0.00034871905274476867,0.0002866661592889833
2_trans_2139.csv,1,1,1,0.8247899840028429,0.8247899840028429,4.734130606420598e-08,0.07955293398361848,0.09565703467223267
2_trans_2887.csv,2,2,1,0.38135726691462646,0.14882235026805649,0.38135726691462646,0.09177007446797751,0.37805030834933956
2_trans_176.csv,1,1,1,0.9999752535404901,0.9999752535404901,7.456518196019079e-26,1.7952741977896567e-05,6.7937175321973895e-06
2_trans_2893.csv,2,2,1,0.9294037006556074,0.00040492955106214806,0.9294037006556074,0.00012421710051031053,0.07006715269282021
2_trans_610.csv,1,1,1,0.9919488919362378,0.9919488919362378,2.9676112023789743e-24,0.008050878574563061,2.2948919918331593e-07
2_trans_638.csv,1,1,1,0.9999886474822128,0.9999886474822128,2.3026567142670952e-26,1.2959535657119763e-06,1.0056564221361345e-05
2_trans_1418.csv,1,4,0,0.5366085200295517,0.2997041819021406,3.7923536012007477e-06,0.16368350571470652,0.5366085200295517
2_trans_1154.csv,1,1,1,0.9958332572597399,0.9958332572597399,5.786456777594633e-19,0.004131793600781899,3.494913947812483e-05
2_trans_406.csv,1,1,1,0.9904641720200561,0.9904641720200561,1.9416131160570302e-14,1.022456137645111e-06,0.009534805523786886
2_trans_1632.csv,1,1,1,0.9812423542556092,0.9812423542556092,2.8832662765329594e-15,0.01823180782872637,0.00052583791566141
2_trans_1140.csv,1,1,1,0.9232346859726038,0.9232346859726038,3.405485770777897e-12,0.07662285527765324,0.0001424587463373698
2_trans_2313.csv,1,1,1,0.9997623637508001,0.9997623637508001,2.6033924929679504e-23,0.0002364910570731075,1.1451921267919649e-06
2_trans_1197.csv,1,1,1,0.9999866155414822,0.9999866155414822,1.3779249961642957e-33,1.3348750336620058e-05,3.5708181153949276e-08
2_trans_1829.csv,1,1,1,0.9999678972033822,0.9999678972033822,9.603013636463091e-33,7.729581167704133e-08,3.202550080604646e-05
2_trans_1183.csv,1,1,1,0.9999645812822227,0.9999645812822227,3.366197812037299e-19,5.585744637347351e-06,2.9832973139965225e-05
2_trans_1696.csv,1,1,1,0.9999984291443424,0.9999984291443424,2.0271919093114295e-29,8.310556959390458e-07,7.397999615661487e-07
2_trans_461.csv,1,1,1,0.9998665791253001,0.9998665791253001,1.2680587131080215e-20,1.1335880297065413e-05,0.00012208499440276893
2_trans_1655.csv,3,3,1,0.48682886090319916,0.46544451156549016,6.10787227395869e-08,0.48682886090319916,0.047726566452587965
2_trans_878.csv,1,1,1,0.9999959361459421,0.9999959361459421,1.894593860637088e-29,1.6791367932551703e-06,2.3847172646470173e-06
2_trans_844.csv,1,1,1,0.9999825515153502,0.9999825515153502,1.7546193315855636e-32,1.7414848859566117e-05,3.363579000437391e-08
2_trans_1325.csv,1,1,1,0.9825020414667287,0.9825020414667287,3.980263529613622e-16,0.0059259980035896625,0.011571960529681347
2_trans_111.csv,1,1,1,0.9999820642100413,0.9999820642100413,1.8439783404200623e-25,8.474948890867106e-06,9.460841067823883e-06
2_trans_663.csv,1,1,1,0.9992902935662358,0.9992902935662358,1.1240538511283616e-21,0.0004452726261466196,0.00026443380761757227
2_trans_2604.csv,1,1,1,0.9968548140136897,0.9968548140136897,7.386644461056487e-19,0.0030704117184800544,7.477426783018231e-05
2_trans_2943.csv,4,2,0,0.8398841521689075,0.005607546482091438,0.8398841521689075,0.004253444092034815,0.15025485725696625
2_trans_918.csv,1,1,1,0.9896604323354862,0.9896604323354862,6.066269278464244e-17,0.000730621295948158,0.009608946368565673
2_trans_703.csv,3,3,1,0.9029622381588018,0.09683527627289697,1.486708099540432e-13,0.9029622381588018,0.00020248556815244127
2_trans_1245.csv,1,1,1,0.9712009595043072,0.9712009595043072,9.792665440844264e-17,0.028536651713183432,0.00026238878250933165
2_trans_2764.csv,1,1,1,0.9998766603155951,0.9998766603155951,4.390566547822922e-27,0.00010937539540933057,1.3964288995488084e-05
2_trans_2002.csv,1,1,1,0.9988598968287007,0.9988598968287007,7.674049373879089e-21,0.001036208660944197,0.00010389451035507272
2_trans_528.csv,1,4,0,0.5405072368397699,0.05813173394220219,1.5266177269244692e-06,0.401359502600301,0.5405072368397699
2_trans_1708.csv,1,1,1,0.9998819055150037,0.9998819055150037,1.7559364366369329e-16,2.846793154795023e-05,8.962655344813956e-05
2_trans_2201.csv,4,4,1,0.9863290123096786,0.013550009947688721,1.5801256835705093e-07,0.00012081973006431821,0.9863290123096786
2_trans_1720.csv,1,1,1,0.9998448188445264,0.9998448188445264,8.399451544267901e-24,0.00014113114142287148,1.4050014050702207e-05
2_trans_1052.csv,1,1,1,0.9999645674123825,0.9999645674123825,5.2560992429490215e-23,1.649785781743797e-07,3.526760903943472e-05
2_trans_1907.csv,4,4,1,0.8641345837665789,0.10657820002782352,0.027267207697279514,0.0020200085083180714,0.8641345837665789
2_trans_1091.csv,1,1,1,0.9950187247761761,0.9950187247761761,1.4097804973537492e-20,0.004976491531091099,4.783692732842447e-06
2_trans_2995.csv,2,2,1,0.9521929681282535,0.00011677828235083434,0.9521929681282535,7.671437425796431e-05,0.047613539215137515
2_trans_1536.csv,1,1,1,0.9992486116958506,0.9992486116958506,1.0860487574962618e-21,3.2075919296312046e-06,0.0007481807122199746
2_trans_931.csv,1,1,1,0.843872215474423,0.843872215474423,2.904872337317232e-13,4.35349573825816e-05,0.15608424956790395
2_trans_2956.csv,4,4,1,0.7318166685890748,0.00950408766267261,0.2575068521408383,0.0011723916074142231,0.7318166685890748
2_trans_919.csv,1,1,1,0.9999994917729021,0.9999994917729021,1.1068091606402082e-29,2.7122771704332743e-07,2.3699938086300653e-07
2_trans_2163.csv,1,1,1,0.6825645236387985,0.6825645236387985,3.1148107875697565e-05,0.050129245822903,0.26727508243042297
2_trans_138.csv,1,1,1,0.9997868160486691,0.9997868160486691,1.570219051286628e-29,0.0002130688457030505,1.1510562785379228e-07
2_trans_110.csv,1,1,1,0.9999733706355879,0.9999733706355879,1.2129679991584823e-29,2.344177180194785e-05,3.1875926101583065e-06
2_trans_676.csv,1,1,1,0.9999676340825796,0.9999676340825796,3.6524239165826117e-28,8.092019560126984e-06,2.427389786028557e-05
2_trans_845.csv,1,1,1,0.9999999200089154,0.9999999200089154,2.603719694324693e-37,1.0807118921601352e-08,6.918396571369805e-08
2_trans_851.csv,1,1,1,0.9999992802611379,0.9999992802611379,7.58067789204705e-35,6.831245173175793e-07,3.661434480711977e-08
2_trans_1495.csv,4,1,0,0.9273525679317216,0.9273525679317216,3.0151144608940316e-13,0.04178120035107033,0.030866231716906573
2_trans_13.csv,1,1,1,0.9995178753859174,0.9995178753859174,9.294938041500445e-24,3.687824669636703e-06,0.00047843678941295633
2_trans_879.csv,1,1,1,0.9999776530782896,0.9999776530782896,3.680484903865573e-25,1.87565009939866e-05,3.590420716424686e-06
2_trans_1481.csv,1,1,1,0.9999954490411279,0.9999954490411279,5.895551093559257e-26,4.988922550279614e-07,4.052066617112911e-06
2_trans_2407.csv,3,1,0,0.6671693392969703,0.6671693392969703,1.510536102264371e-08,0.3031615803206326,0.02966906527703602
2_trans_2361.csv,4,4,1,0.9302383838463235,0.055481662460002044,0.008070283050148225,0.006209670643526208,0.9302383838463235
2_trans_448.csv,3,3,1,0.8236224842284425,0.155041493246524,4.243350710998547e-09,0.8236224842284425,0.02133601828168277
2_trans_2375.csv,1,1,1,0.9978758675834335,0.9978758675834335,3.574736239578067e-19,0.00016270370845354647,0.001961428708113034
2_trans_306.csv,4,1,0,0.9244976952030071,0.9244976952030071,1.104347816288556e-10,0.0007639404758299008,0.07473836421072842
2_trans_1132.csv,1,3,0,0.6147734282303583,0.3817109711982172,2.264084434095918e-11,0.6147734282303583,0.003515600548783688
2_trans_460.csv,1,4,0,0.5278138705096131,0.44033809553870124,3.2756293497846854e-08,0.031848001195392286,0.5278138705096131
2_trans_2349.csv,1,1,1,0.9856929257527045,0.9856929257527045,4.2734573284384265e-15,0.0003280976148031226,0.013978976632487972
2_trans_1640.csv,1,1,1,0.8237306516588215,0.8237306516588215,7.909629740238779e-20,0.17625411925715784,1.522908402076472e-05
2_trans_312.csv,4,4,1,0.5951818658375347,0.29856893220330405,1.6233492149046595e-05,0.10623296846701213,0.5951818658375347
2_trans_1871.csv,1,1,1,0.9996771715745056,0.9996771715745056,1.2057231050974555e-20,0.00024294314173898843,7.988528375523164e-05
2_trans_1865.csv,1,1,1,0.9839919175721628,0.9839919175721628,1.2141168017025481e-18,0.002240884893294079,0.013767197534543231
2_trans_1124.csv,3,1,0,0.892565717054921,0.892565717054921,1.0565468253741545e-16,0.10593450014596491,0.0014997827991137603
2_trans_1642.csv,3,3,1,0.884197123836084,0.11579019647425941,1.2707097219765327e-14,0.884197123836084,1.2679689643850814e-05
2_trans_2411.csv,1,1,1,0.9972905211155856,0.9972905211155856,2.5967819062107834e-21,0.0010727429243485983,0.0016367359600659062
2_trans_2834.csv,2,2,1,0.7117752649619977,0.0002043322750497927,0.7117752649619977,6.728079426605637e-05,0.2879531219686865
2_trans_1454.csv,1,1,1,0.9999999557433874,0.9999999557433874,7.375283415052265e-36,3.414892640969229e-08,1.010768618093818e-08
2_trans_660.csv,1,1,1,0.9275545602097993,0.9275545602097993,3.7100962169867654e-07,8.399531389280542e-05,0.07236107346668624
2_trans_2954.csv,2,2,1,0.81549270791705,0.0039463694259004685,0.81549270791705,0.007167525256958792,0.17339339740009085
2_trans_1246.csv,1,1,1,0.8263921836235263,0.8263921836235263,3.4985788431375216e-07,0.017547071209998658,0.15606039530859084
2_trans_2015.csv,4,4,1,0.8799357091883376,0.11777553915754457,3.621438455106624e-05,0.002252537269566766,0.8799357091883376
2_trans_1508.csv,1,1,1,0.5724346207403515,0.5724346207403515,2.692830620084606e-10,0.00017226371897156008,0.4273931152713941
2_trans_1050.csv,1,1,1,0.9999386603959155,0.9999386603959155,1.6566381857338218e-25,3.151310907790791e-05,2.982649500655037e-05
2_trans_2571.csv,1,1,1,0.9972682114985383,0.9972682114985383,1.2374197193789718e-21,5.3061272045245725e-06,0.002726482374257061
2_trans_2203.csv,1,1,1,0.9993551033154343,0.9993551033154343,5.832026243440584e-23,0.00032577311353970966,0.0003191235710260326
2_trans_2216.csv,1,3,0,0.6841871272556086,0.30153233101105775,1.7975338515397609e-12,0.6841871272556086,0.01428054173153607
2_trans_1079.csv,1,1,1,0.6851906090578385,0.6851906090578385,2.212183001672931e-06,0.16237486852464753,0.15243231023451242
2_trans_1051.csv,1,1,1,0.9999990428481584,0.9999990428481584,4.896711538106004e-37,9.508700003839255e-07,6.2818413347889214e-09
2_trans_265.csv,1,1,1,0.9999986356545476,0.9999986356545476,4.969972896026433e-26,3.1587051964469447e-07,1.0484749328251214e-06
2_trans_1737.csv,1,1,1,0.9999999262061415,0.9999999262061415,1.6092908640617754e-36,6.537944302383024e-08,8.414415476987546e-09
2_trans_1086.csv,1,1,1,0.9999984727295663,0.9999984727295663,2.6006670637465227e-29,1.3175900263041705e-06,2.0968040752216672e-07
2_trans_2000.csv,1,1,1,0.9999729152098503,0.9999729152098503,3.699937171917345e-30,2.706520570290673e-05,1.9584446768484596e-08
2_trans_2772.csv,1,1,1,0.9999994068317771,0.9999994068317771,1.7660231270496462e-34,4.7214126346201716e-07,1.210269594992475e-07
2_trans_729.csv,1,1,1,0.9798652312959756,0.9798652312959756,3.504225156874518e-19,0.018153116735636812,0.001981651968387528
2_trans_2014.csv,1,1,1,0.964445948186315,0.964445948186315,7.53512809717145e-12,0.003518532364384479,0.032035519441765366
2_trans_1535.csv,4,4,1,0.5293821848023059,0.4665218528343723,1.7892250268183094e-05,0.004078070113053562,0.5293821848023059
2_trans_2982.csv,4,4,1,0.7906781693958053,0.001138213536392922,0.20794473019795628,0.00023888686984548533,0.7906781693958053
2_trans_1521.csv,1,1,1,0.9989467269074445,0.9989467269074445,2.9758011013770546e-16,5.682853576922163e-05,0.000996444556786015
2_trans_2799.csv,1,1,1,0.8480219239787962,0.8480219239787962,9.998291983120031e-17,0.1515511202035391,0.0004269558176646798
2_trans_2160.csv,4,4,1,0.5391212046556592,0.13261320611763944,4.157319604542556e-07,0.32826517349474105,0.5391212046556592
2_trans_1327.csv,1,1,1,0.9996607444191195,0.9996607444191195,8.40520577281756e-23,8.813997854991187e-07,0.00033837418109499475
2_trans_1333.csv,1,1,1,0.9954353371458784,0.9954353371458784,1.2887196406724188e-23,6.44002603597137e-06,0.004558222828085497
2_trans_107.csv,3,3,1,0.4713953040751658,0.3010109915984076,8.195784178990599e-09,0.4713953040751658,0.2275936961306424
2_trans_1455.csv,1,1,1,0.9999442680840452,0.9999442680840452,9.297814065394803e-28,4.94361861556689e-05,6.295729799010873e-06
2_trans_38.csv,1,1,1,0.9999192053603188,0.9999192053603188,3.3148483454620444e-12,3.5480971818254226e-05,4.5313664548019205e-05
2_trans_2821.csv,2,2,1,0.9768771784956237,0.00022872899690587316,0.9768771784956237,0.00023475632951151283,0.022659336177959122
2_trans_10.csv,1,1,1,0.9932478463347163,0.9932478463347163,5.260338228874447e-18,0.001455823924504311,0.005296329740779351
2_trans_2404.csv,1,1,1,0.9690173978529331,0.9690173978529331,3.738629368537996e-13,0.015079615235190058,0.015902986911502846
2_trans_339.csv,1,1,1,0.734946564649247,0.734946564649247,9.478121937665388e-13,0.26495260077547156,0.000100834574333598
2_trans_1125.csv,1,1,1,0.99999997663321,0.99999997663321,1.6245679241522902e-37,1.3728161509375538e-09,2.1993973935448635e-08
2_trans_477.csv,1,1,1,0.9999996788679147,0.9999996788679147,4.4389538363265523e-38,2.1446650572896573e-07,1.0666557960105796e-07
2_trans_1657.csv,1,1,1,0.9997522273362308,0.9997522273362308,7.000870936501587e-21,0.00023716803927716074,1.060462449200243e-05
2_trans_463.csv,1,1,1,0.9998590227476563,0.9998590227476563,1.2845099808972865e-28,0.00014084068629495775,1.3656604880946168e-07
2_trans_305.csv,1,1,1,0.9991470902751882,0.9991470902751882,2.581787233044824e-21,1.6467445372275575e-05,0.000836442279439674
2_trans_1680.csv,1,1,1,0.999954485841468,0.999954485841468,1.1636915365436144e-22,5.6675063940241e-06,3.9846652137832035e-05
2_trans_2400.csv,1,1,1,0.9996185712507352,0.9996185712507352,4.229080306748654e-27,0.0003729563284849444,8.472420779947845e-06
2_trans_301.csv,1,1,1,0.6518886183105356,0.6518886183105356,8.536818122039993e-08,3.0365209821531574e-05,0.3480809311114616
2_trans_467.csv,1,1,1,0.9999281882952047,0.9999281882952047,1.2954068653502084e-26,1.09165420243723e-07,7.170253937491071e-05
2_trans_1653.csv,1,1,1,0.9448234380494993,0.9448234380494993,5.928662635204619e-20,0.054988611584255095,0.0001879503662457106
2_trans_1647.csv,1,1,1,0.9999993732999157,0.9999993732999157,1.5773862574540517e-37,6.138862848254542e-07,1.2813799531688545e-08
2_trans_2428.csv,1,1,1,0.9999990454137564,0.9999990454137564,8.42671254876285e-38,9.531267814607629e-07,1.4594623158389066e-09
2_trans_842.csv,1,1,1,0.9804851855980009,0.9804851855980009,3.314128140898625e-15,0.00021099088873250402,0.019303823513263322
2_trans_856.csv,1,1,1,0.7812638484642236,0.7812638484642236,6.672899884737275e-11,0.21411300111481749,0.004623150354229866
2_trans_2825.csv,2,2,1,0.9402687927803721,0.0008610527632099104,0.9402687927803721,0.0007506669524301046,0.05811948750398784
2_trans_2831.csv,2,2,1,0.9682926462916333,3.105497710653321e-05,0.9682926462916333,1.8597009316815218e-05,0.03165770172194347
2_trans_2602.csv,3,1,0,0.8361680038758221,0.8361680038758221,1.5352033414018666e-09,0.16149077120528907,0.002341223383685293
2_trans_1479.csv,1,1,1,0.9991217362714542,0.9991217362714542,1.0522123347956557e-23,2.1486767104996333e-06,0.0008761150518352661
2_trans_895.csv,1,1,1,0.999998748706234,0.999998748706234,7.828514116719535e-31,8.934946447118545e-07,3.5779912137181033e-07
2_trans_2170.csv,1,1,1,0.9999694531484857,0.9999694531484857,3.6046455737483846e-28,3.1992353178179396e-07,3.022692798247711e-05
2_trans_1451.csv,4,1,0,0.45557618011618267,0.45557618011618267,1.6187049159175766e-06,0.10860297258909092,0.4358192285898105
2_trans_103.csv,4,1,0,0.517164536950767,0.517164536950767,1.3349532126738134e-09,0.0038164789760931693,0.47901898273818655
2_trans_1337.csv,4,4,1,0.8054406339623478,0.1919108788645502,1.034016285907853e-07,0.0026483837714734422,0.8054406339623478
2_trans_671.csv,1,1,1,0.9999942803106073,0.9999942803106073,2.2088767831610544e-26,1.4242007913096317e-06,4.2954886012427345e-06
2_trans_1445.csv,1,1,1,0.8386081380200083,0.8386081380200083,2.0450645933211556e-11,0.0004633795591434342,0.16092848240039748
2_trans_922.csv,1,1,1,0.999941904645206,0.999941904645206,1.649100657150935e-29,6.174050400221827e-08,5.803361428989375e-05
2_trans_2010.csv,4,4,1,0.6887126215681003,0.30116088039910244,2.3351063686986892e-06,0.010124162926428475,0.6887126215681003
2_trans_2004.csv,3,1,0,0.8496545577215588,0.8496545577215588,4.6842714260953235e-12,0.14460863628755094,0.005736805986206079
2_trans_711.csv,1,1,1,0.6697271254001507,0.6697271254001507,2.9508961950815574e-11,0.3156152712951953,0.014657603275145085
2_trans_1.csv,3,1,0,0.44873670563437984,0.44873670563437984,1.806334774973988e-06,0.3093336779148029,0.2419278101160423
2_trans_1257.csv,1,1,1,0.9999959079916763,0.9999959079916763,3.4555106493928527e-35,4.083398909167561e-06,8.609414668511305e-09
2_trans_2986.csv,2,2,1,0.8809494617629384,0.00046534290590168043,0.8809494617629384,0.00029252600606405175,0.11829266932509586
2_trans_2038.csv,3,1,0,0.7131180006086613,0.7131180006086613,3.197862396680476e-14,0.28675472563660453,0.00012727375470220233
2_trans_705.csv,1,3,0,0.5252058450315371,0.36628467768616413,2.0377013367073265e-05,0.5252058450315371,0.10848910026893172
2_trans_1531.csv,1,1,1,0.9999978161836558,0.9999978161836558,3.677078513099658e-29,2.1006305336025164e-08,2.162810038873873e-06
2_trans_1096.csv,1,1,1,0.9753039031264845,0.9753039031264845,3.933522634099542e-24,0.02469525949162372,8.3738189178257e-07
2_trans_2212.csv,1,1,1,0.999774396077545,0.999774396077545,1.8107484790585521e-23,3.1992312069027215e-07,0.00022528399933423857
2_trans_2206.csv,1,1,1,0.9997881970282805,0.9997881970282805,1.2714978859559058e-22,0.00020815800953788796,3.6449621815732738e-06
2_trans_1733.csv,1,1,1,0.9949091875212416,0.9949091875212416,2.1370186152321716e-24,0.005079814315990356,1.0998162767951327e-05
2_trans_261.csv,1,1,1,0.9895643609972751,0.9895643609972751,9.313012371547749e-19,0.007147563606787611,0.003288075395937118
2_trans_1055.csv,1,1,1,0.9968790904903962,0.9968790904903962,3.37620924622256e-20,6.815708581060185e-06,0.0031140938010226385
2_trans_1732.csv,1,1,1,0.9999739240033182,0.9999739240033182,7.303680924297846e-31,2.5139785494432056e-05,9.362111874333605e-07
2_trans_1040.csv,1,1,1,0.996810648171986,0.996810648171986,1.8308688711650018e-16,0.0028072377721466324,0.0003821140558672416
2_trans_1726.csv,1,1,1,0.999995548606325,0.999995548606325,1.4402902255565556e-30,1.3346240366556101e-06,3.1167696382996944e-06
2_trans_2207.csv,1,1,1,0.9999161530519137,0.9999161530519137,3.1750732664616243e-28,7.319095949284639e-05,1.0655988593411377e-05
2_trans_248.csv,1,1,1,0.9829156775888508,0.9829156775888508,4.431427276696571e-18,0.0007932105840064809,0.016291111827142823
2_trans_2575.csv,1,1,1,0.9999985194318807,0.9999985194318807,3.377390643216266e-33,1.414469290217008e-06,6.609882906130118e-08
2_trans_2213.csv,1,1,1,0.9999779978082378,0.9999779978082378,5.537296909594548e-27,1.873827823685647e-05,3.26391352537763e-06
2_trans_1929.csv,1,4,0,0.6738392003438572,0.32567272337877134,1.6176270933606686e-10,0.000488076115608611,0.6738392003438572
2_trans_1915.csv,1,1,1,0.9999053580835418,0.9999053580835418,1.2085384740875211e-23,5.819001804744025e-05,3.645189841082504e-05
2_trans_1256.csv,3,3,1,0.9105792265942898,0.08789856190975238,8.293520237768704e-12,0.9105792265942898,0.0015222114876643185
2_trans_1530.csv,1,1,1,0.9988979156763304,0.9988979156763304,2.5185774356308154e-25,0.0011013090992571272,7.752244124945528e-07
2_trans_1524.csv,1,1,1,0.9999804652455277,0.9999804652455277,1.6450154221808392e-28,1.1683155971058576e-05,7.85159850104102e-06
2_trans_2993.csv,4,2,0,0.6894481435061405,0.019232383832227015,0.6894481435061405,0.007261374958813024,0.2840580977028195
2_trans_2005.csv,1,1,1,0.9999973683372033,0.9999973683372033,2.5449943892955996e-30,2.4646855879057076e-06,1.6697720876916877e-07
2_trans_1518.csv,1,1,1,0.9999430207920196,0.9999430207920196,1.4809774475308722e-25,1.5066150064370436e-05,4.1913057916040985e-05
2_trans_1281.csv,1,1,1,0.9683344358708246,0.9683344358708246,5.988713725868429e-12,0.0007983998371512975,0.03086716428603544
2_trans_664.csv,1,1,1,0.9999928579371864,0.9999928579371864,1.0350195365290869e-28,3.605194863083236e-08,7.106010865074582e-06
2_trans_102.csv,1,1,1,0.9999735062310903,0.9999735062310903,4.140483881262631e-29,2.6469301528481613e-05,2.4467381454304277e-08
2_trans_2171.csv,1,1,1,0.999966846369036,0.999966846369036,1.2201617482543988e-27,3.1055686839095154e-05,2.0979441248822054e-06
2_trans_1493.csv,1,1,1,0.8458841226222146,0.8458841226222146,9.403238414105825e-12,0.07646601439564667,0.07764986297273561
2_trans_29.csv,1,1,1,0.9976615833743557,0.9976615833743557,3.2511196269754747e-18,3.9819898885648226e-05,0.0022985967267586628
2_trans_472.csv,1,1,1,0.9999239086658089,0.9999239086658089,6.00456684624697e-29,4.225883716803665e-07,7.566874581931895e-05
2_trans_300.csv,1,1,1,0.5420193098492638,0.5420193098492638,9.855306628614189e-05,0.03312472563809102,0.42475741144635903
2_trans_1134.csv,1,4,0,0.39725333553940384,0.06304713266652773,0.35380942647517044,0.18589010531889805,0.39725333553940384
2_trans_2373.csv,1,1,1,0.9877842474691656,0.9877842474691656,1.4734449010424e-18,2.8223781301716562e-06,0.012212930152704247
2_trans_2415.csv,1,1,1,0.9803587065942292,0.9803587065942292,4.431642818905917e-17,0.00011955617772491533,0.019521737228045743
2_trans_1685.csv,3,4,0,0.4690527416724072,0.4671255693203638,4.027016295632501e-10,0.06382168860452736,0.4690527416724072
2_trans_2398.csv,1,1,1,0.9999983035494848,0.9999983035494848,1.3751334651048554e-33,8.72894145525537e-07,8.235563694951743e-07
2_trans_1687.csv,1,1,1,0.997834955317738,0.997834955317738,4.485086172149557e-21,0.002144180086852937,2.086459540909935e-05
2_trans_1693.csv,1,1,1,0.999989816405477,0.999989816405477,9.150317017447124e-28,8.401055352765764e-08,1.0099583969253546e-05
2_trans_2371.csv,1,1,1,0.9977641956171784,0.9977641956171784,2.9315618165311656e-17,0.0006556095915331004,0.0015801947912884992
2_trans_2365.csv,1,1,1,0.9185520666358212,0.9185520666358212,2.2863547985201763e-09,0.0007354011974485725,0.08071252988037561
2_trans_316.csv,1,1,1,0.9838404410214118,0.9838404410214118,2.264085657558558e-19,0.01612899354449149,3.056543409677171e-05
2_trans_470.csv,1,1,1,0.9843960840383105,0.9843960840383105,3.4008134125504875e-20,0.003965486525850451,0.011638429435838928
2_trans_2359.csv,1,1,1,0.6553167111956927,0.6553167111956927,1.770006050934426e-11,0.3412463504608334,0.0034369383257738333
2_trans_464.csv,1,1,1,0.996922560593988,0.996922560593988,1.2370818344892846e-18,0.0030297366658268475,4.770274018519593e-05
2_trans_1136.csv,1,1,1,0.9999969722621901,0.9999969722621901,3.327263996058801e-32,2.56997070765117e-06,4.5776710217845436e-07
2_trans_1485.csv,1,1,1,0.9352915665102868,0.9352915665102868,6.02853363406351e-09,0.022293396893937348,0.042415030567242114
2_trans_2198.csv,1,1,1,0.9972239392518533,0.9972239392518533,4.2563590586127907e-16,7.582735852541085e-05,0.0027002333896207187
2_trans_17.csv,3,1,0,0.5353939727806811,0.5353939727806811,1.6134108311628977e-10,0.4587729742365767,0.0058330528214011555
2_trans_1491.csv,1,1,1,0.99999489764446,0.99999489764446,6.721767944068713e-31,3.6637676967095723e-06,1.4385878430919155e-06
2_trans_128.csv,4,4,1,0.8737344041739397,0.11716720370621986,2.057253464241247e-05,0.009077819585198005,0.8737344041739397
2_trans_2601.csv,1,1,1,0.9879578443948285,0.9879578443948285,4.541815178453725e-18,2.440372739629865e-05,0.012017751877775311
2_trans_1446.csv,1,1,1,0.8879079092914811,0.8879079092914811,1.8245907763136706e-16,0.1118786796927581,0.00021341101576057586
2_trans_1320.csv,1,1,1,0.9993706899439732,0.9993706899439732,7.952743038384115e-21,0.0005754551315455122,5.385492448139602e-05
2_trans_2946.csv,4,2,0,0.7334678565866161,0.006218033318285961,0.7334678565866161,0.0023997256098775167,0.25791438448522047
2_trans_1283.csv,1,1,1,0.9937413816321046,0.9937413816321046,6.789968883698304e-13,0.00544953167816572,0.000809086689050901
2_trans_909.csv,1,1,1,0.9745749297799952,0.9745749297799952,4.6008861779828585e-12,0.00038396798557902733,0.025041102229824908
2_trans_2749.csv,1,1,1,0.967742017859829,0.967742017859829,1.7841078588025942e-16,0.029384943311272792,0.002873038828897964
2_trans_1095.csv,1,1,1,0.9999379166661603,0.9999379166661603,4.264950898547799e-22,1.7905733178853254e-05,4.4177600660819214e-05
2_trans_1081.csv,4,4,1,0.8837180301265964,0.11361859673376623,1.016240781871152e-06,0.0026623568988554448,0.8837180301265964
2_trans_1056.csv,1,1,1,0.999055044248412,0.999055044248412,5.0073258461779035e-17,3.570022854891612e-05,0.0009092555230391478
2_trans_504.csv,1,1,1,0.9074201262044419,0.9074201262044419,2.4546416382022627e-09,0.08108329327245507,0.011496578068461554
2_trans_2239.csv,1,1,1,0.6422015257024687,0.6422015257024687,2.1172630438006435e-09,0.011197926802408477,0.34660054537785984
2_trans_510.csv,1,4,0,0.3882931530174495,0.280392326631378,1.166524628074764e-05,0.33130285510489177,0.3882931530174495
2_trans_276.csv,1,1,1,0.9875426725243004,0.9875426725243004,7.744481245385453e-22,0.012431826691040416,2.550078465919444e-05
2_trans_1725.csv,1,1,1,0.9996939939329315,0.9996939939329315,5.052474567831949e-23,0.00029310024542676346,1.290582164181811e-05
2_trans_511.csv,1,1,1,0.9999981108236459,0.9999981108236459,1.6359962066154546e-29,1.3270134571744492e-06,5.62162896946274e-07
2_trans_2238.csv,1,3,0,0.8674236903713878,0.1266605731437686,3.4671324812278736e-09,0.8674236903713878,0.005915733017711178
2_trans_1731.csv,1,1,1,0.999989428632413,0.999989428632413,1.2358407539243577e-34,1.056937192056728e-05,1.9956662058065945e-09
2_trans_2562.csv,1,1,1,0.9872226650794221,0.9872226650794221,1.0312012422258189e-20,0.012772782024182042,4.552896395942319e-06
2_trans_1080.csv,1,1,1,0.9998473950283167,0.9998473950283167,5.907840653794133e-29,0.00015258574347407823,1.9228209321176043e-08
2_trans_1902.csv,3,1,0,0.5156531517056125,0.5156531517056125,1.320212868444656e-09,0.4811182033720776,0.0032286436020969003
2_trans_288.csv,1,1,1,0.6692767334274269,0.6692767334274269,1.1353016565071038e-05,0.30963706850104117,0.021074845054966884
2_trans_1527.csv,1,1,1,0.9999695223743604,0.9999695223743604,7.183670155958509e-27,3.721516515065794e-07,3.0105473987913654e-05
2_trans_2984.csv,2,2,1,0.7329820450266391,8.021486997069435e-05,0.7329820450266391,0.00024397929229654018,0.2666937608110936
2_trans_2760.csv,1,1,1,0.9999884197466886,0.9999884197466886,2.152927318819668e-31,1.1513149828202757e-05,6.71034832064765e-08
2_trans_2953.csv,4,4,1,0.8574442749192729,0.0912081105305099,0.0297039259479475,0.021643688602269607,0.8574442749192729
2_trans_1296.csv,1,4,0,0.5336212967402529,0.432564685111427,5.96581436602676e-06,0.03380805233395401,0.5336212967402529
2_trans_1335.csv,1,1,1,0.999998438248135,0.999998438248135,3.523214555598883e-35,1.0091136976234012e-06,5.526381674509262e-07
2_trans_2628.csv,1,1,1,0.9888550549348156,0.9888550549348156,1.7148851856519245e-21,0.011092641923442106,5.2303141742186934e-05
2_trans_1321.csv,1,1,1,0.9999607766189362,0.9999607766189362,1.230799355685208e-28,3.896139388153304e-05,2.6198718226236806e-07
2_trans_883.csv,1,1,1,0.9999985863319018,0.9999985863319018,2.5373524863367566e-32,1.2876448249078526e-06,1.2602327327708007e-07
2_trans_2172.csv,1,1,1,0.640774528187276,0.640774528187276,1.0672684699094422e-08,0.04207141969936941,0.31715404144066994
2_trans_897.csv,1,1,1,0.9999999056152484,0.9999999056152484,5.135371386008925e-32,7.474083776506803e-08,1.9643913777061083e-08
2_trans_129.csv,3,3,1,0.7611912704825311,0.23845361434207965,2.7022855587297334e-11,0.7611912704825311,0.00035511514836644985
2_trans_2827.csv,2,2,1,0.8641596695844934,0.0005017712247917729,0.8641596695844934,0.00011514566789179269,0.135223413522823
2_trans_16.csv,1,1,1,0.9970738728681157,0.9970738728681157,8.553859287094679e-20,7.450388343977185e-06,0.002918676743540434
2_trans_868.csv,4,4,1,0.8431241180447165,0.07223397460075137,0.037638641615600564,0.047003265738931516,0.8431241180447165
2_trans_698.csv,1,1,1,0.9999970305424878,0.9999970305424878,8.560049281952063e-27,1.0679663798383546e-07,2.8626608742953543e-06
2_trans_840.csv,1,1,1,0.999733474317662,0.999733474317662,8.411975521279099e-26,0.0002664080582368092,1.176241011681648e-07
2_trans_1889.csv,1,1,1,0.9958670587561057,0.9958670587561057,1.7271643360961735e-16,0.003822633136513927,0.00031030810738019954
2_trans_2358.csv,1,1,1,0.9896803208213455,0.9896803208213455,1.4709956696478628e-15,0.0012635322532272043,0.009056146925425817
2_trans_317.csv,1,1,1,0.9993275726093589,0.9993275726093589,2.8686241786407187e-21,1.8789513727185774e-05,0.0006536378769140592
2_trans_459.csv,1,1,1,0.9998930394497643,0.9998930394497643,2.6269240339584485e-23,7.851339233007472e-05,2.8447157905596927e-05
2_trans_1686.csv,1,1,1,0.9999982007114905,0.9999982007114905,4.5553777576596503e-32,1.4831901952862547e-06,3.1609831404454007e-07
