id,true_label,predicted_label,correct,confidence,p_class_1,p_class_2,p_class_3,p_class_4
2_trans_1853.csv,1,1,1,0.999999999999996,0.999999999999996,2.496871448385231e-72,1.1689206872697597e-22,3.9109609034713996e-15
2_trans_1106.csv,1,1,1,0.9999984596431849,0.9999984596431849,3.194015148462279e-40,1.0127942219026504e-19,1.54035681512103e-06
2_trans_1112.csv,1,1,1,1.0,1.0,9.638723946970883e-87,4.8606955563632633e-26,2.529318731129078e-18
2_trans_1674.csv,1,1,1,0.9999999999400269,0.9999999999400269,7.069016811821682e-72,4.672124554650091e-32,5.997320924314173e-11
2_trans_1890.csv,1,1,1,0.5228035763491415,0.5228035763491415,7.909501400822532e-37,0.4771897188042945,6.704846564006447e-06
2_trans_1648.csv,1,3,0,0.9991051993917207,0.0008948005786642844,7.247327552093532e-41,0.9991051993917207,2.961479322996797e-11
2_trans_33.csv,1,1,1,1.0,1.0,1.7898149048646185e-89,6.67850358535322e-36,1.1487926949736987e-17
2_trans_871.csv,1,1,1,0.9999999892091992,0.9999999892091992,6.026811627254516e-50,8.806946907370338e-25,1.0790800823142975e-08
2_trans_1462.csv,1,1,1,0.9999999942128512,0.9999999942128512,1.4410389706167246e-44,5.786115840639781e-09,1.0329942501378482e-12
2_trans_1476.csv,1,1,1,0.9999569049027479,0.9999569049027479,2.6933946776551473e-29,1.6771707639909854e-12,4.3095095574937504e-05
2_trans_2619.csv,1,1,1,0.9884447191481681,0.9884447191481681,2.9174389683721357e-27,2.641963271496841e-11,0.011555280825412363
2_trans_1338.csv,1,1,1,1.0,1.0,6.001498729207221e-83,1.0206022297607233e-20,1.0502243202970401e-18
2_trans_2631.csv,1,1,1,0.9999999999504514,0.9999999999504514,5.982861115326333e-57,1.9349850165353705e-18,4.9548591097899715e-11
2_trans_2625.csv,1,1,1,0.9999990795724619,0.9999990795724619,1.2051540745386227e-42,5.7046006490233906e-09,9.147229374444028e-07
2_trans_939.csv,4,1,0,0.9160284759213837,0.9160284759213837,2.8709121803511553e-28,1.2110752925992903e-05,0.08395941332569039
2_trans_722.csv,1,1,1,0.9999987759532417,0.9999987759532417,8.49531804678991e-44,2.865624612790431e-08,1.195390512292842e-06
2_trans_1258.csv,4,4,1,0.8497526652342077,0.15024733476528124,4.083119814917913e-23,5.110591568704202e-13,0.8497526652342077
2_trans_285.csv,1,1,1,0.9999999753430991,0.9999999753430991,4.3857655051928565e-56,5.1551572334976746e-20,2.4656900896186052e-08
2_trans_1933.csv,1,1,1,0.9992986079620529,0.9992986079620529,2.2925573606020396e-31,8.514629215435853e-06,0.0006928774087315847
2_trans_1927.csv,1,1,1,0.9999999971622562,0.9999999971622562,1.1558770979308636e-47,3.3223798739329718e-18,2.8377437775578097e-09
2_trans_1700.csv,1,1,1,0.9999999999358502,0.9999999999358502,3.9164478413643096e-53,1.026601419149498e-19,6.414980074897135e-11
2_trans_534.csv,1,1,1,0.9999999996963713,0.9999999996963713,4.425681223825167e-40,3.2124126098864755e-11,2.715046464801931e-10
2_trans_2209.csv,1,1,1,0.9999999985768318,0.9999999985768318,3.483429204322526e-52,1.9095567856870422e-16,1.4231680602428282e-09
2_trans_2221.csv,1,1,1,0.9999452047097743,0.9999452047097743,3.033709571624006e-45,6.812650496470523e-13,5.479528954440003e-05
2_trans_2547.csv,1,1,1,0.9999984794531086,0.9999984794531086,3.015670649543142e-42,3.129209571408588e-18,1.5205468914209951e-06
2_trans_2220.csv,1,4,0,0.9367894219492899,0.0631810941453756,1.4229285005718738e-16,2.948390533427656e-05,0.9367894219492899
2_trans_1729.csv,1,1,1,1.0,1.0,8.1473494540631265e-84,4.671137341428014e-41,2.6091682170811254e-17
2_trans_2546.csv,1,1,1,0.9899467284542329,0.9899467284542329,7.350382796554695e-29,0.010053260322754129,1.1223012811580652e-08
2_trans_2208.csv,1,1,1,0.9898934921823269,0.9898934921823269,1.0106893102524186e-33,2.8649193734094454e-14,0.010106507817644586
2_trans_1701.csv,1,1,1,0.9999999999994527,0.9999999999994527,1.5264705318096487e-74,7.8864586838913e-30,5.472736477434134e-13
2_trans_247.csv,1,1,1,0.9999999999999998,0.9999999999999998,6.803108603748817e-75,3.421712654912344e-25,1.1323378544781092e-16
2_trans_2591.csv,1,1,1,1.0,1.0,7.323519578679432e-89,3.5428008452415465e-25,3.2435256649522263e-23
2_trans_1926.csv,1,1,1,1.0,1.0,2.6397460276802026e-89,3.800061408058779e-25,1.9931931663448348e-20
2_trans_1932.csv,1,1,1,0.9992568728169935,0.9992568728169935,1.5844690422909906e-39,0.0007431261288126777,1.0541938458128207e-09
2_trans_1259.csv,1,1,1,0.9999999734175529,0.9999999734175529,1.3577552889192794e-41,2.1991824329675543e-17,2.658244704633078e-08
2_trans_2744.csv,1,1,1,0.999968161233503,0.999968161233503,3.274858382150217e-45,8.302830224653614e-13,3.18387656667413e-05
2_trans_1503.csv,1,1,1,1.0,1.0,4.4561913555912927e-82,1.4771859604400236e-23,3.471725651921105e-17
2_trans_2787.csv,1,1,1,0.9999999999999158,0.9999999999999158,1.761050330760314e-64,2.9405410472453152e-31,8.409135198998537e-14
2_trans_2977.csv,2,2,1,0.9033728326499205,5.193215617860831e-09,0.9033728326499205,3.8292667880715656e-07,0.09662677923018513
2_trans_938.csv,1,1,1,0.9999999999998386,0.9999999999998386,5.023141467033757e-66,4.334178150876834e-22,1.6145786183301672e-13
2_trans_2142.csv,3,3,1,0.9999826112811654,1.738866816809927e-05,3.386667342586296e-23,0.9999826112811654,5.066649014271427e-11
2_trans_119.csv,3,3,1,0.9604407057497847,0.039456980537692726,1.3926955481871753e-22,0.9604407057497847,0.00010231371252269961
2_trans_2156.csv,1,1,1,0.9999997477341792,0.9999997477341792,1.7042432983066015e-38,2.502933346139586e-07,1.9724862152186125e-09
2_trans_125.csv,1,1,1,0.999999999999841,0.999999999999841,5.996297242701807e-64,1.6941985293942192e-18,1.590939172718669e-13
2_trans_864.csv,1,1,1,0.999999999989359,0.999999999989359,1.2046723693694133e-65,5.3558932767548105e-22,1.0641124986818208e-11
2_trans_2181.csv,1,1,1,0.9999999999997273,0.9999999999997273,9.980877474012454e-70,6.921671357430872e-29,2.7269945895852625e-13
2_trans_680.csv,1,1,1,0.9949759661849661,0.9949759661849661,3.123635538133589e-16,2.2373101560754815e-05,0.005001660713473022
2_trans_1891.csv,1,1,1,0.999961743185947,0.999961743185947,9.6409150051033e-41,1.558125365975998e-05,2.2675560393097068e-05
2_trans_2432.csv,1,1,1,0.9999993242915911,0.9999993242915911,1.0927162297221898e-47,7.2980357826171195e-22,6.757084089196946e-07
2_trans_327.csv,3,3,1,0.6976551028257946,0.0003076869728972271,7.24538481818297e-17,0.6976551028257946,0.3020372102013081
2_trans_455.csv,1,1,1,0.9999973924872457,0.9999973924872457,4.817103594094323e-37,1.6349752319619303e-10,2.6073492567913193e-06
2_trans_2368.csv,1,1,1,0.9996332443561726,0.9996332443561726,1.7925401043866921e-35,0.0002689498710815383,9.780577274592278e-05
2_trans_1852.csv,1,3,0,0.9962542173740454,0.0011498566484179,7.259019294909187e-21,0.9962542173740454,0.0025959259775367037
2_trans_482.csv,1,1,1,1.0,1.0,5.842091033911608e-84,4.150659881520503e-34,5.491100667299152e-20
2_trans_496.csv,1,1,1,0.9999377042842548,0.9999377042842548,7.255032539236397e-33,1.8062748489521356e-07,6.21150882603912e-05
2_trans_1688.csv,1,1,1,0.9998878470799165,0.9998878470799165,9.22855422400401e-35,9.351110838391534e-16,0.00011215292008254138
2_trans_2395.csv,1,1,1,1.0,1.0,2.57898517647877e-85,5.503276773373337e-31,2.7203472724141542e-17
2_trans_1111.csv,4,4,1,0.8780157422269194,0.12196974531962249,2.003573110765183e-19,1.4512453458197479e-05,0.8780157422269194
2_trans_1105.csv,1,1,1,0.999999998780019,0.999999998780019,2.1031899846357275e-49,3.795626889443351e-17,1.2199810063990654e-09
2_trans_331.csv,1,1,1,0.999999996874422,0.999999996874422,1.1901014674904716e-53,4.421753542820278e-23,3.1255780551232644e-09
2_trans_1663.csv,1,1,1,0.9999999999979574,0.9999999999979574,1.656221288708609e-64,8.863959072301048e-30,2.0426439832036778e-12
2_trans_2430.csv,1,1,1,0.9999999999999616,0.9999999999999616,8.964857879061054e-63,1.4434174836505146e-26,3.830443280963073e-14
2_trans_1139.csv,3,3,1,0.9999995780148818,4.2198467285243615e-07,1.2507115031087668e-29,0.9999995780148818,4.4552080527669076e-13
2_trans_682.csv,1,1,1,0.9999993818506137,0.9999993818506137,2.5253457921188694e-35,6.964918349897718e-09,6.111844681463175e-07
2_trans_696.csv,1,1,1,0.9795940469288529,0.9795940469288529,6.2290144250122185e-18,2.232079889043048e-07,0.020405729863158167
2_trans_2815.csv,2,2,1,0.9950983711402057,2.1885688929894697e-10,0.9950983711402057,7.724158796786282e-09,0.004901620916778534
2_trans_2197.csv,1,1,1,0.9999999999999991,0.9999999999999991,7.503653797694588e-63,4.361499263994238e-16,3.6288042135925567e-16
2_trans_872.csv,1,1,1,0.9994400393137984,0.9994400393137984,6.0491452570315645e-30,0.0004750400106263516,8.492067557513051e-05
2_trans_641.csv,1,1,1,0.9999999999922753,0.9999999999922753,1.6720974622787877e-56,3.863523709128439e-15,7.720859952632789e-12
2_trans_899.csv,1,1,1,0.9999999999988021,0.9999999999988021,2.8074394285319804e-63,1.8227644364693772e-19,1.1980186493595483e-12
2_trans_1475.csv,3,3,1,0.9999999956733983,4.3157782061932535e-09,6.050918641459618e-26,0.9999999956733983,1.0823534151025227e-11
2_trans_2975.csv,4,4,1,0.9988677648962921,0.000748448581181368,0.0003778526204767248,5.9339020496958445e-06,0.9988677648962921
2_trans_2949.csv,2,2,1,0.9543063111606881,1.7513546551887847e-10,0.9543063111606881,7.258053492895486e-08,0.04569361608364146
2_trans_2785.csv,1,1,1,1.0,1.0,1.742829732217843e-85,4.361095066219014e-27,5.550780431253276e-20
2_trans_2008.csv,4,4,1,0.9127010518130537,0.08729894760317149,2.4584011245169288e-26,5.837748853974057e-10,0.9127010518130537
2_trans_1515.csv,1,1,1,0.9999999623745405,0.9999999623745405,2.3489939997494924e-38,3.760806225163123e-08,1.7397151030403937e-11
2_trans_721.csv,1,1,1,0.9999999999994631,0.9999999999994631,8.822302086293567e-73,2.242864758840306e-23,5.368248266663932e-13
2_trans_1273.csv,1,1,1,1.0,1.0,1.604183917631254e-98,4.504210021570147e-40,1.3799635898358522e-21
2_trans_2593.csv,1,1,1,0.9999997444043431,0.9999997444043431,1.4506346452014098e-61,1.4350071784258603e-30,2.555956567918758e-07
2_trans_1065.csv,1,1,1,0.9999999999939584,0.9999999999939584,8.304376449074393e-68,2.489595112517493e-34,6.041589756899081e-12
2_trans_2578.csv,1,1,1,0.9999999999999789,0.9999999999999789,6.76417624501578e-67,1.2577853549224681e-26,2.1072252006622472e-14
2_trans_2236.csv,1,1,1,0.9999796248308946,0.9999796248308946,8.845580164338597e-35,2.0375164238063105e-05,4.8673158371018906e-12
2_trans_2551.csv,1,1,1,0.9999999993668187,0.9999999993668187,2.2574987921577683e-50,3.774183986511513e-18,6.331812170503545e-10
2_trans_1716.csv,1,1,1,0.9999999999997944,0.9999999999997944,6.57087321729677e-80,3.97590304986161e-42,2.0553467007493998e-13
2_trans_522.csv,4,1,0,0.5035860890201178,0.5035860890201178,1.8801851458590177e-22,2.0737653876203387e-11,0.4964139109591445
2_trans_536.csv,1,1,1,0.9999999999602893,0.9999999999602893,5.5101952963608e-57,3.0942208216980806e-12,3.661638897177048e-11
2_trans_1064.csv,1,1,1,0.9999999999999618,0.9999999999999618,3.5378150100887786e-60,2.699715844546545e-22,3.8255323775131654e-14
2_trans_1925.csv,1,1,1,0.9991268793288233,0.9991268793288233,1.691470827380102e-24,1.33896157361525e-08,0.0008731072815610632
2_trans_2592.csv,4,4,1,0.9999997222525193,2.6472484962922485e-07,3.041927342184429e-14,1.3022600669952345e-08,0.9999997222525193
2_trans_1919.csv,1,1,1,0.9999999999988687,0.9999999999988687,8.989377145927004e-64,1.1194441612167855e-12,1.1864339897423125e-14
2_trans_293.csv,1,1,1,0.9999669019734819,0.9999669019734819,2.1061655651669358e-34,4.6106920600075507e-17,3.309802651805057e-05
2_trans_708.csv,1,1,1,0.9999999999999476,0.9999999999999476,1.4939105558877552e-67,5.839628314817419e-29,5.241138733030389e-14
2_trans_907.csv,1,1,1,0.9999999923592552,0.9999999923592552,1.5513796487745513e-50,4.224936704709263e-09,3.415808139257496e-09
2_trans_1299.csv,1,1,1,0.9999999999118645,0.9999999999118645,1.0291872127545961e-43,5.109385862984134e-13,8.762453902896894e-11
2_trans_913.csv,1,1,1,0.9999999999999993,0.9999999999999993,3.64992097154646e-73,4.759306677492087e-16,1.338710170528882e-16
2_trans_2627.csv,1,1,1,1.0,1.0,2.5617460633540352e-80,2.5526618566644555e-43,3.285685256632828e-17
2_trans_132.csv,1,1,1,1.0,1.0,2.553346656407563e-84,4.947897561962339e-29,1.7862244389702468e-17
2_trans_873.csv,3,3,1,0.9999992984110482,7.015888193559521e-07,1.0935279494361417e-31,0.9999992984110482,1.3250095133933007e-13
2_trans_683.csv,1,1,1,0.9999983013212732,0.9999983013212732,2.0638795695589786e-31,4.292111816955769e-10,1.6982495155154058e-06
2_trans_2357.csv,4,4,1,0.9931475774740307,0.006852422519745981,1.463550150535238e-20,6.2233987188954495e-12,0.9931475774740307
2_trans_2343.csv,3,3,1,0.9996777726314726,0.000322227368389464,2.7645960793123977e-41,0.9996777726314726,1.3806742710183538e-13
2_trans_318.csv,1,1,1,0.9997291374150414,0.9997291374150414,4.132194479016235e-33,0.00027074310401623784,1.1948094242155428e-07
2_trans_324.csv,1,1,1,1.0,1.0,6.172235953144468e-88,1.4220224225238286e-34,3.7907776842510737e-22
2_trans_2394.csv,1,1,1,0.9997355597907055,0.9997355597907055,4.68325621154324e-22,0.00013303596796446313,0.00013140424133002552
2_trans_1851.csv,3,3,1,0.9985040070362589,0.001495626913909183,6.878968312485252e-27,0.9985040070362589,3.660498320971625e-07
2_trans_1689.csv,1,1,1,0.8337883373118685,0.8337883373118685,2.9131642771824695e-28,0.1662114453381972,2.1734993438080947e-07
2_trans_495.csv,1,1,1,1.0,1.0,1.1360326922795668e-86,1.0886572957670357e-20,1.7498330414203108e-22
2_trans_1855.csv,1,1,1,0.9999970453265963,0.9999970453265963,8.180209716669688e-36,2.6306462001572904e-06,3.240272035027128e-07
2_trans_1699.csv,1,1,1,0.9999999995500299,0.9999999995500299,6.688055833679469e-69,9.801283505358582e-28,4.4997014084906176e-10
2_trans_1841.csv,1,1,1,1.0,1.0,1.2376637926121353e-78,8.87784655539551e-22,5.428361973859161e-17
2_trans_485.csv,1,1,1,0.9999999999999591,0.9999999999999591,3.8265503583334445e-78,4.081040728894414e-14,1.4798188985653612e-21
2_trans_491.csv,1,1,1,1.0,1.0,4.4187684519956144e-70,2.6383100302804723e-17,4.97613524419139e-17
2_trans_1128.csv,1,1,1,0.9999999754430539,0.9999999754430539,2.288331293103746e-56,8.434936786294701e-29,2.4556945996167608e-08
2_trans_1896.csv,1,1,1,0.9999999999850597,0.9999999999850597,3.722216947617457e-59,1.400935932226936e-22,1.4940175669942777e-11
2_trans_1882.csv,1,1,1,1.0,1.0,1.1799060814950275e-81,5.49112118984083e-30,3.451098236291307e-18
2_trans_2435.csv,1,1,1,0.9160803526180029,0.9160803526180029,3.7648613114924566e-25,8.178867309075378e-16,0.08391964738199627
2_trans_320.csv,1,1,1,1.0,1.0,8.425604856052404e-77,1.1145269248482622e-24,1.7952777999431364e-17
2_trans_1672.csv,4,4,1,0.997958093000343,0.0020419069996549816,3.3593401974643436e-29,1.898265786865506e-15,0.997958093000343
2_trans_446.csv,1,1,1,0.999999999424134,0.999999999424134,1.3839079212562627e-61,1.3603743651061405e-25,5.758659933344441e-10
2_trans_1100.csv,1,1,1,0.9999999999998808,0.9999999999998808,1.0459863998631382e-66,1.9742748803051403e-16,1.1904140088199626e-13
2_trans_334.csv,4,4,1,0.9953414510314675,0.004658522240652576,4.667552689529165e-13,2.6727413084237083e-08,0.9953414510314675
2_trans_877.csv,3,3,1,0.9999988437561096,2.8207436110508357e-07,5.589519291193054e-15,0.9999988437561096,8.741695237425719e-07
2_trans_2804.csv,4,4,1,0.9998738697031173,1.6048016206747217e-05,6.742976632022049e-05,4.265251435563427e-05,0.9998738697031173
2_trans_693.csv,1,1,1,0.9953332897198396,0.9953332897198396,1.8641733221767812e-23,5.4483344373727355e-06,0.004661261945723032
2_trans_1458.csv,4,4,1,0.9395719721887722,0.06042802780933417,1.2569989172511704e-14,1.880957005695589e-12,0.9395719721887722
2_trans_2179.csv,4,4,1,0.6457192827939116,1.776482368366398e-07,0.3542805395019775,5.587419544909671e-11,0.6457192827939116
2_trans_1470.csv,1,1,1,0.9999999992740085,0.9999999992740085,4.725603397922419e-62,4.70408236626933e-23,7.259915004408655e-10
2_trans_136.csv,1,1,1,0.9999999999708733,0.9999999999708733,8.773201014897603e-52,2.2727144776629804e-15,2.9124545336899166e-11
2_trans_888.csv,1,1,1,0.9996315362175501,0.9996315362175501,3.885948263930972e-35,3.847326332325315e-14,0.0003684637824115527
2_trans_1538.csv,1,1,1,1.0,1.0,1.0580328851521725e-92,2.0206892611306514e-41,1.3229418647445472e-18
2_trans_2757.csv,1,1,1,0.9970446849044742,0.9970446849044742,3.6427392131661035e-31,0.0029300582509847726,2.525684454095662e-05
2_trans_2743.csv,1,1,1,0.999999858523362,0.999999858523362,1.695579500699089e-42,3.3375462690174176e-13,1.41476304294997e-07
2_trans_730.csv,4,4,1,0.9968889923602835,0.00023944941806382168,8.17100325598558e-09,0.0028715500506492943,0.9968889923602835
2_trans_2019.csv,1,1,1,0.9999999999969638,0.9999999999969638,7.640369246693295e-76,1.8715783510829474e-34,3.0361720504804493e-12
2_trans_1921.csv,1,1,1,0.9999999999999278,0.9999999999999278,5.4709251527680396e-70,6.229007013949293e-22,7.217764540035056e-14
2_trans_2582.csv,1,1,1,0.9999999995642861,0.9999999995642861,2.02315910434084e-48,3.860012621419383e-13,4.3532805789059475e-10
2_trans_2233.csv,1,1,1,0.9999999999452844,0.9999999999452844,7.62075225858522e-58,3.2103160045931017e-13,5.4394521393321064e-11
2_trans_1048.csv,1,1,1,0.999983723014968,0.999983723014968,1.1579074023387887e-37,4.222695981408042e-11,1.627694280509943e-05
2_trans_1706.csv,1,1,1,1.0,1.0,1.0724366516472528e-112,2.0447192501585789e-41,3.6085518240244974e-26
2_trans_1074.csv,1,1,1,1.0,1.0,6.70868159026999e-80,1.0158113874194519e-26,4.1670535107959287e-20
2_trans_527.csv,1,1,1,0.9999999999983622,0.9999999999983622,1.5514068270680236e-57,6.208754623405307e-26,1.6377187825613045e-12
2_trans_241.csv,1,1,1,0.9999970440022388,0.9999970440022388,6.0138581783998905e-34,7.65075903037647e-14,2.9559976844884058e-06
2_trans_1061.csv,1,1,1,0.9999981062985398,0.9999981062985398,2.3129547259078767e-50,1.8937012723418141e-06,1.8783682073500748e-13
2_trans_255.csv,2,2,1,0.9998068910331225,3.98843926386165e-12,0.9998068910331225,1.2533541831161685e-14,0.00019310896287653474
2_trans_533.csv,4,4,1,0.9924489115758125,0.007551079200539911,3.6003200126603623e-19,9.223647592897806e-09,0.9924489115758125
2_trans_2226.csv,1,1,1,0.9999224704832418,0.9999224704832418,5.789820425894846e-39,6.5931302230521e-15,7.752951675152324e-05
2_trans_1049.csv,1,1,1,0.9999999999679272,0.9999999999679272,7.431966967473097e-73,1.7933790711937302e-34,3.2072841814538886e-11
2_trans_2540.csv,1,1,1,0.9999999999999996,0.9999999999999996,9.835807694775493e-75,3.1443077331071154e-20,3.5956562712005357e-16
2_trans_269.csv,1,1,1,1.0,1.0,8.359736055574798e-64,8.65748519698664e-17,2.339770953312793e-17
2_trans_2232.csv,1,1,1,0.9816572418239317,0.9816572418239317,1.573251103266402e-14,1.9755663904302258e-05,0.018323002512148304
2_trans_1934.csv,1,1,1,0.9856366507179611,0.9856366507179611,7.753590181581763e-33,4.159826523683092e-17,0.014363349282038994
2_trans_2018.csv,4,4,1,0.9999836451633087,1.3859993998142885e-06,1.4942925664788434e-05,2.5911626680257908e-08,0.9999836451633087
2_trans_731.csv,1,1,1,0.9976667531024439,0.9976667531024439,1.9593598371650564e-27,0.002136695112742578,0.00019655178481357046
2_trans_9.csv,1,1,1,0.9948385280016699,0.9948385280016699,3.912255717786903e-20,0.000355481418817557,0.004805990579512517
2_trans_719.csv,1,1,1,0.9999502243318239,0.9999502243318239,2.5178066687028118e-43,4.366703640267768e-21,4.977566817617139e-05
2_trans_2030.csv,3,3,1,0.9974239043426674,0.0025712384846754703,3.753856982125742e-17,0.9974239043426674,4.857172657142297e-06
2_trans_1539.csv,1,1,1,0.9999999999999993,0.9999999999999993,3.896788712373086e-63,1.1103777180862565e-22,7.379514218905816e-16
2_trans_2756.csv,1,1,1,1.0,1.0,4.443922191805106e-79,2.18419611240188e-21,7.712218939729695e-22
2_trans_2965.csv,4,2,0,0.9853911845720926,1.326189066014495e-05,0.9853911845720926,0.005285450377496661,0.00931010315975054
2_trans_916.csv,1,1,1,0.9999999999445071,0.9999999999445071,2.972362060958256e-61,2.3393798289588888e-32,5.5492931501746524e-11
2_trans_1459.csv,1,1,1,0.9999999999999998,0.9999999999999998,5.974537710137414e-73,6.262557846124025e-20,1.5492156093845078e-16
2_trans_2150.csv,1,1,1,0.9999999999999583,0.9999999999999583,8.209518714394063e-56,1.3124578308716416e-18,4.1677270412979095e-14
2_trans_2805.csv,2,2,1,0.9999508146441426,1.7057043356143598e-11,0.9999508146441426,2.0316349838203868e-12,4.918533676874087e-05
2_trans_876.csv,1,1,1,1.0,1.0,1.336792734722676e-83,1.5832243398237457e-34,3.2396140311694364e-18
2_trans_335.csv,1,1,1,0.9418474691090482,0.9418474691090482,6.850151378415534e-26,1.7742155612151807e-12,0.058152530889177566
2_trans_1115.csv,1,1,1,0.9999999999999651,0.9999999999999651,1.7026192927505829e-59,1.4809372109923843e-14,1.9885822122811815e-14
2_trans_447.csv,1,1,1,1.0,1.0,6.954417433993882e-84,5.651946242291873e-34,2.4128149553779782e-17
2_trans_2352.csv,1,1,1,0.999989785075312,0.999989785075312,2.860187169128168e-50,1.1152585151264376e-23,1.0214924688095223e-05
2_trans_309.csv,4,4,1,0.666283707777207,0.00044314602753118984,6.839249143757466e-18,0.3332731461952618,0.666283707777207
2_trans_1129.csv,1,1,1,0.9999999998094926,0.9999999998094926,4.861883593719577e-68,7.966042507914408e-40,1.9050749346588153e-10
2_trans_2346.csv,1,1,1,0.9999999999972855,0.9999999999972855,1.8307980275485368e-66,7.58609212600104e-26,2.7145929618036914e-12
2_trans_1868.csv,1,1,1,0.9999999994822362,0.9999999994822362,2.916151611647236e-43,4.4352946704508336e-10,7.423439634687371e-11
2_trans_2385.csv,1,1,1,0.9999999968901336,0.9999999968901336,1.829447229359661e-39,4.609385045647712e-15,3.1098617838206694e-09
2_trans_1854.csv,1,1,1,0.9999999516194996,0.9999999516194996,1.4628216653967986e-46,1.5232842099727586e-18,4.8380500365528996e-08
2_trans_1842.csv,1,1,1,0.9999902308663299,0.9999902308663299,3.2992949010115293e-38,5.529474336454535e-14,9.769133614712772e-06
2_trans_1856.csv,1,1,1,1.0,1.0,2.9504869666638545e-76,2.117244021654541e-25,1.0273332761171647e-16
2_trans_2387.csv,4,4,1,0.995567829179601,0.004432170820398917,8.523369096649643e-33,1.2315107923326536e-19,0.995567829179601
2_trans_486.csv,3,1,0,0.626688283447472,0.626688283447472,8.202615115127472e-28,0.37331076873301994,9.478195080922281e-07
2_trans_1881.csv,1,1,1,0.9999999998828877,0.9999999998828877,2.5653059131803405e-52,1.8165920277117397e-19,1.1711237258920954e-10
2_trans_2344.csv,1,1,1,0.9999999980298706,0.9999999980298706,3.4063439103261244e-65,8.076932365121718e-30,1.970129394519787e-09
2_trans_1665.csv,1,1,1,0.9999992656262573,0.9999992656262573,2.0988852456903669e-50,1.9288690305078933e-17,7.343737426790497e-07
2_trans_323.csv,1,1,1,0.9999892774457496,0.9999892774457496,3.127553925291984e-28,1.0658978411713336e-05,6.357583853561043e-08
2_trans_2185.csv,1,1,1,0.9999999999999976,0.9999999999999976,6.751433593471475e-68,5.91187169520811e-19,2.4207774107895487e-15
2_trans_684.csv,1,1,1,0.9999699409505556,0.9999699409505556,1.02716992767262e-40,6.375228765014142e-19,3.0059049444505427e-05
2_trans_2152.csv,1,1,1,0.9999999999862728,0.9999999999862728,1.7913009693234834e-55,8.24977703738224e-14,1.3644666777315843e-11
2_trans_2634.csv,1,1,1,0.9999999989041208,0.9999999989041208,1.1360684337946864e-46,1.7748518292817127e-13,1.0957018107777424e-09
2_trans_2620.csv,1,1,1,0.8874869071357999,0.8874869071357999,9.047354934421313e-28,2.0734058044444076e-09,0.11251309079079429
2_trans_2146.csv,1,1,1,0.9755030075427865,0.9755030075427865,2.0362908766739048e-25,3.552364644515621e-06,0.024493440092568985
2_trans_1467.csv,1,1,1,0.9999999999999951,0.9999999999999951,8.081397219887277e-82,3.026404274668477e-25,4.872351966895147e-15
2_trans_2608.csv,1,1,1,1.0,1.0,3.100812035366456e-78,2.278363378186405e-45,3.836657721245507e-17
2_trans_900.csv,1,1,1,0.9999999871498452,0.9999999871498452,7.387484627895601e-48,5.222660512280137e-27,1.2850154762188344e-08
2_trans_2797.csv,1,1,1,0.9999975326340013,0.9999975326340013,1.4383376401478262e-50,2.4888466760741322e-21,2.4673659988462083e-06
2_trans_2967.csv,2,4,0,0.8212320735838702,7.696147867882057e-08,0.1787519260672985,1.592338735268075e-05,0.8212320735838702
2_trans_1513.csv,1,1,1,0.9999999999999059,0.9999999999999059,4.7956550508462506e-68,6.758450534227914e-28,9.40489722791839e-14
2_trans_2768.csv,1,1,1,0.9999999999974836,0.9999999999974836,1.0386568642113305e-59,3.467386086536672e-18,2.5164687429444714e-12
2_trans_733.csv,1,1,1,1.0,1.0,6.235116647624121e-79,3.897866165897428e-22,1.2919783716297074e-18
2_trans_2595.csv,1,1,1,0.9999999881192801,0.9999999881192801,5.683435844739719e-52,9.689818852425345e-24,1.1880719738240861e-08
2_trans_294.csv,1,1,1,1.0,1.0,9.661284555672937e-83,6.001196086113198e-30,3.61376762847183e-21
2_trans_519.csv,1,1,1,0.9999999584856569,0.9999999584856569,1.3149621635198493e-57,7.72687086960486e-22,4.151434323813106e-08
2_trans_2556.csv,1,1,1,0.9999971316653733,0.9999971316653733,7.283025606187949e-26,2.633465504278306e-06,2.3486912245298528e-07
2_trans_1077.csv,1,1,1,0.9998850934980708,0.9998850934980708,3.3038273599114805e-33,1.3543818391570233e-11,0.00011490648838543898
2_trans_243.csv,1,1,1,1.0,1.0,1.179145524344355e-72,3.923903035317746e-23,3.895177464356081e-17
2_trans_2218.csv,1,1,1,0.9999983796341821,0.9999983796341821,8.549729432005779e-38,5.934884513075829e-15,1.6203658117331455e-06
2_trans_1711.csv,1,1,1,0.9999999984288805,0.9999999984288805,1.5695850065833277e-45,2.8254924698699414e-18,1.571119406285621e-09
2_trans_1063.csv,1,1,1,1.0,1.0,1.574500727513771e-93,1.3886225335981192e-41,4.3565344767999056e-20
2_trans_1076.csv,1,1,1,1.0,1.0,5.3332611364583275e-76,2.1618251743840137e-28,5.7520127024865805e-18
2_trans_2231.csv,1,1,1,0.9999999893731476,0.9999999893731476,2.512787972165081e-49,8.114075532766333e-20,1.0626852478670121e-08
2_trans_295.csv,4,4,1,0.7339110879476757,0.26608890935426843,3.59558810382196e-23,2.698055891673506e-09,0.7339110879476757
2_trans_2594.csv,3,3,1,0.9052298606246244,0.0003207972740931662,2.1791257384060264e-09,0.9052298606246244,0.09444933992215669
2_trans_1937.csv,1,1,1,1.0,1.0,1.4496070046877743e-83,5.6737705159104226e-24,3.4271368341485133e-18
2_trans_1260.csv,1,1,1,0.9995143181358237,0.9995143181358237,2.1058121352325956e-32,2.9854219547899404e-06,0.00048269644222165964
2_trans_1506.csv,1,1,1,0.9999999515169319,0.9999999515169319,7.773885133867522e-66,7.19797330664477e-33,4.84830681004048e-08
2_trans_2755.csv,1,1,1,0.9999999895215824,0.9999999895215824,6.4260885433688265e-62,1.0169241852735229e-19,1.0478417672914441e-08
2_trans_2027.csv,1,1,1,0.9999999735458298,0.9999999735458298,1.9069225500400858e-44,1.2825375745694362e-11,2.6441344755678735e-08
2_trans_2966.csv,2,2,1,0.9996968748234871,1.0685486405755723e-11,0.9996968748234871,1.4955856638991338e-11,0.00030312515087140804
2_trans_2796.csv,1,1,1,0.9476138724814943,0.9476138724814943,7.276425606536374e-16,2.037569755256865e-05,0.05236575182095243
2_trans_120.csv,1,1,1,1.0,1.0,2.731406327699517e-91,5.467145440662768e-31,9.801483524711633e-22
2_trans_134.csv,1,1,1,0.9999999999999887,0.9999999999999887,9.659010250672366e-71,2.037504154343956e-33,1.1280494848187789e-14
2_trans_2621.csv,1,1,1,0.9999999927252019,0.9999999927252019,3.407257796882973e-53,5.704685702002973e-13,7.274227542075419e-09
2_trans_2806.csv,2,2,1,0.9999110183218971,4.882262790886742e-13,0.9999110183218971,1.0968604766626054e-13,8.8981677505118e-05
2_trans_23.csv,4,4,1,0.9847810976351876,0.009276885486782948,8.64158685532173e-24,0.005942016878029325,0.9847810976351876
2_trans_1116.csv,1,1,1,0.998683237990096,0.998683237990096,1.2461955374725296e-21,2.2706120288454383e-06,0.001314491397875091
2_trans_2437.csv,1,1,1,0.9999999999993978,0.9999999999993978,1.4440134543821877e-58,1.8719331595336802e-23,6.022420515950767e-13
2_trans_2351.csv,1,1,1,0.9999968258825953,0.9999968258825953,3.043132621016882e-33,2.2105779419681173e-08,3.152011625216068e-06
2_trans_493.csv,4,4,1,0.9954128127478252,0.00458718723622209,1.966141782399705e-18,1.5952667408815505e-11,0.9954128127478252
2_trans_1857.csv,1,1,1,0.9999999970690745,0.9999999970690745,1.5569435867101119e-53,4.9529804438740316e-21,2.9309253965147002e-09
2_trans_1603.csv,1,1,1,0.9913895137944488,0.9913895137944488,1.2710176391527752e-27,4.796839166283287e-07,0.008610006521634562
2_trans_1617.csv,1,1,1,0.9814600710426367,0.9814600710426367,2.242875926224273e-24,9.36099392839735e-07,0.01853899285797062
2_trans_1171.csv,1,1,1,0.9999999992462687,0.9999999992462687,1.9210011450161875e-62,1.100359974552875e-25,7.537312283984196e-10
2_trans_1159.csv,4,1,0,0.5617674878590612,0.5617674878590612,3.748337080338087e-20,1.1610899038434823e-07,0.4382323960319484
2_trans_2450.csv,1,1,1,0.9999999999180587,0.9999999999180587,8.609526299388961e-60,8.194089804553082e-11,4.1028529860488974e-16
2_trans_2444.csv,1,1,1,0.999564811899753,0.999564811899753,6.059139512985454e-29,0.00022516732135508062,0.00021002077889200574
2_trans_190.csv,1,1,1,1.0,1.0,1.6698668739582642e-71,5.629152823622458e-23,9.339905648982429e-17
2_trans_2875.csv,4,4,1,0.9995505120490726,3.051385238350452e-07,0.00044914283236606554,3.998003743955894e-08,0.9995505120490726
2_trans_50.csv,4,4,1,0.8050608615676991,0.19490126892200668,3.1265794236020064e-18,3.7869510294172206e-05,0.8050608615676991
2_trans_2691.csv,1,1,1,0.9999999997755029,0.9999999997755029,3.5623491291671603e-48,2.9650813018712496e-13,2.2420067985955912e-10
2_trans_2685.csv,1,1,1,0.9999978494301387,0.9999978494301387,8.908171472147854e-43,9.63657908069353e-10,2.1496062033408307e-06
2_trans_635.csv,1,1,1,0.7379183479962996,0.7379183479962996,3.090432858355488e-17,0.0001467944753948449,0.26193485752830536
2_trans_147.csv,1,1,1,0.9999999999999991,0.9999999999999991,6.159130994972204e-77,5.724804545370429e-29,8.176200979577865e-16
2_trans_1429.csv,1,1,1,0.9999999510705493,0.9999999510705493,1.3996073057513747e-35,3.4821250417739255e-15,4.892944730629723e-08
2_trans_2901.csv,2,4,0,0.6566215115202212,5.110462612859801e-10,0.34337833592259764,1.520461349412754e-07,0.6566215115202212
2_trans_966.csv,1,1,1,1.0,1.0,6.001112517789789e-88,2.4670888123236013e-18,1.0308339158850147e-23
2_trans_2929.csv,2,2,1,0.9983648511352595,2.7743831278405982e-14,0.9983648511352595,4.4039701049920506e-13,0.0016351488642723307
2_trans_2097.csv,1,1,1,0.9998552909347429,0.9998552909347429,4.299565920028503e-44,0.00014470797752012175,1.0877371008912155e-09
2_trans_999.csv,1,1,1,0.9999974406231448,0.9999974406231448,1.8284720550857444e-38,7.114289447742243e-13,2.5593761437122704e-06
2_trans_2726.csv,1,1,1,0.9999999999999996,0.9999999999999996,4.531630353621608e-65,1.3657219062886773e-16,1.2068492196593653e-16
2_trans_2054.csv,1,1,1,0.9999999999999791,0.9999999999999791,2.4080121387372657e-67,1.6881958258865841e-21,2.0929326600947066e-14
2_trans_1944.csv,3,4,0,0.6612452403411265,0.05125803544860603,0.000638332719887994,0.2868583914903794,0.6612452403411265
2_trans_2518.csv,1,1,1,0.9999999997873177,0.9999999997873177,3.764144010358825e-60,9.147993716884789e-28,2.1268234167998712e-10
2_trans_1011.csv,4,4,1,0.9935773128618007,0.006422687138199354,9.174078847269486e-29,9.956502336600397e-20,0.9935773128618007
2_trans_1005.csv,1,1,1,0.6971089254595891,0.6971089254595891,3.122315991114127e-23,3.6951010488981e-07,0.3028907050303059
2_trans_1993.csv,1,1,1,0.9999999999971168,0.9999999999971168,3.0267299140110194e-53,4.02068098653631e-14,2.8429814538519177e-12
2_trans_218.csv,1,1,1,0.9999961721678475,0.9999961721678475,6.1667564361048e-37,6.379989423205438e-13,3.827831514468154e-06
2_trans_1992.csv,1,1,1,0.9999999999995022,0.9999999999995022,7.417043740450622e-55,3.954831893797121e-13,1.023429946900966e-13
2_trans_2243.csv,1,1,1,0.9999999999924165,0.9999999999924165,4.9875844533041205e-57,2.9416488416422256e-27,7.583498059333558e-12
2_trans_1762.csv,1,1,1,0.9999999289867562,0.9999999289867562,1.5818554773610565e-47,1.246466443998391e-11,7.100077902928011e-08
2_trans_1004.csv,3,3,1,0.9962956629452665,0.003703988311801925,5.213390661476242e-29,0.9962956629452665,3.487429316050836e-07
2_trans_1951.csv,1,1,1,0.9999999999316183,0.9999999999316183,1.4744108874839784e-52,3.612240986008981e-26,6.838181747634857e-11
2_trans_2055.csv,1,1,1,1.0,1.0,1.2752375681503345e-81,1.0310578017929992e-20,1.5371414545771935e-20
2_trans_2041.csv,1,1,1,0.9999999235904834,0.9999999235904834,7.170122865835344e-44,2.1897702243152902e-16,7.640951634759671e-08
2_trans_1206.csv,1,1,1,0.5585963608462355,0.5585963608462355,5.458016768066553e-25,0.03701620254119537,0.40438743661256915
2_trans_754.csv,1,1,1,0.9999999999993425,0.9999999999993425,1.341861275574581e-53,1.3434374720425822e-15,6.561370721707853e-13
2_trans_2069.csv,1,1,1,1.0,1.0,5.381961669865264e-82,2.528072886234259e-29,8.136773915452716e-18
2_trans_740.csv,1,1,1,0.9997975285997845,0.9997975285997845,3.4093086070786675e-34,0.00020070036765645162,1.7710325589126636e-06
2_trans_998.csv,4,4,1,0.999742484435928,0.0002575154980794663,7.359844464080336e-19,6.599255541649006e-11,0.999742484435928
2_trans_973.csv,1,1,1,0.999999605259386,0.999999605259386,5.035614450682902e-44,6.621013199412579e-12,3.947339930210384e-07
2_trans_2082.csv,1,1,1,1.0,1.0,2.277484588816491e-66,6.816924034467516e-19,2.3938327435889753e-18
2_trans_967.csv,1,1,1,0.9999999995730549,0.9999999995730549,2.8142480025982976e-47,5.26658166906856e-13,4.264185087228675e-10
2_trans_783.csv,3,3,1,0.9996005731366263,0.0003991779971435665,3.470923170454628e-24,0.9996005731366263,2.488662301669409e-07
2_trans_2121.csv,1,1,1,1.0,1.0,2.6468386480361376e-66,4.3028241282057146e-17,8.559553296255176e-17
2_trans_2135.csv,1,1,1,1.0,1.0,3.3323753639561767e-99,1.3537104620797986e-37,3.753104156100586e-26
2_trans_608.csv,1,1,1,1.0,1.0,3.815609872485225e-88,1.7051146837413012e-37,2.3257740299713343e-19
2_trans_620.csv,1,1,1,1.0,1.0,1.2787502310289065e-76,1.9456932419018302e-24,1.4032142941391853e-19
2_trans_79.csv,1,1,1,0.9998465186418742,0.9998465186418742,1.0334630300621466e-28,4.370241835505112e-12,0.00015348135375547206
2_trans_2848.csv,2,2,1,0.9803459093569972,9.561162434629799e-10,0.9803459093569972,2.697557585267973e-08,0.01965406271131089
2_trans_51.csv,4,4,1,0.9993444470392362,0.0006555529491276807,1.0272154316435014e-12,1.0608840225317666e-11,0.9993444470392362
2_trans_45.csv,1,1,1,1.0,1.0,5.978472944983526e-83,1.9219953631792183e-25,6.2190192010435615e-21
2_trans_2445.csv,1,1,1,0.9999999999999949,0.9999999999999949,1.1357240730736396e-61,2.5043788686354263e-24,5.052453700945551e-15
2_trans_378.csv,1,1,1,0.9999962030252821,0.9999962030252821,3.754212710873202e-52,2.8742397842207557e-16,3.7969747176122467e-06
2_trans_1158.csv,1,1,1,0.9999999999935176,0.9999999999935176,4.557167368765343e-64,5.532409293848395e-19,6.4824102301403065e-12
2_trans_344.csv,1,1,1,0.9999976294634638,0.9999976294634638,1.397700668119154e-41,1.0440040327720415e-19,2.3705365362012533e-06
2_trans_1170.csv,1,1,1,0.9998582955942429,0.9998582955942429,3.340341717631034e-28,0.00012448323349310158,1.7221172264104657e-05
2_trans_1825.csv,4,4,1,0.9999988844864007,1.040888004310053e-06,2.0019952078739363e-08,5.4605642930417634e-08,0.9999988844864007
2_trans_387.csv,1,1,1,0.9999999998963303,0.9999999998963303,9.971797568233532e-58,1.2785601294270266e-21,1.0366984003629167e-10
2_trans_385.csv,1,1,1,0.9999999999999993,0.9999999999999993,3.3520059619324256e-71,1.3966729003623228e-26,7.677070687469062e-16
2_trans_1833.csv,1,1,1,0.9999999999992812,0.9999999999992812,1.3806962092069703e-60,1.5719380263737932e-14,7.030398634392461e-13
2_trans_1199.csv,1,1,1,1.0,1.0,7.267007987941394e-94,1.5391289184871672e-35,2.3643278073724155e-19
2_trans_346.csv,1,1,1,0.9999999999986484,0.9999999999986484,8.952946641621544e-63,8.07996169243241e-22,1.3514937973253792e-12
2_trans_420.csv,1,1,1,0.999999970256489,0.999999970256489,2.5724635670011722e-58,1.3034329336640544e-24,2.974351106977692e-08
2_trans_2309.csv,1,1,1,1.0,1.0,2.400368392379842e-82,2.13383132387722e-20,1.9947864332509587e-17
2_trans_805.csv,1,1,1,0.9999966769206114,0.9999966769206114,3.2080576400035562e-40,1.0563105050361214e-08,3.3125162835164478e-06
2_trans_2679.csv,1,1,1,0.9999999997773281,0.9999999997773281,1.8817621268597775e-60,1.9908788200380845e-31,2.2267182944371639e-10
2_trans_144.csv,1,1,1,0.9999999999941687,0.9999999999941687,9.225918121385496e-65,1.092206080557545e-28,5.831349804219525e-12
2_trans_1370.csv,1,1,1,0.9999935892992364,0.9999935892992364,9.774874894864326e-33,2.444730646517876e-14,6.4107007391304224e-06
2_trans_150.csv,1,1,1,0.9999999999978728,0.9999999999978728,5.6817422060590745e-50,1.5426959146982001e-18,2.1272383192512595e-12
2_trans_636.csv,1,1,1,0.9999999999999638,0.9999999999999638,4.980970143910053e-71,1.265597511459911e-16,3.595136670874682e-14
2_trans_2645.csv,1,1,1,0.9999999975717453,0.9999999975717453,1.0155981267125117e-54,2.0749758091704066e-17,2.4282545984088283e-09
2_trans_178.csv,1,1,1,0.9999999991322897,0.9999999991322897,3.7786491340457415e-45,3.4705082120599587e-19,8.677103102233864e-10
2_trans_795.csv,1,1,1,0.9999999964134143,0.9999999964134143,1.3201988916598882e-35,5.207397729506988e-14,3.586533540670888e-09
2_trans_2080.csv,1,1,1,0.9999999993623925,0.9999999993623925,3.5557460303124864e-61,6.369328245050024e-10,6.748628356759743e-13
2_trans_1562.csv,4,4,1,0.8984272980398322,0.10157270196016786,6.988210184667544e-25,2.316799510183972e-20,0.8984272980398322
2_trans_1576.csv,1,1,1,0.999999999911195,0.999999999911195,6.789453506905542e-60,5.6684720622471176e-21,8.880491362094611e-11
2_trans_2731.csv,1,1,1,1.0,1.0,1.2921709573108258e-89,8.1825512854016445e-25,4.0680808381912065e-21
2_trans_232.csv,1,1,1,0.9999999999989833,0.9999999999989833,3.227879019496372e-61,1.0117489123430542e-12,4.8891066745610976e-15
2_trans_1990.csv,4,4,1,0.9998757890722648,0.0001240855222515857,3.532082701456295e-19,1.2540548363216722e-07,0.9998757890722648
2_trans_1991.csv,1,1,1,0.9616510420192608,0.9616510420192608,4.666990995089106e-30,0.03834202840701098,6.929573728169605e-06
2_trans_2526.csv,1,1,1,0.9999999999902083,0.9999999999902083,1.386593123404837e-54,5.3076253694482426e-18,9.791667257751088e-12
2_trans_2532.csv,3,4,0,0.997268397910336,8.209189683943982e-08,2.4554505837376916e-07,0.0027312744527089577,0.997268397910336
2_trans_2254.csv,1,1,1,0.9999999999998759,0.9999999999998759,1.970443463921815e-61,1.1076220213552909e-36,1.2415671471587584e-13
2_trans_227.csv,1,1,1,0.7652607391636513,0.7652607391636513,4.733602772854293e-23,0.0015093838141935823,0.23322987702215517
2_trans_1007.csv,1,1,1,0.9999997821022821,0.9999997821022821,5.5954637127206486e-36,5.986461701354905e-16,2.1789771731579693e-07
2_trans_1761.csv,1,1,1,0.9999999999999984,0.9999999999999984,1.3952525850157564e-55,1.7161058155524279e-16,1.2426338630554032e-15
2_trans_596.csv,1,1,1,0.9999995502433767,0.9999995502433767,3.466787714300923e-42,1.1256743507121632e-11,4.49745366520422e-07
2_trans_757.csv,1,1,1,0.9999999980752325,0.9999999980752325,2.1668488585842566e-37,4.603003630652126e-16,1.924766992901428e-09
2_trans_1205.csv,1,1,1,0.9999999999999356,0.9999999999999356,1.5863957501048634e-53,3.0122521341620314e-22,6.439167811389519e-14
2_trans_1588.csv,1,1,1,0.9999999942810767,0.9999999942810767,7.326887890767191e-49,5.657244971546746e-09,6.167839522630567e-11
2_trans_780.csv,1,1,1,0.999999780120083,0.999999780120083,2.845876392056895e-40,1.950060735092805e-10,2.196849110005477e-07
2_trans_2917.csv,2,2,1,0.9996568633354561,8.683346211883598e-11,0.9996568633354561,2.063727127675533e-11,0.0003431365570731421
2_trans_2650.csv,1,1,1,0.9616620283841427,0.9616620283841427,1.2053432921528288e-39,0.038337820111730946,1.5150412651070527e-07
2_trans_2136.csv,1,1,1,1.0,1.0,3.6275430401408667e-67,6.00439652794995e-19,3.666256541879656e-17
2_trans_179.csv,3,3,1,0.9838599367182491,0.016136749329545185,3.885650840523602e-23,0.9838599367182491,3.3139522058225542e-06
2_trans_1403.csv,1,1,1,0.9999999997985844,0.9999999997985844,6.34985304800274e-50,5.960313248213889e-19,2.0141564844999084e-10
2_trans_91.csv,1,1,1,1.0,1.0,2.4449599657180697e-80,8.532020244924459e-21,8.75785460469497e-18
2_trans_145.csv,1,1,1,1.0,1.0,9.718949823284516e-89,2.1051780542587955e-24,3.3121130452857223e-21
2_trans_2693.csv,1,1,1,0.999999999406793,0.999999999406793,4.761710243460508e-61,1.0495335567684885e-30,5.932069718754105e-10
2_trans_804.csv,1,1,1,0.999999999999929,0.999999999999929,1.2933154347699437e-55,5.753924808679295e-17,7.111260065182292e-14
2_trans_2687.csv,1,1,1,0.9999999997288012,0.9999999997288012,1.899201110028811e-61,1.0983926931326339e-19,2.71198943589138e-10
2_trans_192.csv,1,1,1,0.987279598342812,0.987279598342812,3.768569517848612e-28,2.3534908563025293e-07,0.012720166308102491
2_trans_435.csv,1,1,1,1.0,1.0,1.0488363045386097e-80,2.0807024210230993e-24,1.0656157677279941e-17
2_trans_2308.csv,1,1,1,1.0,1.0,1.1214481362973377e-76,3.0496828332606364e-21,2.325646975280018e-19
2_trans_353.csv,1,1,1,0.999999998963752,0.999999998963752,8.565990477716559e-44,9.503819815428923e-19,1.0362479674664135e-09
2_trans_347.csv,1,1,1,1.0,1.0,3.6503867682325016e-69,5.2919444474120484e-20,6.446779329937364e-17
2_trans_1826.csv,1,1,1,0.9999999999679663,0.9999999999679663,9.345165764615562e-65,3.203122551646109e-11,2.3348129188963055e-15
2_trans_1832.csv,1,1,1,0.9999999999999178,0.9999999999999178,4.329020354203235e-58,2.428103366481455e-25,8.211952126188978e-14
2_trans_2481.csv,1,1,1,0.9999999530693762,0.9999999530693762,2.7631991328418546e-51,4.6664339413685616e-08,2.66284492979745e-10
2_trans_394.csv,1,1,1,0.9999999999999714,0.9999999999999714,4.892264484037989e-65,2.872165597646501e-14,1.3920307840533106e-17
2_trans_2442.csv,1,1,1,0.9999995254133142,0.9999995254133142,5.052675885732905e-32,4.719958235750918e-07,2.5908621855079067e-09
2_trans_2318.csv,1,1,1,0.9999998657061377,0.9999998657061377,2.214161217027897e-36,7.01464622405977e-08,6.414739980239789e-08
2_trans_357.csv,1,1,1,0.999999999999998,0.999999999999998,1.4293830605865748e-71,3.94274349641515e-17,1.902195199590632e-15
2_trans_1163.csv,1,1,1,0.9999999999999862,0.9999999999999862,2.5987233633047976e-69,4.335233117384386e-19,1.3863119550114597e-14
2_trans_182.csv,1,1,1,1.0,1.0,7.173780750532435e-88,2.999675843474626e-45,1.1675098386957101e-20
2_trans_196.csv,1,1,1,0.9999402244880597,0.9999402244880597,2.8933504473379633e-49,5.977551087863486e-05,1.0614393241759665e-12
2_trans_2640.csv,1,1,1,1.0,1.0,1.4637286399664905e-79,2.2421862721485265e-17,1.7462049245340213e-23
2_trans_2126.csv,1,1,1,0.9999997725133414,0.9999997725133414,6.701463955354825e-39,1.0290478969177048e-10,2.2738375392932053e-07
2_trans_141.csv,4,4,1,0.994292518242934,0.005707481668507513,8.582314710597076e-20,8.855859074597914e-11,0.994292518242934
2_trans_1407.csv,4,4,1,0.3979591838734538,0.2100387013710922,1.320319878923679e-25,0.39200211475545405,0.3979591838734538
2_trans_81.csv,4,4,1,0.999979317837699,2.062353661637131e-05,4.910669747775467e-08,9.51898715187649e-09,0.999979317837699
2_trans_155.csv,3,3,1,0.9999999265720422,7.342795592692215e-08,3.812121949166411e-36,0.9999999265720422,1.957022823087636e-15
2_trans_2091.csv,1,1,1,0.9999992725041499,0.9999992725041499,7.795559492552101e-41,1.2814782926007474e-15,7.274958487231486e-07
2_trans_974.csv,1,1,1,0.9999999999999984,0.9999999999999984,1.1678967877422876e-68,3.0288405584107504e-19,1.580791655608797e-15
2_trans_2085.csv,1,1,1,0.9999999999998355,0.9999999999998355,6.670989914569606e-63,1.5633124739000292e-20,1.646341220360591e-13
2_trans_2913.csv,4,4,1,0.9806672181868558,0.0012311628472390901,0.018100985584468942,6.333814360644127e-07,0.9806672181868558
2_trans_948.csv,1,1,1,0.9997753962158802,0.9997753962158802,9.617052776198563e-34,0.0002238565047406982,7.472793790526207e-07
2_trans_784.csv,1,1,1,0.9999999999999907,0.9999999999999907,2.8508030220202464e-64,1.8003392939418562e-20,9.376169497983265e-15
2_trans_2734.csv,4,4,1,0.9999899461150956,1.0053884865672527e-05,2.2021831962631636e-18,3.856649993474603e-14,0.9999899461150956
2_trans_2708.csv,1,1,1,0.9839024464571834,0.9839024464571834,5.5522433105478714e-33,2.4757539004219797e-12,0.016097553540340856
2_trans_1215.csv,1,1,1,0.9999999999999953,0.9999999999999953,1.6163221208090866e-74,4.468447199098804e-22,4.5879788863865834e-15
2_trans_2293.csv,1,1,1,1.0,1.0,5.870663783018508e-72,3.2686405186017625e-22,1.4913867252357887e-18
2_trans_1956.csv,1,1,1,0.9999999652188362,0.9999999652188362,4.10536430585277e-34,1.2659492429899042e-16,3.478116373077672e-08
2_trans_586.csv,1,1,1,1.0,1.0,1.0849351888293817e-91,5.326813847579035e-29,2.3702775182033287e-23
2_trans_2522.csv,4,4,1,0.9999510509614021,4.894902893865564e-05,3.1465281393886646e-22,9.659179165599558e-12,0.9999510509614021
2_trans_1995.csv,1,1,1,0.9999999945493758,0.9999999945493758,4.9640668720768335e-39,5.4419044686068656e-09,8.719677288680144e-12
2_trans_1003.csv,1,1,1,1.0,1.0,1.914528639983652e-79,2.0090529816702365e-32,1.2305991812236032e-20
2_trans_1771.csv,1,1,1,0.9999991182572113,0.9999991182572113,5.258062295498066e-48,9.683857171115347e-22,8.817427887437942e-07
2_trans_2278.csv,4,4,1,0.9996743052720188,0.00032561775553361695,7.325893917612042e-10,7.623985815414118e-08,0.9996743052720188
2_trans_550.csv,1,1,1,0.9682039285211064,0.9682039285211064,4.2261045404909994e-21,2.4141284930158936e-10,0.031796071237480725
2_trans_1994.csv,1,1,1,0.9998338796410958,0.9998338796410958,1.6845309541340464e-29,1.4684646247421016e-10,0.00016612021205758128
2_trans_578.csv,1,3,0,0.41312750319965347,0.3685598556134783,1.5210838503990411e-15,0.41312750319965347,0.21831264118686672
2_trans_2251.csv,3,3,1,0.9119519240526142,0.018314066581119046,3.012660332058876e-14,0.9119519240526142,0.06973400936623661
2_trans_1980.csv,1,1,1,0.9999999964565731,0.9999999964565731,6.46621820446107e-47,8.80680927403247e-10,2.6627460400506572e-09
2_trans_1758.csv,1,1,1,0.9999999576489007,0.9999999576489007,4.538208977075911e-50,4.234649744928523e-08,4.6019114771682865e-12
2_trans_2537.csv,1,1,1,0.9997634536263547,0.9997634536263547,7.392049714900931e-57,0.00023654636830659496,5.338646566008804e-12
2_trans_593.csv,1,1,1,1.0,1.0,5.532152770400183e-69,2.8405660437625804e-20,7.675399741079089e-17
2_trans_752.csv,4,4,1,0.9869491811848763,0.012998890722363921,4.460705836433146e-18,5.192809275979943e-05,0.9869491811848763
2_trans_2053.csv,1,1,1,0.9999932405796128,0.9999932405796128,5.80018089207477e-46,6.354467794758997e-21,6.759420387302109e-06
2_trans_785.csv,1,1,1,0.9999973381794726,0.9999973381794726,3.909654269207898e-61,8.095570229583237e-38,2.661820527568502e-06
2_trans_2912.csv,2,2,1,0.9933433402040319,2.0058425699906217e-11,0.9933433402040319,6.435189920046171e-10,0.00665665913239067
2_trans_2084.csv,1,3,0,0.9998436713981259,0.00015632859027616658,1.5013282344829116e-35,0.9998436713981259,1.1597944811250766e-11
2_trans_1406.csv,3,3,1,0.9952332327868982,0.004766635756330654,3.2598055672384676e-34,0.9952332327868982,1.3145677119323392e-07
2_trans_154.csv,1,1,1,0.9999999999390594,0.9999999999390594,2.6119761411531036e-71,4.655988575708429e-34,6.094049259261043e-11
2_trans_626.csv,1,1,1,0.9999959764411088,0.9999959764411088,1.7046921201759152e-37,2.370054319397363e-11,4.023535190568496e-06
2_trans_94.csv,1,1,1,1.0,1.0,1.12273250097107e-68,8.321867766445353e-26,6.50495484584475e-18
2_trans_2133.csv,1,1,1,0.9999999999999969,0.9999999999999969,9.883207947219495e-66,1.9631253479802815e-32,3.0435195859287187e-15
2_trans_2655.csv,1,1,1,0.9530311085767629,0.9530311085767629,1.733223000846526e-34,0.04696882511775903,6.630547814809107e-08
2_trans_2899.csv,2,2,1,0.9986303525399693,1.6183398913330504e-12,0.9986303525399693,2.931656018917381e-09,0.0013696445267565738
2_trans_829.csv,1,1,1,0.9999999996802369,0.9999999996802369,7.36570186451832e-59,1.88709880649724e-21,3.1976302497565775e-10
2_trans_43.csv,1,1,1,0.9999999999999893,0.9999999999999893,9.659931008657198e-75,3.0744865536919386e-29,1.0614071024076537e-14
2_trans_197.csv,1,1,1,1.0,1.0,2.0399953130645416e-80,7.477830992474672e-20,9.834003377619391e-17
2_trans_2696.csv,1,1,1,0.9999999999999152,0.9999999999999152,9.781795396968436e-70,8.450952266117951e-14,1.49925747109615e-16
2_trans_1604.csv,1,1,1,0.9999999999107156,0.9999999999107156,2.3136295126472646e-46,8.913162435365622e-11,1.528743632460183e-13
2_trans_424.csv,1,1,1,1.0,1.0,3.6766268216631064e-91,9.741883335979118e-34,2.8866701467497718e-18
2_trans_2319.csv,1,1,1,0.9999999999988123,0.9999999999988123,5.912300254577186e-68,2.371519459315642e-28,1.1876762654414085e-12
2_trans_342.csv,1,1,1,0.999999999999998,0.999999999999998,1.773655925335075e-67,2.103055876493765e-15,7.519437200287608e-17
2_trans_418.csv,1,1,1,0.9979947287477312,0.9979947287477312,2.6248795724730715e-32,1.252881497200895e-19,0.0020052712522687093
2_trans_1823.csv,1,1,1,1.0,1.0,3.258123267616765e-80,8.167849752976441e-20,2.196005112794413e-18
2_trans_2480.csv,4,4,1,0.9986936664975732,0.0013062568996837082,1.6463033274711392e-16,7.660274300721551e-08,0.9986936664975732
2_trans_1189.csv,1,1,1,0.9999999999999949,0.9999999999999949,1.2428188548285036e-67,1.338895323800841e-34,5.132829154905865e-15
2_trans_1821.csv,1,1,1,1.0,1.0,5.916102467180227e-87,2.834995202684807e-35,1.1511463926557885e-18
2_trans_2482.csv,1,1,1,0.9999999999983475,0.9999999999983475,1.5392492313052206e-68,1.3676376316451892e-28,1.6524228316984054e-12
2_trans_397.csv,1,1,1,0.9999999999998623,0.9999999999998623,1.3080816859459762e-71,1.4124826483154478e-23,1.3774785729418448e-13
2_trans_2455.csv,1,1,1,0.9999999999993985,0.9999999999993985,4.757216088072486e-62,5.441135527442855e-32,6.015581247829925e-13
2_trans_1160.csv,1,1,1,0.9999999999999905,0.9999999999999905,5.73398206332648e-60,3.2253171866207303e-15,6.1723372074958196e-15
2_trans_426.csv,1,1,1,0.9999999999999998,0.9999999999999998,7.091753993519832e-81,5.495568534190484e-25,2.0797330274289525e-16
2_trans_69.csv,4,1,0,0.86222342894257,0.86222342894257,2.094976973124956e-25,2.04303140042955e-09,0.13777656901439847
2_trans_803.csv,1,1,1,0.9999999999997189,0.9999999999997189,4.330740647710064e-74,1.410561043127782e-22,2.8100815559212275e-13
2_trans_2680.csv,1,1,1,0.9999999997925353,0.9999999997925353,3.4615934696468933e-60,4.835550071275474e-26,2.0746471303700524e-10
2_trans_2870.csv,2,2,1,0.898942756214432,1.950418024079454e-08,0.898942756214432,5.269920737160534e-06,0.10105195436065044
2_trans_195.csv,1,1,1,0.9999999999833336,0.9999999999833336,5.0719854068670425e-61,1.6522311570165545e-11,1.441889333682891e-13
2_trans_2125.csv,1,1,1,0.9999999995539208,0.9999999995539208,1.538016830532615e-51,1.2495061425259512e-18,4.460791453234138e-10
2_trans_1362.csv,1,1,1,0.9999998921615373,0.9999998921615373,4.833160369080976e-50,1.077644784489819e-07,7.398429967916068e-11
2_trans_156.csv,1,1,1,0.9998555992263246,0.9998555992263246,1.7563051384267633e-19,0.00014413706875136465,2.637049241072027e-07
2_trans_82.csv,1,1,1,0.9999999999999993,0.9999999999999993,1.3197518476328137e-75,9.385975365412223e-22,5.907926675415937e-16
2_trans_1376.csv,1,1,1,0.9999999778029758,0.9999999778029758,8.330635401631171e-49,2.816829977449945e-22,2.2197024079933233e-08
2_trans_977.csv,1,1,1,0.9999573585530734,0.9999573585530734,5.250457431565904e-34,8.192201825429982e-09,4.2633254724764315e-05
2_trans_787.csv,1,1,1,0.5200741698741675,0.5200741698741675,5.77941067646034e-32,6.885294437335791e-13,0.47992583012514406
2_trans_1216.csv,1,1,1,0.9999999999999998,0.9999999999999998,1.664403092816552e-68,6.399211178777371e-25,1.476574951379173e-16
2_trans_1564.csv,1,1,1,0.999999348410834,0.999999348410834,1.2549057907008336e-37,4.2696905768364116e-17,6.515891659429637e-07
2_trans_750.csv,1,1,1,0.9999999999999949,0.9999999999999949,2.256458027559922e-72,2.5251129327653694e-21,5.06681521962543e-15
2_trans_2290.csv,1,1,1,0.9999999920329264,0.9999999920329264,3.076656253103748e-57,1.8352594975757277e-11,7.948720969109292e-09
2_trans_1799.csv,1,1,1,0.9999999999999933,0.9999999999999933,6.952416569702658e-66,9.926408288212301e-27,6.693995777783931e-15
2_trans_591.csv,1,1,1,0.9999999996374591,0.9999999996374591,4.275164765632488e-57,3.174354799452503e-10,4.510558072188332e-11
2_trans_1014.csv,1,1,1,1.0,1.0,1.5735143815235775e-98,1.867920479831218e-47,3.508848522387577e-22
2_trans_1767.csv,1,1,1,0.9999999999999971,0.9999999999999971,1.3123697602452377e-65,1.6432861363247747e-21,2.8501321825926762e-15
2_trans_547.csv,1,1,1,0.9999999999995526,0.9999999999995526,4.694113890605003e-61,2.607067574019693e-13,1.8667064808716207e-13
2_trans_1773.csv,1,1,1,0.9999999972140308,0.9999999972140308,8.662407959672677e-54,2.784920797297844e-09,1.0485327544696569e-12
2_trans_221.csv,1,1,1,0.9999999999974685,0.9999999999974685,8.76337597773673e-51,1.2189791431201533e-12,1.3125371311584077e-12
2_trans_209.csv,1,1,1,0.9999957708711963,0.9999957708711963,5.509909317776981e-44,2.5972071550936037e-12,4.229126206547444e-06
2_trans_1997.csv,1,1,1,0.9999492387825878,0.9999492387825878,3.0626759753277956e-40,6.476216838539217e-24,5.0761217412104464e-05
2_trans_590.csv,1,1,1,0.9918506540022615,0.9918506540022615,2.1352670884846613e-34,2.3677727254695566e-10,0.00814934576096129
2_trans_1954.csv,1,1,1,0.9991582782358162,0.9991582782358162,1.4250782653346405e-44,8.683128289871853e-29,0.0008417217641838507
2_trans_1565.csv,3,3,1,0.9948167355538327,0.003519627988691145,1.2222571236956824e-15,0.9948167355538327,0.001663636457475075
2_trans_1217.csv,1,1,1,0.9999999999999509,0.9999999999999509,2.1925760229273684e-59,3.3072563224148e-14,1.6067799631003145e-14
2_trans_745.csv,1,1,1,0.9999438379993215,0.9999438379993215,3.6133430880713898e-28,9.804799224899336e-07,5.518152075601656e-05
2_trans_2078.csv,1,1,1,1.0,1.0,6.740546276886898e-93,1.905018416068813e-32,1.5659904991511743e-17
2_trans_2911.csv,2,2,1,0.9998659402440732,2.3280850097192247e-15,0.9998659402440732,8.216136766122753e-12,0.0001340597477085458
2_trans_2905.csv,2,2,1,0.931456841827066,1.5425144359565789e-06,0.931456841827066,8.931392024123276e-05,0.06845230173825691
2_trans_786.csv,1,1,1,0.999999999636854,0.999999999636854,8.452759736369306e-54,1.5088580829014208e-20,3.6314592897047146e-10
2_trans_625.csv,1,1,1,0.9999999999997324,0.9999999999997324,7.182608243744682e-71,2.7230944576511566e-30,2.6749330623114286e-13
2_trans_97.csv,1,1,1,1.0,1.0,5.435771701405109e-99,2.7800127208535527e-37,2.9146386063220287e-22
2_trans_143.csv,1,1,1,0.998622837123377,0.998622837123377,1.5332445437787265e-39,4.470361182591545e-14,0.0013771628765782715
2_trans_2642.csv,1,1,1,0.9999999999966769,0.9999999999966769,9.103276884864333e-60,7.715927182642511e-18,3.323098535979417e-12
2_trans_180.csv,1,1,1,0.9999992759923054,0.9999992759923054,2.5491529085800067e-47,8.37127905258907e-24,7.24007694547154e-07
2_trans_2871.csv,4,2,0,0.6250300318191944,1.1548986173869961e-05,0.6250300318191944,0.0013565382660217244,0.3736018809286101
2_trans_2681.csv,1,1,1,1.0,1.0,6.3842914747897365e-77,1.0399579050889988e-28,2.7330494376940907e-18
2_trans_1613.csv,1,1,1,1.0,1.0,7.534222944285284e-84,1.2684542889411472e-25,4.361615178310438e-19
2_trans_427.csv,1,1,1,0.9999828355617915,0.9999828355617915,6.276957574926215e-43,1.966664834188751e-15,1.71644382066076e-05
2_trans_2468.csv,1,1,1,0.9999999484598856,0.9999999484598856,4.503052394397853e-47,2.4108915955467105e-09,4.912922278680307e-08
2_trans_2332.csv,1,1,1,0.999999985094298,0.999999985094298,8.009842496034853e-54,3.8362687954554286e-25,1.4905701909218862e-08
2_trans_2454.csv,1,1,1,0.9999108222031802,0.9999108222031802,3.3931239182242705e-43,1.5279060841014754e-20,8.917779681973953e-05
2_trans_382.csv,1,1,1,0.9996464948134461,0.9996464948134461,1.0092649003165146e-40,1.0194872049281935e-20,0.0003535051865538676
2_trans_396.csv,1,1,1,0.9999999999999931,0.9999999999999931,9.449540813308886e-77,4.031639891731533e-23,6.791560706881646e-15
2_trans_2483.csv,1,1,1,0.9999999999999936,0.9999999999999936,2.5875859681673895e-79,6.7548307664168225e-40,6.456732151568666e-15
2_trans_1834.csv,4,4,1,0.8773574437195222,0.12264247650038113,3.2759699535849515e-23,7.978009666610407e-08,0.8773574437195222
2_trans_1820.csv,1,1,1,0.9999999999965885,0.9999999999965885,1.0228834453615667e-61,3.400714352582018e-12,1.0843312541826272e-14
2_trans_1811.csv,1,1,1,0.955978016101379,0.955978016101379,4.1892410555026525e-18,0.00011581449306847862,0.043906169405552586
2_trans_370.csv,1,4,0,0.9607456941694548,0.039254305830518164,9.693952396203956e-26,2.718618754317168e-14,0.9607456941694548
2_trans_1636.csv,1,1,1,0.9999990310999431,0.9999990310999431,1.3703816319355357e-45,7.274660458557028e-25,9.689000568028417e-07
2_trans_1178.csv,1,1,1,0.999999999963453,0.999999999963453,1.8786211920742093e-51,3.472120235827713e-11,1.8258284209857515e-12
2_trans_2698.csv,1,1,1,0.9999999942792395,0.9999999942792395,5.682724320958351e-60,3.291186335541383e-27,5.720760395402079e-09
2_trans_1391.csv,1,1,1,0.999999973431124,0.999999973431124,2.8986891924656037e-45,1.391409770365813e-15,2.656887456653474e-08
2_trans_71.csv,1,1,1,0.9999999996717723,0.9999999996717723,1.8564986641306711e-50,1.1704548903423993e-18,3.2822757515653997e-10
2_trans_59.csv,1,1,1,0.9999999999999996,0.9999999999999996,6.86472464315361e-70,2.5895525456896166e-30,3.6493715170994164e-16
2_trans_833.csv,1,1,1,0.9971603416640981,0.9971603416640981,5.435471146552483e-28,0.0027682518265812017,7.140650932069864e-05
2_trans_2868.csv,4,4,1,0.993076870480011,2.824967391968366e-07,0.006922841215188889,5.808060804760969e-09,0.993076870480011
2_trans_199.csv,1,1,1,0.9999999999999996,0.9999999999999996,4.097499359279183e-67,3.3253211724829374e-23,4.782465250028157e-16
2_trans_172.csv,1,1,1,0.9999999999888289,0.9999999999888289,6.621666089971006e-52,1.110995953601604e-11,6.117035242719045e-14
2_trans_628.csv,1,1,1,0.9999999656295987,0.9999999656295987,3.287474289757556e-42,7.893502926275934e-18,3.4370401337706294e-08
2_trans_2115.csv,1,1,1,0.9999999999997162,0.9999999999997162,2.4374710417675265e-72,5.666598137436085e-21,2.8384977480596745e-13
2_trans_2101.csv,1,1,1,0.9999999999589742,0.9999999999589742,2.4243904553899828e-53,3.591212277515811e-12,3.743474108862952e-11
2_trans_2934.csv,2,2,1,0.999993537484313,1.2618188174442987e-17,0.999993537484313,2.5709649023322403e-16,6.462515686845269e-06
2_trans_1554.csv,1,1,1,0.9999999998468041,0.9999999998468041,4.7016610538112784e-52,5.33987155836514e-22,1.5319587475620907e-10
2_trans_1226.csv,1,1,1,0.9999999999999996,0.9999999999999996,5.478038522377507e-63,1.0147328538563163e-19,3.7365879806880506e-16
2_trans_2049.csv,1,1,1,0.9843279285280591,0.9843279285280591,3.184510511855445e-29,0.01567205809255359,1.3379387312126155e-08
2_trans_2061.csv,1,1,1,0.9620625622560639,0.9620625622560639,6.21509441094086e-22,1.3176728483843474e-08,0.03793742456720759
2_trans_1568.csv,1,1,1,0.999974111049266,0.999974111049266,1.1493645097507482e-39,2.5863138695402385e-05,2.5812038653087858e-08
2_trans_990.csv,1,1,1,0.9999999999996878,0.9999999999996878,5.094725348379817e-57,3.6430408873143444e-17,3.1218005639320607e-13
2_trans_1959.csv,1,1,1,0.7412616444148024,0.7412616444148024,3.2238916240603905e-26,1.1090283896632599e-06,0.2587372465568081
2_trans_204.csv,1,1,1,0.9999999999999789,0.9999999999999789,2.7971925709310946e-82,1.4725611582939793e-32,2.1086939736248582e-14
2_trans_562.csv,1,1,1,0.9999999920540107,0.9999999920540107,3.6851889166659727e-50,2.1922706099769615e-21,7.945989461205514e-09
2_trans_576.csv,1,1,1,0.9999999999999314,0.9999999999999314,6.306700093711985e-68,1.1599844499915763e-22,6.853072340685378e-14
2_trans_1024.csv,1,1,1,0.9999999999999978,0.9999999999999978,4.197080352905892e-66,2.745739704920102e-27,2.3300171686844065e-15
2_trans_2511.csv,1,1,1,0.9999994510438599,0.9999994510438599,2.911619726994155e-53,1.5749572204273485e-17,5.489561401703092e-07
2_trans_2276.csv,1,1,1,0.9999999999826668,0.9999999999826668,5.115418788981311e-63,1.1370586408161336e-21,1.7333295410794868e-11
2_trans_2510.csv,1,1,1,0.9967056666578348,0.9967056666578348,5.2451571113186186e-43,1.7930237309775387e-18,0.0032943333421651846
2_trans_1743.csv,1,1,1,1.0,1.0,1.0375098966304956e-82,1.749216375876381e-27,9.153473361083859e-23
2_trans_1025.csv,1,1,1,1.0,1.0,6.29438690394193e-91,4.034929219513015e-35,2.6355248401069816e-20
2_trans_211.csv,1,1,1,0.9999999999591236,0.9999999999591236,1.9290096279680053e-49,1.7036255382986949e-15,4.087471839548446e-11
2_trans_205.csv,3,3,1,0.9999842646617375,1.5208937733487671e-05,6.769720099220747e-33,0.9999842646617375,5.264005288314315e-07
2_trans_1757.csv,1,1,1,0.9999997430391806,0.9999997430391806,8.582299753230561e-48,1.9482881015951688e-20,2.5696081947985184e-07
2_trans_563.csv,4,4,1,0.9998998445412881,9.993415558729078e-05,4.250519275270412e-12,2.212988739917295e-07,0.9998998445412881
2_trans_588.csv,1,1,1,0.9999992862928453,0.9999992862928453,6.225937701280786e-35,8.611053251455408e-10,7.128460494656268e-07
2_trans_1964.csv,3,3,1,0.9904164163685747,0.00018395189230940983,5.563974865458607e-19,0.9904164163685747,0.009399631739115781
2_trans_749.csv,3,3,1,0.9993429579426574,0.0001871930113288826,5.716962511385553e-14,0.9993429579426574,0.00046984904595670935
2_trans_2074.csv,1,1,1,1.0,1.0,1.4130223933208791e-53,3.9737966934687233e-19,7.588814054389874e-19
2_trans_991.csv,1,1,1,0.9999999999909008,0.9999999999909008,4.8044290238914475e-68,9.099177860087429e-12,3.4182339128705233e-19
2_trans_2060.csv,1,1,1,0.9853221489116868,0.9853221489116868,4.010393370142241e-36,1.2707981204896626e-13,0.01467785108818613
2_trans_985.csv,1,1,1,0.9999590552584185,0.9999590552584185,1.2481298092627008e-32,4.085977945750287e-05,8.496212393179e-08
2_trans_1555.csv,1,1,1,0.9519558716426488,0.9519558716426488,1.0152630830890608e-30,1.1182631826250384e-07,0.04804401653103278
2_trans_2909.csv,2,2,1,0.9614469708206745,2.814899112331083e-10,0.9614469708206745,5.625309947126726e-07,0.0385524663668407
2_trans_2935.csv,4,4,1,0.82414747945369,4.881588813604873e-06,0.17566006450352212,0.00018757445397418396,0.82414747945369
2_trans_1582.csv,1,1,1,0.9999997947417302,0.9999997947417302,3.9073689849309555e-40,2.376363677633298e-09,2.028819060506402e-07
2_trans_2921.csv,4,4,1,0.9044419499045615,4.116774131924409e-09,0.09555792894564487,1.1703301955157037e-07,0.9044419499045615
2_trans_629.csv,1,1,1,0.9999999685575761,0.9999999685575761,1.2406420057711893e-43,1.6133435642708006e-08,1.5308988220895616e-08
2_trans_2672.csv,1,4,0,0.5677161093883617,0.4322566251175827,4.265230399010198e-26,2.7265494055548748e-05,0.5677161093883617
2_trans_167.csv,1,1,1,0.9987746372621622,0.9987746372621622,8.398162031628828e-37,1.4473343966033736e-15,0.0012253627378361427
2_trans_1353.csv,1,1,1,1.0,1.0,5.6066680419073175e-80,1.76153514987776e-24,8.824079462315128e-20
2_trans_1435.csv,1,1,1,1.0,1.0,5.124506157069155e-78,1.0537488705120141e-29,7.267499536758697e-23
2_trans_2896.csv,2,2,1,0.9154987356699995,4.2949888095957876e-05,0.9154987356699995,8.738194456281756e-07,0.08445744062245887
2_trans_70.csv,4,4,1,0.9466747859306262,0.03994199131095229,1.0431331824511497e-14,0.01338322275841122,0.9466747859306262
2_trans_2464.csv,4,4,1,0.9386505200324857,0.06102349626548581,2.564490014428453e-18,0.0003259837020283454,0.9386505200324857
2_trans_359.csv,1,1,1,0.9592198932974928,0.9592198932974928,9.538410925621216e-37,0.0407801035166929,3.185814349453411e-09
2_trans_1637.csv,1,1,1,0.9999999999997624,0.9999999999997624,8.51356195989191e-65,1.042793733196384e-23,2.375575621820128e-13
2_trans_371.csv,1,1,1,0.9999999999999993,0.9999999999999993,1.0088119587525541e-71,1.1862679479602064e-27,7.736903939931062e-16
2_trans_1145.csv,1,1,1,0.9999999999804243,0.9999999999804243,2.415551352804663e-67,8.815984774452831e-35,1.9575671742326287e-11
2_trans_1623.csv,1,1,1,0.9938410963806262,0.9938410963806262,4.016684495938234e-32,0.006158903608920079,1.0453774789429061e-11
2_trans_417.csv,1,1,1,0.9999999999999825,0.9999999999999825,7.105572190929402e-70,6.242433037151879e-20,1.743957929255662e-14
2_trans_1810.csv,1,1,1,0.9999978369727132,0.9999978369727132,1.7550027017042107e-41,5.461070837689112e-09,2.1575662159019794e-06
2_trans_1192.csv,1,1,1,0.9990515194987297,0.9990515194987297,3.231315683464115e-36,3.245042973485536e-17,0.0009484805012703364
2_trans_1186.csv,1,1,1,0.9999998762023967,0.9999998762023967,1.0054752522901075e-36,8.247038433013402e-08,4.132721907886531e-08
2_trans_1838.csv,1,1,1,0.9999990908589965,0.9999990908589965,1.9726225747283343e-57,4.8854004834793255e-27,9.091410034340929e-07
2_trans_2328.csv,1,1,1,0.9990048183236969,0.9990048183236969,8.533582098462706e-29,5.035985589631173e-07,0.0009946780777440746
2_trans_415.csv,1,1,1,0.9999999999999849,0.9999999999999849,1.1433988815756927e-63,1.2843118620840436e-14,2.1133739780208903e-15
2_trans_1386.csv,1,1,1,0.9999999992783479,0.9999999992783479,8.541801430743923e-37,1.6996894237176558e-15,7.216503031580534e-10
2_trans_66.csv,4,4,1,0.8861710144804286,0.11382859369891858,3.509330018980329e-24,3.9182065292980454e-07,0.8861710144804286
2_trans_830.csv,1,1,1,0.9999999999362708,0.9999999999362708,1.3308827401701917e-49,2.8831546336027994e-15,6.372626838632368e-11
2_trans_603.csv,1,1,1,0.9999854224199607,0.9999854224199607,6.542978460356774e-41,1.4552268603282043e-05,2.531143584452632e-08
2_trans_1423.csv,1,1,1,0.8687306064634404,0.8687306064634404,1.444728186645054e-20,0.11239138321321876,0.018878010323340837
2_trans_617.csv,1,1,1,0.9999999999999682,0.9999999999999682,2.605160937766141e-72,2.159548030374838e-28,3.1657476112183386e-14
2_trans_2102.csv,1,1,1,0.9999999999999367,0.9999999999999367,1.3435880125716073e-60,2.618841549803629e-19,6.326238896915994e-14
2_trans_159.csv,1,1,1,0.9999999999676596,0.9999999999676596,2.6766182947577695e-58,1.960459951809444e-28,3.234042925153984e-11
2_trans_2116.csv,1,1,1,0.9999999999999962,0.9999999999999962,1.4162932856404679e-72,2.557832285634145e-21,3.818726988050691e-15
2_trans_1580.csv,1,1,1,0.9953599482354962,0.9953599482354962,2.8155055866381007e-28,5.680460034127677e-08,0.004639994959903277
2_trans_1594.csv,1,1,1,1.0,1.0,2.980215089300738e-81,2.5283833816577253e-22,2.7499863673732705e-19
2_trans_788.csv,1,1,1,0.999999997257027,0.999999997257027,3.684842757399404e-71,4.28738504443115e-37,2.7429729455865437e-09
2_trans_777.csv,1,1,1,0.968505959051701,0.968505959051701,2.604569761432233e-32,1.542604755517173e-16,0.03149404094829879
2_trans_1225.csv,1,1,1,0.9637978174759011,0.9637978174759011,2.1555368625894584e-35,0.03620211713628378,6.538781517602421e-08
2_trans_1231.csv,1,1,1,0.9990658587736346,0.9990658587736346,5.885252818936339e-46,8.929285575589269e-27,0.000934141226365484
2_trans_987.csv,1,1,1,0.9999999999999587,0.9999999999999587,4.3237235672822777e-72,1.7492271622178993e-18,4.13288354469227e-14
2_trans_2062.csv,3,3,1,0.9754934324558078,6.997605345385683e-05,2.181915516519165e-15,0.9754934324558078,0.02443659149073619
2_trans_1027.csv,1,1,1,1.0,1.0,7.502547336898035e-80,6.944335155921179e-32,7.373746276160326e-23
2_trans_1033.csv,1,1,1,0.9999999999999807,0.9999999999999807,1.5830269855531082e-69,1.908451264344412e-14,1.17333340848257e-16
2_trans_2512.csv,4,4,1,0.6907773006707044,0.3092136441791378,1.5165386536447927e-21,9.055150157743836e-06,0.6907773006707044
2_trans_2506.csv,1,1,1,0.9847205130590689,0.9847205130590689,7.57204689885138e-27,0.0012838907054310233,0.013995596235500053
2_trans_1768.csv,1,1,1,1.0,1.0,3.857713605547497e-86,6.757252346441465e-32,5.7216494900268924e-18
2_trans_2513.csv,1,1,1,0.9999999999907712,0.9999999999907712,2.213713969400916e-55,1.0188125706240008e-25,9.228942307409798e-12
2_trans_1754.csv,1,1,1,0.999999999167458,0.999999999167458,2.0653255180141815e-51,8.323892003090211e-10,1.5280971186456506e-13
2_trans_560.csv,1,1,1,0.9999999995473543,0.9999999995473543,2.5571509552611805e-47,4.0738044413006914e-16,4.5264528649677543e-10
2_trans_1740.csv,1,1,1,1.0,1.0,1.820913642901088e-88,1.0381540404370811e-24,1.1035840776353275e-19
2_trans_1797.csv,1,1,1,0.9988187808313214,0.9988187808313214,4.3986673315030094e-37,3.6608377204278526e-14,0.0011812191686421162
2_trans_1783.csv,1,1,1,0.9999999999999973,0.9999999999999973,1.503187344580908e-65,1.5048207595070004e-23,2.730927457179788e-15
2_trans_986.csv,1,1,1,0.9999991100325147,0.9999991100325147,1.4246109791282716e-50,3.5337000746557664e-21,8.899674853036668e-07
2_trans_2077.csv,4,4,1,0.9921391645556011,0.007860540544854857,2.5065556701901618e-11,2.948744784653402e-07,0.9921391645556011
2_trans_945.csv,1,4,0,0.6638447257743613,0.3361552742256388,3.307350016116399e-39,1.0161287285689737e-24,0.6638447257743613
2_trans_2922.csv,2,2,1,0.9998917902280405,1.0155100464265155e-15,0.9998917902280405,4.8352563863976306e-14,0.00010820977190999967
2_trans_2671.csv,1,1,1,0.8867779766733481,0.8867779766733481,1.1088269041520221e-33,1.3106742642293386e-16,0.11322202332665163
2_trans_1378.csv,1,1,1,0.9999999944801261,0.9999999944801261,2.504803003439746e-50,1.2004265330603505e-21,5.519873839232807e-09
2_trans_2117.csv,1,1,1,0.9999999999999898,0.9999999999999898,4.731835009990037e-68,1.5540301084605524e-24,1.0184584425567282e-14
2_trans_158.csv,4,4,1,0.9999701424637126,2.981318806421919e-05,3.76196914030293e-11,4.431060350233946e-08,0.9999701424637126
2_trans_170.csv,1,1,1,0.9999999099760862,0.9999999099760862,5.258133150382141e-34,4.378024012078984e-08,4.624367371502319e-08
2_trans_2659.csv,1,1,1,1.0,1.0,1.5779403089790005e-97,2.396410190201042e-32,5.400138790438506e-25
2_trans_825.csv,1,1,1,0.999999999999996,0.999999999999996,9.572038308667153e-68,1.9182637065516716e-22,3.9596704420706335e-15
2_trans_819.csv,1,1,1,1.0,1.0,3.453780154296587e-78,5.905334852200478e-27,7.950746280534225e-18
2_trans_73.csv,3,3,1,0.9999985544730922,1.445411703049916e-06,5.0163047142415894e-21,0.9999985544730922,1.1520481342624905e-10
2_trans_428.csv,4,4,1,0.9597266805146448,0.04027331947720331,7.420042905519582e-22,8.151786607176504e-12,0.9597266805146448
2_trans_2315.csv,1,1,1,0.9999999999925615,0.9999999999925615,5.673846938993085e-50,8.095770596005783e-18,7.438501200526282e-12
2_trans_414.csv,1,1,1,0.9999967508027989,0.9999967508027989,1.319054935643049e-40,3.179933196691813e-10,3.24887920793238e-06
2_trans_1634.csv,1,1,1,0.999999999999998,0.999999999999998,3.978364907852454e-62,5.934666884084572e-16,1.279503131726897e-15
2_trans_1807.csv,1,1,1,1.0,1.0,9.983652516269478e-69,5.2989632767444207e-20,9.513101637704888e-17
2_trans_1191.csv,1,1,1,0.9999999986661285,0.9999999986661285,6.949558315237733e-46,1.4915641029234385e-11,1.3189558224434303e-09
2_trans_1803.csv,1,1,1,0.9999999999338263,0.9999999999338263,3.103028634815119e-51,2.9232042247192374e-23,6.617379562552983e-11
2_trans_1195.csv,1,1,1,0.9914872677920151,0.9914872677920151,1.3065721346297171e-23,5.401929578767382e-08,0.008512678188688904
2_trans_2488.csv,1,1,1,0.9972038166072905,0.9972038166072905,4.636994097651649e-31,0.0027955059040829537,6.774886265428796e-07
2_trans_1181.csv,1,1,1,0.819463252157377,0.819463252157377,5.398147429067766e-27,1.4147927896939467e-09,0.18053674642783013
2_trans_2463.csv,1,1,1,0.999999948647913,0.999999948647913,1.9060068304187444e-44,4.272498923579934e-22,5.135208713437885e-08
2_trans_1618.csv,1,1,1,0.9999999999999931,0.9999999999999931,1.2494448561423267e-65,6.399587774899254e-15,4.497065735858296e-16
2_trans_404.csv,1,1,1,1.0,1.0,9.312210656504608e-80,2.7254010640323343e-18,3.1229121127526874e-18
2_trans_821.csv,1,1,1,0.9999926644621133,0.9999926644621133,7.514456569284994e-52,1.786045023223497e-25,7.335537886716096e-06
2_trans_1397.csv,1,1,1,1.0,1.0,1.6407379368164247e-88,3.143329213933301e-32,3.676104076598252e-18
2_trans_63.csv,1,1,1,0.9999999999058116,0.9999999999058116,6.513409013319082e-46,6.239671412937828e-14,9.412602484690762e-11
2_trans_1368.csv,1,1,1,0.9999999996639819,0.9999999996639819,1.5653569947024382e-35,2.4549595255595235e-10,9.052218063925004e-11
2_trans_88.csv,3,1,0,0.9399706921219213,0.9399706921219213,4.79598729185009e-29,0.0599787940368685,5.051384121003437e-05
2_trans_160.csv,1,1,1,0.9958112872222538,0.9958112872222538,1.3018658336666122e-26,0.0038842680139966643,0.00030444476374937517
2_trans_2891.csv,2,2,1,0.9999122680386623,1.839612879217889e-14,0.9999122680386623,7.194296775688806e-13,8.773196059992219e-05
2_trans_174.csv,1,1,1,0.9999999972043252,0.9999999972043252,3.564719531002792e-61,2.3227819758098366e-20,2.7956746903106656e-09
2_trans_1340.csv,1,1,1,1.0,1.0,3.5680021132257754e-82,2.3145788281930525e-32,1.1253758813094315e-17
2_trans_941.csv,1,1,1,0.9999996608055053,0.9999996608055053,3.1836403653011284e-40,8.969229048871099e-11,3.391048024924336e-07
2_trans_969.csv,1,1,1,0.9998854728081339,0.9998854728081339,1.5826120513710976e-20,1.086788313799685e-05,0.00010365930872796606
2_trans_2098.csv,1,1,1,0.9999999995758475,0.9999999995758475,5.2523024586691125e-53,3.59326793620406e-17,4.2415254726858186e-10
2_trans_2067.csv,1,1,1,0.6982354985521205,0.6982354985521205,9.080346014875228e-23,0.29848023314707806,0.0032842683008013867
2_trans_982.csv,1,1,1,0.9999999999997919,0.9999999999997919,3.181544370596134e-63,2.3046258657335408e-23,2.080233782617673e-13
2_trans_772.csv,1,1,1,0.9643563813478777,0.9643563813478777,1.311410977639561e-24,1.9331457047289473e-10,0.035643618458807744
2_trans_1546.csv,1,1,1,0.9999999999608038,0.9999999999608038,3.3907180102952774e-55,1.9833119332506123e-12,3.7212960162913586e-11
2_trans_1234.csv,1,1,1,0.9999930132645473,0.9999930132645473,3.8032423543028474e-26,3.6242321552309927e-12,6.9867318286348065e-06
2_trans_1977.csv,1,4,0,0.8196782074912285,0.180321091904113,6.254212929664181e-27,7.006046584651964e-07,0.8196782074912285
2_trans_558.csv,1,1,1,0.9999999999999993,0.9999999999999993,3.0609108496257404e-66,1.1362580457451496e-26,6.97271073174719e-16
2_trans_216.csv,1,1,1,0.99999999998523,0.99999999998523,2.9188831742564113e-64,5.580913179485998e-33,1.4770007743415152e-11
2_trans_1036.csv,4,4,1,0.9928874916147351,0.007112508237040593,1.1165083812060267e-21,1.482242391303075e-10,0.9928874916147351
2_trans_202.csv,3,3,1,0.9999619319739433,3.743227958778641e-05,3.248270565143582e-21,0.9999619319739433,6.35746468987286e-07
2_trans_203.csv,1,1,1,0.9999999996666118,0.9999999996666118,1.143953523030422e-49,2.4143367370167108e-20,3.333883053444354e-10
2_trans_1037.csv,1,1,1,1.0,1.0,4.873337487110341e-97,2.2222545298554415e-27,1.4908021832621237e-24
2_trans_565.csv,3,3,1,0.9986381588214749,0.0013618411398082454,2.6137710992592086e-37,0.9986381588214749,3.871693013083483e-11
2_trans_217.csv,1,1,1,0.9999973941276545,0.9999973941276545,6.687074054573095e-37,2.5312067042862145e-16,2.605872345313781e-06
2_trans_1235.csv,1,1,1,0.9999999999999996,0.9999999999999996,3.611993988881886e-69,1.1000578377732132e-27,4.786304985415746e-16
2_trans_2728.csv,1,1,1,0.999999999993954,0.999999999993954,1.4495744177419067e-62,5.512800552375157e-24,6.04612674684512e-12
2_trans_773.csv,1,1,1,0.9999999999702271,0.9999999999702271,3.4252859693992663e-61,1.5476204624239243e-24,2.9772907655241844e-11
2_trans_2066.csv,1,1,1,0.9999999999559939,0.9999999999559939,1.6825366142852257e-64,7.185305002607709e-23,4.4006044780731755e-11
2_trans_2072.csv,1,1,1,1.0,1.0,7.886179098258105e-98,2.881506321309946e-37,5.766101828181769e-22
2_trans_1590.csv,1,1,1,0.9997610602187074,0.9997610602187074,9.91584427635201e-32,2.357433990493749e-11,0.00023893975771822743
2_trans_2927.csv,4,4,1,0.9998097414849337,1.7098523323945862e-05,0.0001705649716206751,2.5950201216275034e-06,0.9998097414849337
2_trans_1427.csv,1,1,1,0.9999999999999438,0.9999999999999438,2.964803874561865e-69,2.2101255839564595e-21,5.6105914923882954e-14
2_trans_1341.csv,1,1,1,0.9999999037131779,0.9999999037131779,3.785622647895149e-42,3.3541342188798964e-18,9.628682215843548e-08
2_trans_161.csv,1,1,1,0.9999999998410045,0.9999999998410045,8.82848002529586e-63,2.7658139806610765e-18,1.5899545823311146e-10
2_trans_1355.csv,1,1,1,1.0,1.0,3.5924922496362274e-87,4.4084990122598763e-38,1.0284209861341906e-19
2_trans_149.csv,1,1,1,0.9999999996621503,0.9999999996621503,2.606806904010354e-51,1.1711281314946765e-21,3.3784970735364933e-10
2_trans_89.csv,1,1,1,0.9999999999981661,0.9999999999981661,3.468017098738394e-77,1.80711942439565e-45,1.83388145574147e-12
2_trans_2847.csv,2,2,1,0.9999997025475423,7.735662225187058e-18,0.9999997025475423,1.9270773291334313e-13,2.974522649446636e-07
2_trans_76.csv,1,1,1,0.9999999999615665,0.9999999999615665,2.0658353974021388e-71,1.517967438978011e-32,3.843355350165384e-11
2_trans_1143.csv,1,1,1,0.9999999999864313,0.9999999999864313,6.651548250635333e-59,3.8776690085587557e-25,1.356879793447266e-11
2_trans_2338.csv,1,1,1,0.999999999881034,0.999999999881034,8.092345477289383e-53,7.753477054799168e-30,1.189658640305934e-10
2_trans_1631.csv,1,1,1,1.0,1.0,7.205093001909976e-66,3.853941315228425e-17,1.4335075747602347e-17
2_trans_2310.csv,1,1,1,0.9999983224915149,0.9999983224915149,2.9224599236958057e-37,1.0608730633726756e-09,1.6764476119264723e-06
2_trans_1619.csv,1,1,1,1.0,1.0,1.0160157660723641e-78,2.4172928877766665e-20,1.5433943961613963e-19
2_trans_2304.csv,3,3,1,0.9060258688798306,0.09377273474558379,3.807707070711148e-18,0.9060258688798306,0.00020139637458549495
2_trans_1180.csv,1,1,1,0.999999999996892,0.999999999996892,1.3417154538484254e-58,2.3950458126645526e-18,3.107993540406872e-12
2_trans_2489.csv,1,4,0,0.5678138794786886,0.43139442254856813,5.782577188180806e-17,0.0007916979727433309,0.5678138794786886
2_trans_388.csv,1,1,1,0.9999999926933543,0.9999999926933543,7.392297562556883e-57,7.306640531667706e-09,5.189925512602448e-15
2_trans_1816.csv,3,1,0,0.6957385302245513,0.6957385302245513,1.7617042615862182e-20,0.30395908145685696,0.00030238831859188975
2_trans_1182.csv,1,1,1,0.9999999906813973,0.9999999906813973,8.562222564204476e-42,4.432435141723199e-18,9.318602726070433e-09
2_trans_2306.csv,1,1,1,0.9997532638171275,0.9997532638171275,8.077430206745053e-29,1.507161869991373e-13,0.0002467361827217227
2_trans_361.csv,1,4,0,0.7794506697158514,0.22021273458671448,9.464876246936558e-17,0.0003365956974341163,0.7794506697158514
2_trans_1155.csv,3,3,1,0.9999239768748804,7.602311954441386e-05,5.756206151224522e-38,0.9999239768748804,5.575085957731601e-12
2_trans_407.csv,1,1,1,0.9999999301025013,0.9999999301025013,1.0232860252400993e-42,9.726522929302567e-14,6.989740141254442e-08
2_trans_188.csv,1,1,1,0.8461618327378887,0.8461618327378887,1.7453499447920658e-20,6.40966871281653e-12,0.1538381672557015
2_trans_2879.csv,2,4,0,0.9815155551262569,3.819875210596554e-09,0.018484439850868565,1.2029993527601483e-09,0.9815155551262569
2_trans_2845.csv,2,2,1,0.9964404471400586,2.333727699169638e-09,0.9964404471400586,7.798503967215389e-11,0.0035595504482288415
2_trans_1394.csv,1,1,1,0.9999974133255844,0.9999974133255844,2.98412024455104e-39,3.2090817927828117e-13,2.5866740945616286e-06
2_trans_2110.csv,1,1,1,0.9999999999999967,0.9999999999999967,8.173392015890928e-80,6.435389903023897e-29,3.4176024606018367e-15
2_trans_639.csv,1,1,1,1.0,1.0,5.954243404080986e-83,5.004240555537775e-29,2.556696070416971e-21
2_trans_1343.csv,1,1,1,1.0,1.0,4.548095172215765e-80,6.125637036403726e-35,8.758481193000661e-21
2_trans_1425.csv,1,1,1,0.9999991066977236,0.9999991066977236,7.786616367568387e-48,1.8143143594284725e-27,8.933022764604721e-07
2_trans_2919.csv,4,4,1,0.980438584336062,2.7530133543504132e-08,0.019561387663285967,4.705185750246848e-10,0.980438584336062
2_trans_2931.csv,2,2,1,0.9983835460667858,1.2933000406826933e-05,0.9983835460667858,8.78877421626656e-09,0.0016035121440330315
2_trans_981.csv,1,1,1,1.0,1.0,1.3586108532968988e-80,2.2757068986295165e-26,2.769786356735151e-19
2_trans_1579.csv,1,1,1,1.0,1.0,1.5354667120800602e-85,1.166536169995271e-38,6.970584846667119e-20
2_trans_1237.csv,4,4,1,0.9999786441007393,6.5479063181471956e-06,3.120851783929478e-11,1.4807961733957994e-05,0.9999786441007393
2_trans_765.csv,1,1,1,0.9999999999999383,0.9999999999999383,3.918239257978975e-70,9.87629380277383e-33,6.181177638468128e-14
2_trans_1545.csv,1,1,1,0.9999999999956921,0.9999999999956921,1.9064962295768843e-62,6.825429233079556e-22,4.3077847546139666e-12
2_trans_1223.csv,1,1,1,0.9999999999972153,0.9999999999972153,6.772458858976184e-68,1.7611040827939107e-25,2.7847369060539684e-12
2_trans_1974.csv,1,1,1,0.9515132003310496,0.9515132003310496,8.98983019516139e-33,4.0369538170288783e-16,0.048486799668950004
2_trans_1009.csv,1,1,1,0.9999999998940294,0.9999999998940294,2.8977035507893577e-66,1.384242509539204e-33,1.0597064863125275e-10
2_trans_2272.csv,1,1,1,0.999999934462879,0.999999934462879,1.8735076837114274e-55,9.1535546390495e-28,6.553712104929173e-08
2_trans_2528.csv,1,1,1,0.9999333478719246,0.9999333478719246,3.2094516800045215e-31,6.225948081590646e-11,6.665206581601579e-05
2_trans_573.csv,3,3,1,0.999998830979366,2.4500171490147716e-07,5.669846381992042e-17,0.999998830979366,9.240189190355766e-07
2_trans_214.csv,1,1,1,0.9999999314134373,0.9999999314134373,3.4753704271133834e-45,1.6531147176626082e-16,6.858656244289326e-08
2_trans_2529.csv,1,1,1,0.9999961257259807,0.9999961257259807,5.281473306877987e-25,3.9605840934917585e-08,3.83466817816379e-06
2_trans_1746.csv,1,1,1,1.0,1.0,2.1551484256317582e-96,4.260388249238633e-42,6.5862084368118535e-22
2_trans_1752.csv,1,1,1,0.9999999506518746,0.9999999506518746,2.279246912820067e-48,4.660089103090125e-15,4.9348120638206356e-08
2_trans_200.csv,1,1,1,0.9999984044226932,0.9999984044226932,2.6060855174913195e-34,3.171086877887533e-08,1.563866437956204e-06
2_trans_2515.csv,1,1,1,1.0,1.0,6.630747659549276e-87,3.535156040399364e-42,2.95727892172488e-19
2_trans_1008.csv,1,1,1,0.9941301648058746,0.9941301648058746,2.0443390622493006e-24,0.005658469075421843,0.0002113661187036804
2_trans_1785.csv,1,1,1,0.999999999999998,0.999999999999998,6.063187628551072e-79,1.3863699109680991e-40,1.98406877219194e-15
2_trans_1949.csv,4,4,1,0.9993535016294294,0.0006464974048246278,3.5392628910164983e-15,9.65742494733396e-10,0.9993535016294294
2_trans_1544.csv,4,4,1,0.9994145242864156,0.000585475427023561,1.0969694886956844e-14,2.865497230589824e-10,0.9994145242864156
2_trans_1222.csv,1,1,1,0.9997876003253047,0.9997876003253047,5.134632465259754e-50,1.0768734605543226e-33,0.00021239967469537967
2_trans_1550.csv,1,1,1,0.9998468555448768,0.9998468555448768,8.88653757400932e-40,6.107949467574569e-16,0.000153144455122362
2_trans_2071.csv,1,1,1,0.9999999999930289,0.9999999999930289,2.6602038668671807e-62,1.1937730173444189e-25,6.971041509996539e-12
2_trans_1578.csv,1,1,1,0.9999999719202949,0.9999999719202949,2.0441925137269104e-49,6.766141935598297e-25,2.8079705050076233e-08
2_trans_2717.csv,1,1,1,0.9999999999999907,0.9999999999999907,3.1738491539314474e-67,4.780333136098057e-20,9.40255633018378e-15
2_trans_758.csv,1,1,1,0.9999999999999902,0.9999999999999902,3.547895966669335e-73,1.5234048750564299e-22,9.864908882797105e-15
2_trans_2930.csv,2,2,1,0.9999938932974531,1.0185340781724468e-15,0.9999938932974531,3.016176031876806e-13,6.106702244219746e-06
2_trans_1593.csv,1,1,1,1.0,1.0,1.751591300519055e-83,2.2978723320539028e-29,1.7266214531656964e-20
2_trans_957.csv,1,1,1,0.9999999985971859,0.9999999985971859,7.377575103466768e-49,1.021605318562196e-19,1.402814077178968e-09
2_trans_2139.csv,1,1,1,0.9759215080996533,0.9759215080996533,3.3224571117524594e-22,7.675070859968713e-05,0.024001741191747
2_trans_2887.csv,2,2,1,0.6250460639089059,0.0012160516519922812,0.6250460639089059,0.00043295586876775257,0.37330492857033404
2_trans_176.csv,1,1,1,0.9999999999999769,0.9999999999999769,7.070377800661236e-70,1.7380937025371365e-30,2.299848649170327e-14
2_trans_2893.csv,2,2,1,0.9999890198341617,2.931815494614041e-14,0.9999890198341617,1.2925661690334537e-14,1.0980165796169652e-05
2_trans_610.csv,1,1,1,0.9999943387736809,0.9999943387736809,1.599036008352609e-56,5.66122631753308e-06,1.6369136069928287e-15
2_trans_638.csv,1,1,1,0.9999999999994438,0.9999999999994438,3.5968793575515263e-59,1.6125303037393311e-21,5.563258974128052e-13
2_trans_1418.csv,1,1,1,0.8865449246337549,0.8865449246337549,3.8657331228335797e-16,2.589110329441791e-08,0.1134550494751413
2_trans_1154.csv,1,1,1,0.9999807368973339,0.9999807368973339,5.410306371914113e-34,1.9262439819906487e-05,6.62846173641851e-10
2_trans_406.csv,1,1,1,0.9999944285445869,0.9999944285445869,1.1765502558716714e-51,4.66794973494579e-33,5.571455413178117e-06
2_trans_1632.csv,1,1,1,0.9999999998605205,0.9999999998605205,1.9896369099713692e-53,1.626656915065861e-18,1.3947959978739953e-10
2_trans_1140.csv,1,1,1,0.9999999999833995,0.9999999999833995,1.9157916729429877e-46,1.3685179296078848e-17,1.6600510934992148e-11
2_trans_2313.csv,1,1,1,0.9999999999999767,0.9999999999999767,1.6933206138614628e-65,8.766638639604764e-22,2.3246664295636567e-14
2_trans_1197.csv,1,1,1,1.0,1.0,6.1862571358206825e-83,2.7636555787203927e-22,2.0734732187245108e-19
2_trans_1829.csv,1,1,1,0.9999999928350534,0.9999999928350534,9.376861328703797e-69,5.620014981362876e-26,7.164946538931223e-09
2_trans_1183.csv,1,1,1,0.9999999999874969,0.9999999999874969,5.273327903050188e-54,2.953577851575223e-29,1.2503212236036894e-11
2_trans_1696.csv,1,1,1,0.9999999999999998,0.9999999999999998,1.0382967910743049e-76,2.920626745865574e-30,1.9101595268966562e-16
2_trans_461.csv,1,1,1,0.9999999845625767,0.9999999845625767,3.367856322015726e-52,2.0336115181239423e-20,1.5437423376238543e-08
2_trans_1655.csv,3,3,1,0.5943826563816181,0.3880459387867595,1.6791381218802985e-15,0.5943826563816181,0.01757140483162072
2_trans_878.csv,1,1,1,0.999999999999996,0.999999999999996,3.808166527625591e-65,5.821080413692956e-19,4.045051259774698e-15
2_trans_844.csv,1,1,1,1.0,1.0,7.065804540890946e-81,2.6946273607191505e-26,6.773772721216847e-20
2_trans_1325.csv,1,1,1,0.9981224732322653,0.9981224732322653,1.2928972835717685e-41,7.757486665901353e-14,0.0018775267676570248
2_trans_111.csv,1,1,1,0.9999999999986777,0.9999999999986777,4.258903678901752e-67,4.438026890177615e-25,1.322369611572195e-12
2_trans_663.csv,1,1,1,0.9999955672864985,0.9999955672864985,1.2933503473182228e-37,1.2867540147039299e-12,4.432712214702013e-06
2_trans_2604.csv,1,1,1,0.9999999999957707,0.9999999999957707,1.0467724183142029e-52,1.7720862598846562e-22,4.229251268444663e-12
2_trans_2943.csv,4,4,1,0.9514509745336245,0.0011670883834397892,0.046668436808510606,0.0007135002744251785,0.9514509745336245
2_trans_918.csv,1,1,1,0.9989244718688045,0.9989244718688045,2.106880546304356e-33,5.121488562603804e-10,0.0010755276190464885
2_trans_703.csv,3,3,1,0.9999999086834214,9.131483234187896e-08,4.078325409995139e-36,0.9999999086834214,1.7462903659274088e-12
2_trans_1245.csv,1,1,1,0.9999999862767026,0.9999999862767026,2.907905778978443e-44,1.152546258977333e-08,2.1978347048714903e-09
2_trans_2764.csv,1,1,1,0.9999999999961777,0.9999999999961777,1.1841238924330717e-63,9.224536707735302e-17,3.822227165734317e-12
2_trans_2002.csv,1,1,1,0.9999999855882085,0.9999999855882085,5.542292399204361e-52,6.005805888637537e-13,1.4411190931843536e-08
2_trans_528.csv,1,3,0,0.5481173058365404,0.31869155190371007,3.9156412447471734e-17,0.5481173058365404,0.13319114225974946
2_trans_1708.csv,1,1,1,0.99999999999859,0.99999999999859,2.0152331959791669e-57,9.898245030158528e-30,1.4100303676037716e-12
2_trans_2201.csv,4,4,1,0.9999862153756014,1.3784624387460245e-05,2.247878637315521e-20,1.11471154169018e-14,0.9999862153756014
2_trans_1720.csv,1,1,1,0.999999999996315,0.999999999996315,1.5656122787443526e-48,4.033291235938609e-18,3.685144430369712e-12
2_trans_1052.csv,1,1,1,0.9999999890499461,0.9999999890499461,8.408576582624305e-51,5.838459073747092e-20,1.0950053865322246e-08
2_trans_1907.csv,4,4,1,0.9831010989701761,0.01689890102981265,9.024588800819776e-15,2.30803418078711e-15,0.9831010989701761
2_trans_1091.csv,1,1,1,0.9999999999991127,0.9999999999991127,7.503807890824233e-52,8.723500727665037e-13,1.483902741908777e-14
2_trans_2995.csv,2,2,1,0.9999976976307152,8.27223463049419e-14,0.9999976976307152,9.776517697671159e-13,2.3023682242234546e-06
2_trans_1536.csv,1,1,1,0.999999944438315,0.999999944438315,1.640074649931314e-54,3.7164696818543694e-28,5.5561685141717294e-08
2_trans_931.csv,1,1,1,0.9998598818061042,0.9998598818061042,3.872999674628775e-43,1.6455351413936783e-24,0.0001401181938959133
2_trans_2956.csv,4,4,1,0.9868189564043147,1.0204172432762263e-06,0.013180005916179066,1.726226299379996e-08,0.9868189564043147
2_trans_919.csv,1,1,1,0.9999999999999996,0.9999999999999996,2.6157121338246947e-74,2.6142657799411274e-26,4.576099306784649e-16
2_trans_2163.csv,1,4,0,0.8102054121499659,0.18979455543712162,3.299761092742933e-17,3.241291239606297e-08,0.8102054121499659
2_trans_138.csv,1,1,1,0.999999999995723,0.999999999995723,5.034084526794441e-64,4.277063461349328e-12,3.977032841995297e-17
2_trans_110.csv,1,1,1,0.9999999999993583,0.9999999999993583,2.2349128770293442e-60,2.483579752612995e-18,6.41774549482881e-13
2_trans_676.csv,1,1,1,0.9999999999952778,0.9999999999952778,1.299252792343892e-65,4.775734540815917e-19,4.722219925321798e-12
2_trans_845.csv,1,1,1,1.0,1.0,4.515174597914297e-92,2.3736972551137447e-36,2.949798341871428e-17
2_trans_851.csv,1,1,1,1.0,1.0,3.9875380369799235e-91,1.0207013785886378e-33,2.913395734833218e-20
2_trans_1495.csv,4,1,0,0.9810020555243876,0.9810020555243876,1.3240810471564546e-27,1.0081596594379954e-07,0.018997843659646428
2_trans_13.csv,1,1,1,0.99999744795926,0.99999744795926,2.4720240041927172e-51,1.9294712374716415e-21,2.552040739976335e-06
2_trans_879.csv,1,1,1,0.9999999999999889,0.9999999999999889,1.3607998444048744e-72,1.1457743596599532e-24,1.0994660063935193e-14
2_trans_1481.csv,1,1,1,0.9999999999998601,0.9999999999998601,1.8209582023632323e-61,7.740691753612918e-27,1.3993961674901586e-13
2_trans_2407.csv,3,1,0,0.6355829244296279,0.6355829244296279,2.7376803515080057e-24,0.3637165912550105,0.0007004843153614983
2_trans_2361.csv,4,4,1,0.9981405813959865,0.0018594150971834149,1.269964382548662e-11,3.4941304755680923e-09,0.9981405813959865
2_trans_448.csv,3,3,1,0.9687408793070473,0.03125741804475992,6.58524717196143e-30,0.9687408793070473,1.7026481927830643e-06
2_trans_2375.csv,1,1,1,0.9999995077144802,0.9999995077144802,6.617325437623511e-41,1.0971233830018154e-08,4.813142859814341e-07
2_trans_306.csv,4,4,1,0.9493337230730179,0.050666276896649175,4.0593344524444883e-23,3.033293194185836e-11,0.9493337230730179
2_trans_1132.csv,1,1,1,0.9981104658524558,0.9981104658524558,8.383019962111805e-32,0.0018691740098239682,2.0360137720205474e-05
2_trans_460.csv,1,1,1,0.6938116146392946,0.6938116146392946,2.793182865627291e-20,6.561687475870634e-07,0.30618772919195786
2_trans_2349.csv,1,1,1,0.9996215670441643,0.9996215670441643,1.9837167922695785e-40,9.906729233725648e-16,0.0003784329558348132
2_trans_1640.csv,1,1,1,0.9999999999947953,0.9999999999947953,4.047002332989986e-61,5.189302130435234e-12,1.5320236709772935e-14
2_trans_312.csv,4,4,1,0.7582015130121095,0.2342144364185471,1.3756018160194407e-13,0.007584050569205906,0.7582015130121095
2_trans_1871.csv,1,1,1,0.9999999986387209,0.9999999986387209,6.98755527726784e-54,7.343117306023356e-19,1.3612790653992705e-09
2_trans_1865.csv,1,4,0,0.728803267832877,0.2711967320118939,5.152078035252259e-32,1.5522909322474872e-10,0.728803267832877
2_trans_1124.csv,3,3,1,0.9901444009212826,0.00985473725426731,1.315166394685422e-25,0.9901444009212826,8.618244500235096e-07
2_trans_1642.csv,3,3,1,0.8723654009171822,0.1276345990798871,5.254464792464137e-39,0.8723654009171822,2.9307794464680186e-12
2_trans_2411.csv,1,1,1,0.9999997236397073,0.9999997236397073,2.82966622062755e-47,2.411724354833234e-13,2.763600515445659e-07
2_trans_2834.csv,2,2,1,0.9962562426687297,9.479387890877675e-13,0.9962562426687297,3.1160332095572416e-10,0.003743757018719024
2_trans_1454.csv,1,1,1,1.0,1.0,1.140103528538477e-92,2.5965865404966186e-36,1.831395686563775e-19
2_trans_660.csv,1,1,1,0.9907347696012708,0.9907347696012708,2.005884138759251e-31,2.3891967530094233e-22,0.00926523039872912
2_trans_2954.csv,2,2,1,0.9943931781748669,1.3066466169500586e-07,0.9943931781748669,1.575907904661583e-06,0.005605115252566769
2_trans_1246.csv,1,1,1,0.9923325162037284,0.9923325162037284,1.1109671580339418e-31,1.0255150691559054e-16,0.007667483796271486
2_trans_2015.csv,4,4,1,0.9720551124295588,0.027944887570435933,4.85624473955787e-22,5.298808166326328e-15,0.9720551124295588
2_trans_1508.csv,1,1,1,0.8943150351619502,0.8943150351619502,3.721219287531531e-27,9.883008399327955e-16,0.1056849648380488
2_trans_1050.csv,1,1,1,0.9999999999812414,0.9999999999812414,3.753891813775869e-63,1.4214811414437945e-21,1.8758609336149858e-11
2_trans_2571.csv,1,1,1,0.9990908078384895,0.9990908078384895,1.309156620074264e-41,2.615111612687105e-17,0.0009091921615105313
2_trans_2203.csv,1,1,1,0.9999985975779612,0.9999985975779612,4.171211393165089e-48,3.896176703036642e-12,1.4024181426874514e-06
2_trans_2216.csv,1,1,1,0.9922611673500865,0.9922611673500865,5.8216915804217565e-31,0.007420938268948312,0.0003178943809651359
2_trans_1079.csv,1,3,0,0.9780370573073658,0.021879500845189664,7.017471548463163e-23,0.9780370573073658,8.344184744452951e-05
2_trans_1051.csv,1,1,1,1.0,1.0,1.7495437305361872e-85,6.397065493416664e-28,6.230509684549146e-20
2_trans_265.csv,1,1,1,1.0,1.0,9.217760390663853e-75,1.7824999245726198e-32,1.7311044951040734e-18
2_trans_1737.csv,1,1,1,1.0,1.0,5.704650175532138e-88,1.2036908586649988e-35,4.0925630362636676e-20
2_trans_1086.csv,1,1,1,1.0,1.0,1.7372943041160117e-79,3.0787148235508705e-21,7.22168381289375e-18
2_trans_2000.csv,1,1,1,0.9999999999999998,0.9999999999999998,5.742289803223607e-73,3.5990756546547923e-20,2.6769222679548416e-16
2_trans_2772.csv,1,1,1,0.9999999999999998,0.9999999999999998,3.0992007519213407e-77,9.052502997589649e-23,1.6620665577275708e-16
2_trans_729.csv,1,1,1,0.9999741507199613,0.9999741507199613,4.74047034016125e-43,3.1677512049233624e-10,2.584896326368327e-05
2_trans_2014.csv,1,1,1,0.974522586033047,0.974522586033047,8.287736603967968e-31,2.737947049873267e-10,0.025477413693158313
2_trans_1535.csv,4,4,1,0.5501348365397738,0.44986516345477284,4.650254662667339e-23,5.453396292527214e-12,0.5501348365397738
2_trans_2982.csv,4,4,1,0.7982595790006644,1.7826173021388104e-08,0.20174040317245068,7.119306274772409e-13,0.7982595790006644
2_trans_1521.csv,1,1,1,0.9999999993195077,0.9999999993195077,7.233674001229269e-44,2.373542220736192e-22,6.804922500120159e-10
2_trans_2799.csv,1,1,1,0.9500439365290407,0.9500439365290407,1.615812276296285e-31,0.049951759036354036,4.304434605267031e-06
2_trans_2160.csv,4,4,1,0.5813125439693584,0.4186747574024204,1.9056676997405596e-24,1.2698628221098712e-05,0.5813125439693584
2_trans_1327.csv,1,1,1,0.999999880867606,0.999999880867606,6.47055233185422e-49,1.7952170960924613e-25,1.1913239401762303e-07
2_trans_1333.csv,1,1,1,0.9999516449133853,0.9999516449133853,1.047937853539097e-49,7.643384671462273e-22,4.8355086614598205e-05
2_trans_107.csv,3,3,1,0.9999912682257504,1.4992209808733799e-07,2.16952078783274e-23,0.9999912682257504,8.581852151573997e-06
2_trans_1455.csv,1,1,1,0.9999999999997717,0.9999999999997717,2.0250004437113965e-69,4.188798254553688e-21,2.2825084059996177e-13
2_trans_38.csv,1,1,1,0.9999999999918947,0.9999999999918947,1.1521688048548136e-50,5.335868738316124e-23,8.105213680698144e-12
2_trans_2821.csv,2,2,1,0.9999541372136556,3.2948914350295564e-12,0.9999541372136556,2.815369243307476e-11,4.586275489573357e-05
2_trans_10.csv,1,1,1,0.9999596867479784,0.9999596867479784,2.466099310633484e-42,1.1982069596876072e-13,4.031325190161889e-05
2_trans_2404.csv,1,1,1,0.999992693993545,0.999992693993545,1.789075878318888e-39,1.0419709105057116e-14,7.3060064445830036e-06
2_trans_339.csv,1,1,1,0.999986432964519,0.999986432964519,1.5894740449968116e-36,1.356696478230593e-05,7.069871725066929e-11
2_trans_1125.csv,1,1,1,1.0,1.0,1.2145959981578574e-96,2.3718071891474516e-42,1.3467562455266096e-18
2_trans_477.csv,1,1,1,1.0,1.0,8.002465639443819e-101,1.5394062377313737e-35,2.847349201181212e-20
2_trans_1657.csv,1,1,1,0.9999999999999383,0.9999999999999383,9.783220888855854e-53,2.969737178053632e-19,6.177443009405406e-14
2_trans_463.csv,1,1,1,0.9999999999999876,0.9999999999999876,9.835837752520303e-68,4.993713547793357e-15,7.450594134155185e-15
2_trans_305.csv,1,1,1,0.9999999930478576,0.9999999930478576,6.434901568691627e-54,7.52491628079985e-21,6.9521423757420996e-09
2_trans_1680.csv,1,1,1,0.9999999999980216,0.9999999999980216,1.2433836426032005e-63,3.1062635305068474e-27,1.9785152950800045e-12
2_trans_2400.csv,1,1,1,0.999999999993636,0.999999999993636,1.1509521121164663e-64,4.150571648854199e-16,6.363532873511504e-12
2_trans_301.csv,1,1,1,0.9998378275055864,0.9998378275055864,1.6083388727499673e-37,1.2821480430255846e-32,0.00016217249441364954
2_trans_467.csv,1,1,1,0.9999999999626963,0.9999999999626963,1.7150708709922268e-65,4.2666254822922977e-32,3.7303614424063145e-11
2_trans_1653.csv,1,1,1,0.9999999981241707,0.9999999981241707,4.132001776271253e-49,1.8362213909150167e-09,3.960793322549863e-11
2_trans_1647.csv,1,1,1,1.0,1.0,4.1772834195923865e-81,4.795321424297704e-25,2.351179940944351e-18
2_trans_2428.csv,1,1,1,1.0,1.0,1.4933477072406619e-83,1.0708932429744559e-26,5.981142026430958e-20
2_trans_842.csv,1,1,1,0.9999846116368013,0.9999846116368013,1.2862665066754466e-40,1.0273219442541412e-22,1.538836319860485e-05
2_trans_856.csv,1,1,1,0.9999999975887415,0.9999999975887415,1.0357537313462099e-42,8.489159474751576e-15,2.411250128516485e-09
2_trans_2825.csv,2,2,1,0.9996189116264249,4.3581261465706755e-12,0.9996189116264249,3.00227065935249e-09,0.0003810853669462267
2_trans_2831.csv,2,2,1,0.9999779245203141,7.09246403098742e-14,0.9999779245203141,1.5680422046133706e-13,2.2075479458477062e-05
2_trans_2602.csv,3,3,1,0.7495351411363119,0.2504648565708346,1.202039121506663e-25,0.7495351411363119,2.2928534727818166e-09
2_trans_1479.csv,1,1,1,0.99999988459114,0.99999988459114,6.941974535224803e-51,9.211235087198745e-20,1.154088599628542e-07
2_trans_895.csv,1,1,1,0.9999999999999982,0.9999999999999982,3.940939038349695e-80,3.017955843447833e-28,1.677977692656708e-15
2_trans_2170.csv,1,1,1,0.9999999995836624,0.9999999995836624,1.9779594259890636e-64,8.945958425924524e-25,4.163376656788516e-10
2_trans_1451.csv,4,4,1,0.9900492110339523,0.009950779943462346,1.386907189543188e-15,9.022583863927931e-09,0.9900492110339523
2_trans_103.csv,4,4,1,0.8854187669524575,0.1145812330475116,3.2343668172054943e-28,3.096014605896529e-14,0.8854187669524575
2_trans_1337.csv,4,4,1,0.9791476416715329,0.020852341679002528,1.0748760120316937e-16,1.6649464481014554e-08,0.9791476416715329
2_trans_671.csv,1,1,1,0.9999999999861466,0.9999999999861466,1.0219433844673982e-54,5.1557209175087166e-23,1.3853353058952834e-11
2_trans_1445.csv,1,1,1,0.8941281192575434,0.8941281192575434,5.0226156909376034e-27,8.341395799265736e-14,0.10587188074237318
2_trans_922.csv,1,1,1,0.999999999998332,0.999999999998332,9.384087433177574e-75,6.956880297782217e-35,1.6679218755449045e-12
2_trans_2010.csv,4,4,1,0.9929966439664898,0.007003147642748916,6.3764514369452506e-09,2.0201430994122654e-07,0.9929966439664898
2_trans_2004.csv,3,1,0,0.694839847182272,0.694839847182272,3.2760973971511512e-18,0.3045856657866046,0.0005744870311232859
2_trans_711.csv,1,1,1,0.9999498236542603,0.9999498236542603,3.920204838060981e-33,2.6985263125473365e-05,2.31910826140687e-05
2_trans_1.csv,3,3,1,0.7996429377486557,0.003014666349786405,1.6678257212487734e-15,0.7996429377486557,0.19734239590155622
2_trans_1257.csv,1,1,1,1.0,1.0,5.555795279467741e-90,8.537990257058382e-25,8.697123827460755e-20
2_trans_2986.csv,2,2,1,0.9999604810483919,4.880274390107622e-14,0.9999604810483919,2.264885619456373e-12,3.951894929433076e-05
2_trans_2038.csv,3,1,0,0.6719157405013502,0.6719157405013502,3.100472351894769e-33,0.3280842594370384,6.161153517796466e-11
2_trans_705.csv,1,3,0,0.6980453449102542,0.15055776279315736,3.2222541427628984e-10,0.6980453449102542,0.15139689197436307
2_trans_1531.csv,1,1,1,0.9999999999999993,0.9999999999999993,3.630336874846454e-75,5.272874325770142e-34,6.767669033354287e-16
2_trans_1096.csv,1,1,1,0.9922863412824225,0.9922863412824225,8.281955506794695e-52,0.0077136587163960735,1.181340002323757e-12
2_trans_2212.csv,1,1,1,0.999999998353921,0.999999998353921,4.4375189909342525e-67,1.7010554581540936e-36,1.6460790586819714e-09
2_trans_2206.csv,1,1,1,1.0,1.0,4.7868941719349084e-58,1.0113349608397519e-20,2.9495476365382167e-17
2_trans_1733.csv,1,1,1,0.9999990013265879,0.9999990013265879,1.3796306005614731e-55,9.986613049607862e-07,1.2107258271491005e-11
2_trans_261.csv,1,1,1,0.9999437585983886,0.9999437585983886,2.3248837715307122e-38,1.898548598566673e-07,5.605154675158527e-05
2_trans_1055.csv,1,1,1,0.999998554302996,0.999998554302996,2.76817617008817e-52,1.4983695739834585e-20,1.4456970039555718e-06
2_trans_1732.csv,1,1,1,0.9999999999999964,0.9999999999999964,3.384558717338984e-74,7.64595751514397e-19,3.555468211104218e-15
2_trans_1040.csv,1,1,1,0.9999999851020933,0.9999999851020933,1.463801379064507e-37,7.22137145267402e-12,1.4890685261785915e-08
2_trans_1726.csv,1,1,1,0.9999999999992857,0.9999999999992857,1.1277289957260105e-68,6.673608682217831e-21,7.143204683603887e-13
2_trans_2207.csv,1,1,1,0.9999999999998783,0.9999999999998783,2.113173829218044e-71,2.6359081209228853e-26,1.2170519495261413e-13
2_trans_248.csv,1,1,1,0.9981648703520205,0.9981648703520205,5.764148888055806e-42,1.0451319028198132e-13,0.0018351296478748592
2_trans_2575.csv,1,1,1,1.0,1.0,1.913000172832912e-74,3.7864892962446593e-22,1.47664667207963e-17
2_trans_2213.csv,1,1,1,0.9999999999998073,0.9999999999998073,5.917889332577046e-65,1.7251848598726596e-18,1.9262623385117218e-13
2_trans_1929.csv,1,4,0,0.9563099913536736,0.04369000863610009,3.267381142769372e-23,1.0226368885761192e-11,0.9563099913536736
2_trans_1915.csv,1,1,1,0.9999999999167009,0.9999999999167009,3.145861873058661e-54,2.6172613751598323e-15,8.32965469489242e-11
2_trans_1256.csv,3,3,1,0.9999994807966235,5.190272689855202e-07,1.5473701788133975e-28,0.9999994807966235,1.7610756797982004e-10
2_trans_1530.csv,1,1,1,0.9999999415394557,0.9999999415394557,1.3324320028028896e-57,5.846054392873282e-08,3.531376942838296e-16
2_trans_1524.csv,1,1,1,0.9999999999811378,0.9999999999811378,1.1980997737821884e-71,1.1730572143678148e-25,1.886217130288474e-11
2_trans_2993.csv,4,2,0,0.8016613936038635,2.8001863091143407e-05,0.8016613936038635,0.0009156495386494405,0.19739495499439583
2_trans_2005.csv,1,1,1,0.9999999999999971,0.9999999999999971,3.807507232032813e-68,1.9747899161152326e-20,2.8828323262327765e-15
2_trans_1518.csv,1,1,1,0.9999999991273523,0.9999999991273523,4.771150503766138e-54,5.58692135036539e-16,8.726471662671588e-10
2_trans_1281.csv,1,1,1,0.9999907400605957,0.9999907400605957,4.1287227238829205e-35,2.8024799449094134e-16,9.259939404003712e-06
2_trans_664.csv,1,1,1,0.9999999999999851,0.9999999999999851,1.0055972023992676e-81,1.7357716039996034e-37,1.4805908315601703e-14
2_trans_102.csv,1,1,1,1.0,1.0,3.7264724000429464e-81,1.3563413716949556e-25,2.698482464825143e-19
2_trans_2171.csv,1,1,1,0.9999999999999998,0.9999999999999998,3.859699892344308e-67,3.543327714413075e-21,2.2140197885235347e-16
2_trans_1493.csv,1,1,1,0.9859831057577112,0.9859831057577112,6.813944033933458e-25,0.0014557785039690668,0.012561115738319582
2_trans_29.csv,1,1,1,0.9997101397285266,0.9997101397285266,1.8618253417044836e-29,3.2747478588904503e-12,0.00028986026819867705
2_trans_472.csv,1,1,1,0.9999999999411622,0.9999999999411622,2.014297592778447e-69,3.7486967717913294e-27,5.883771919768987e-11
2_trans_300.csv,1,1,1,0.9987843287825677,0.9987843287825677,4.2942007161609115e-24,4.9851032315597235e-14,0.0012156712173823656
2_trans_1134.csv,1,4,0,0.6263008126467213,0.26366743376046464,3.9981001569645146e-05,0.10999177259124437,0.6263008126467213
2_trans_2373.csv,1,1,1,0.9999996652132259,0.9999996652132259,7.579502412871914e-52,2.3536365281564323e-23,3.347867741432117e-07
2_trans_2415.csv,1,1,1,0.9816244096274309,0.9816244096274309,8.027144735573917e-36,3.604158435858564e-16,0.018375590372568675
2_trans_1685.csv,3,3,1,0.7834044776858756,0.10187752011795774,2.494926273342857e-18,0.7834044776858756,0.11471800219616674
2_trans_2398.csv,1,1,1,0.9999999999999769,0.9999999999999769,4.7585743677204694e-71,3.9950779205490867e-22,2.3086475517143802e-14
2_trans_1687.csv,1,1,1,0.9999999877056439,0.9999999877056439,1.2745379724488784e-45,1.2282227756706697e-08,1.2128230800338054e-11
2_trans_1693.csv,1,1,1,0.9999999999992057,0.9999999999992057,2.318315990795543e-65,9.27828330370507e-27,7.942147191818139e-13
2_trans_2371.csv,1,1,1,0.9999999739448131,0.9999999739448131,1.0847436718183031e-38,2.9131718207739404e-10,2.5763869627225243e-08
2_trans_2365.csv,1,1,1,0.998093084577563,0.998093084577563,4.162331871037348e-33,5.578147690433441e-19,0.0019069154224369176
2_trans_316.csv,1,1,1,0.9999999999959974,0.9999999999959974,1.3600889541937296e-52,6.380108636855774e-13,3.3646368252111187e-12
2_trans_470.csv,1,1,1,0.9974567224996904,0.9974567224996904,5.401092687712158e-36,1.6195233850812983e-07,0.0025431155479709935
2_trans_2359.csv,1,1,1,0.9999904002606663,0.9999904002606663,5.3089659874582314e-33,9.31173901187759e-06,2.8800032172009186e-07
2_trans_464.csv,1,1,1,0.9999999999745623,0.9999999999745623,2.8867628583492548e-55,2.252975089432039e-13,2.5212225200773283e-11
2_trans_1136.csv,1,1,1,0.9999999999992781,0.9999999999992781,3.8051184194217443e-78,4.877126435794522e-27,7.218036443882184e-13
2_trans_1485.csv,1,1,1,0.9991690672100749,0.9991690672100749,2.5063729823696697e-28,8.990104369201522e-10,0.0008309318909145797
2_trans_2198.csv,1,1,1,0.9999999861614499,0.9999999861614499,1.801019327966097e-45,1.1597969055735083e-19,1.3838550179846437e-08
2_trans_17.csv,3,3,1,0.9213914562344805,0.07859905359788726,6.243446912491785e-28,0.9213914562344805,9.490167632274573e-06
2_trans_1491.csv,1,1,1,0.9999999999999141,0.9999999999999141,7.20789936669419e-73,8.623155695168056e-22,8.586011822551441e-14
2_trans_128.csv,4,4,1,0.9999451858699591,5.4814129969120245e-05,2.2016049453574565e-23,7.178135325461711e-14,0.9999451858699591
2_trans_2601.csv,1,1,1,0.9999948628845748,0.9999948628845748,4.9901268312074615e-43,1.4320694845735508e-22,5.137115425253075e-06
2_trans_1446.csv,1,1,1,0.9999999999741698,0.9999999999741698,7.923560511192306e-54,1.9897716756200645e-11,5.932512768748189e-12
2_trans_1320.csv,1,1,1,0.9999999999394578,0.9999999999394578,5.492920691292139e-56,3.97119318704476e-16,6.054185439963392e-11
2_trans_2946.csv,4,4,1,0.8878183532512169,3.384876518840538e-05,0.1116264179836651,0.0005213799999295944,0.8878183532512169
2_trans_1283.csv,1,1,1,0.9999991920464704,0.9999991920464704,2.2234730505144696e-42,1.9719640601791735e-16,8.079535294851008e-07
2_trans_909.csv,1,1,1,0.9999915017601224,0.9999915017601224,4.655376939908397e-33,4.152773852147149e-13,8.498239462292569e-06
2_trans_2749.csv,1,1,1,0.9997546519622393,0.9997546519622393,3.1988518697093766e-39,0.00024272984178417634,2.618195976443991e-06
2_trans_1095.csv,1,1,1,0.9999999998137783,0.9999999998137783,7.548921657889337e-55,3.2583608843503144e-20,1.8622173186665233e-10
2_trans_1081.csv,4,4,1,0.9996424101225092,0.00035755356134422223,2.3130768691038905e-08,1.3185377832234656e-08,0.9996424101225092
2_trans_1056.csv,1,1,1,0.9999999496633297,0.9999999496633297,1.3409090079178799e-43,7.304776841051294e-17,5.033667019937179e-08
2_trans_504.csv,1,1,1,0.8676322472056227,0.8676322472056227,2.1143995113406348e-22,0.1323479046742077,1.9848120169644147e-05
2_trans_2239.csv,1,1,1,0.9999043042919254,0.9999043042919254,2.440632705972391e-28,1.5299161995470112e-12,9.569570654457926e-05
2_trans_510.csv,1,1,1,0.9993975389547595,0.9993975389547595,9.721996236906125e-22,4.5879057047336304e-07,0.0006020022546700442
2_trans_276.csv,1,1,1,0.999999999985637,0.999999999985637,4.02821966812025e-58,1.1761875242814009e-14,1.435127643819225e-11
2_trans_1725.csv,1,1,1,0.9999999999999529,0.9999999999999529,1.946558350692132e-61,2.7361718929833963e-20,4.7008046430926305e-14
2_trans_511.csv,1,1,1,0.9999999999999949,0.9999999999999949,2.720944410969324e-65,1.9849490840968205e-24,5.1919736172842745e-15
2_trans_2238.csv,1,1,1,0.8786129175321614,0.8786129175321614,1.527960753630613e-23,0.12131091386028564,7.616860755285828e-05
2_trans_1731.csv,1,1,1,1.0,1.0,2.301867061414193e-84,3.0253365769693237e-20,1.1367244776605092e-21
2_trans_2562.csv,1,1,1,0.9999999999999629,0.9999999999999629,3.2535080651543275e-61,7.378834366498856e-15,2.975596020278902e-14
2_trans_1080.csv,1,1,1,0.9999999999999998,0.9999999999999998,4.658873579935932e-63,9.52087335862754e-18,2.0225565240056882e-16
2_trans_1902.csv,3,1,0,0.886451849202611,0.886451849202611,5.479396510907076e-21,0.11272183559268484,0.0008263152047042925
2_trans_288.csv,1,1,1,0.999996336236989,0.999996336236989,1.7439614993888686e-24,1.2551652980336799e-07,3.538246481213989e-06
2_trans_1527.csv,1,1,1,0.9999999998453826,0.9999999998453826,1.217985888914739e-67,9.17297917443446e-28,1.5461751458090858e-10
2_trans_2984.csv,2,2,1,0.9999938282730592,4.739802051682514e-16,0.9999938282730592,6.500602874223822e-14,6.171726875367168e-06
2_trans_2760.csv,1,1,1,1.0,1.0,1.645004360718154e-75,6.1123197830692014e-24,2.8018876582741474e-18
2_trans_2953.csv,4,4,1,0.697041297405385,3.948005213865516e-05,0.13521403338885543,0.1677051891536208,0.697041297405385
2_trans_1296.csv,1,4,0,0.5790951775066491,0.4209048211022247,2.1713654229395587e-18,1.3911262048066487e-09,0.5790951775066491
2_trans_1335.csv,1,1,1,0.9999999999999709,0.9999999999999709,1.0916197703700516e-74,1.8357167852727907e-24,2.915543828564059e-14
2_trans_2628.csv,1,1,1,0.9999999985798003,0.9999999985798003,3.5728307107115485e-51,2.1722957062193757e-10,1.2029702646934397e-09
2_trans_1321.csv,1,1,1,1.0,1.0,7.966499302729066e-75,1.2704202817369806e-18,8.268720794048274e-18
2_trans_883.csv,1,1,1,1.0,1.0,1.8202677579988332e-82,3.2693243301596805e-24,3.8791037113576654e-17
2_trans_2172.csv,1,1,1,0.705621720456432,0.705621720456432,1.3496694400410615e-19,9.033194772578072e-08,0.2943781892116203
2_trans_897.csv,1,1,1,1.0,1.0,9.64555807196438e-79,1.1090911517796324e-25,2.8694149192907125e-19
2_trans_129.csv,3,3,1,0.9999999147572037,8.52414284132405e-08,3.5505591396552554e-23,0.9999999147572037,1.367871277545666e-12
2_trans_2827.csv,2,2,1,0.9999975056069562,1.2545657931125382e-16,0.9999975056069562,1.7503360391304416e-16,2.494393043392619e-06
2_trans_16.csv,1,1,1,0.9999984598146642,0.9999984598146642,1.0122838153252023e-49,4.713007634804076e-23,1.540185335877956e-06
2_trans_868.csv,4,4,1,0.9979029705912751,0.0014523273888440746,3.386391980551743e-07,0.000644363380682854,0.9979029705912751
2_trans_698.csv,1,1,1,0.9999999999998781,0.9999999999998781,2.963352939399501e-72,2.9632740212430426e-33,1.2196688132561917e-13
2_trans_840.csv,1,1,1,1.0,1.0,1.9997789810091146e-69,4.941392966063828e-18,8.136267164480497e-18
2_trans_1889.csv,1,1,1,0.9999999998199249,0.9999999998199249,2.4793186233340886e-46,1.4926640551473637e-13,1.79925888305651e-10
2_trans_2358.csv,1,1,1,0.9987477171108509,0.9987477171108509,1.9497853726991042e-31,1.7356693095714755e-09,0.0012522811534798465
2_trans_317.csv,1,1,1,0.9999998802397535,0.9999998802397535,1.182869355999799e-46,2.8959978971990907e-15,1.1976024360372955e-07
2_trans_459.csv,1,1,1,0.9999999998389322,0.9999999998389322,2.8220055161924586e-54,7.964656340474432e-14,1.609880724189206e-10
2_trans_1686.csv,1,1,1,0.9999999999999891,0.9999999999999891,1.0882428106987478e-72,1.7755574140037222e-24,1.0771986145161768e-14
