id,true_label,predicted_label,correct,confidence,p_class_1,p_class_2,p_class_3,p_class_4
2_trans_1853.csv,1,1,1,0.9999999982901007,0.9999999982901007,1.8490147470151423e-42,8.630841004117711e-11,1.6235908935144892e-09
2_trans_1106.csv,1,1,1,0.999287754899966,0.999287754899966,1.481520488467313e-19,3.654610213143498e-08,0.0007122085539319124
2_trans_1112.csv,1,1,1,0.9999999999890157,0.9999999999890157,2.2829067331297963e-50,5.0526699094085135e-12,5.931673913596206e-12
2_trans_1674.csv,1,1,1,0.9999996681492964,0.9999996681492964,4.070491970050035e-39,9.643784879895846e-15,3.318506940415214e-07
2_trans_1890.csv,1,1,1,0.7579759252944483,0.7579759252944483,3.6419832761331355e-20,0.24100501224286325,0.0010190624626884805
2_trans_1648.csv,1,3,0,0.8609142715765493,0.13908414228679944,1.225888436484343e-19,0.8609142715765493,1.5861366511932262e-06
2_trans_33.csv,1,1,1,0.9999999999900775,0.9999999999900775,3.561327704165698e-50,3.7904870013564937e-16,9.921954243879038e-12
2_trans_871.csv,1,1,1,0.9999823710162223,0.9999823710162223,4.6988413376361186e-26,2.5769620763725586e-09,1.762640681566028e-05
2_trans_1462.csv,1,1,1,0.9999540977604997,0.9999540977604997,1.0188316474794192e-26,4.588153952002776e-05,2.069998040191424e-08
2_trans_1476.csv,1,1,1,0.9817021818769592,0.9817021818769592,1.3822056136344847e-07,0.002919566327692052,0.01537811357478746
2_trans_2619.csv,1,1,1,0.8494107736674643,0.8494107736674643,2.5850906339434525e-14,0.00040777732924624985,0.1501814490032634
2_trans_1338.csv,1,1,1,0.9999999980237315,0.9999999980237315,1.46903043648023e-51,1.94541801958423e-09,3.0850445312895265e-11
2_trans_2631.csv,1,1,1,0.9999989263383388,0.9999989263383388,2.278799591487626e-31,2.5490665271159e-07,8.187550085599776e-07
2_trans_2625.csv,1,1,1,0.9990070412165567,0.9990070412165567,4.8572900606718055e-26,0.00043759719637845947,0.0005553615870650034
2_trans_939.csv,4,1,0,0.8781530937885257,0.8781530937885257,3.500850816565471e-14,0.04000082337229473,0.08184608283914459
2_trans_722.csv,1,1,1,0.9996799473286483,0.9996799473286483,6.990999213792059e-29,0.0002892962901013449,3.0756381250488965e-05
2_trans_1258.csv,4,4,1,0.6779817985750857,0.3219000619007716,0.0001166859088454083,1.4536152972371384e-06,0.6779817985750857
2_trans_285.csv,1,1,1,0.9999812628258935,0.9999812628258935,1.0735853853312748e-32,3.3356538365561074e-09,1.8733838452690488e-05
2_trans_1933.csv,1,1,1,0.9909432040909938,0.9909432040909938,6.246938992087346e-15,0.005216224258540412,0.003840571650459611
2_trans_1927.csv,1,1,1,0.9999965292070806,0.9999965292070806,1.5975915562078895e-24,6.142335175736933e-08,3.4093695677785103e-06
2_trans_1700.csv,1,1,1,0.9999997919165167,0.9999997919165167,1.8521875185630574e-36,7.24313867958523e-10,2.073591694731889e-07
2_trans_534.csv,1,1,1,0.9999916074893506,0.9999916074893506,1.2258178492780497e-22,7.580776296258069e-06,8.117343533230437e-07
2_trans_2209.csv,1,1,1,0.9999936028406913,0.9999936028406913,3.44081705072495e-27,1.3841447478391e-07,6.258744833969868e-06
2_trans_2221.csv,1,1,1,0.9992965410504808,0.9992965410504808,8.475650135865883e-22,2.091358144045937e-05,0.0006825453680786501
2_trans_2547.csv,1,1,1,0.9995983394931158,0.9995983394931158,1.7039318346679388e-19,2.935541791980888e-08,0.0004016311514663981
2_trans_2220.csv,1,4,0,0.9144013428633176,0.08530873703275309,2.4173349216043805e-11,0.0002899200797559218,0.9144013428633176
2_trans_1729.csv,1,1,1,0.9999999999458857,0.9999999999458857,8.713028331516183e-46,6.137934443055741e-19,5.411418095851099e-11
2_trans_2546.csv,1,1,1,0.7019861333554426,0.7019861333554426,1.0952125686575415e-16,0.2980111705326708,2.696111886545653e-06
2_trans_2208.csv,1,1,1,0.9825660661287519,0.9825660661287519,7.043868918762011e-25,2.2546808157377487e-07,0.017433708403166704
2_trans_1701.csv,1,1,1,0.9999999882750402,0.9999999882750402,1.7648750908070147e-42,1.5322607566994014e-14,1.1724944332250824e-08
2_trans_247.csv,1,1,1,0.9999999998861957,0.9999999998861957,6.325134251019827e-42,6.149490092184929e-12,1.0765488016281636e-10
2_trans_2591.csv,1,1,1,0.9999999999177722,0.9999999999177722,4.227317055699148e-56,8.222533776188425e-11,2.4451871353909282e-15
2_trans_1926.csv,1,1,1,0.9999999999901663,0.9999999999901663,7.835425304248173e-57,9.714886758244464e-12,1.1871420948960035e-13
2_trans_1932.csv,1,1,1,0.9544999850285472,0.9544999850285472,1.0882143421792539e-19,0.04549918647211693,8.284993359263165e-07
2_trans_1259.csv,1,1,1,0.9999229963168692,0.9999229963168692,6.082445296857626e-23,7.330668507419358e-07,7.627061628007871e-05
2_trans_2744.csv,1,1,1,0.994994940838228,0.994994940838228,1.1721324258839905e-24,4.3053964385449945e-05,0.004962005197386284
2_trans_1503.csv,1,1,1,0.9999999999525049,0.9999999999525049,2.265269243588249e-52,2.560714584196579e-11,2.188809837108671e-11
2_trans_2787.csv,1,1,1,0.9999999965964816,0.9999999965964816,5.3223482004530926e-30,6.57163268257957e-14,3.4034526672515927e-09
2_trans_2977.csv,2,2,1,0.6254859448544693,0.00015102536765618674,0.6254859448544693,3.419416803798956e-05,0.3743288356098366
2_trans_938.csv,1,1,1,0.9999999873277988,0.9999999873277988,2.21074856893011e-42,4.53037126307345e-11,1.2626897335423611e-08
2_trans_2142.csv,3,3,1,0.9794765550379605,0.02052070081410568,7.62778675193877e-10,0.9794765550379605,2.7433851552635724e-06
2_trans_119.csv,3,1,0,0.592638456654286,0.592638456654286,2.3898888327171695e-11,0.39939114406373993,0.007970399258075158
2_trans_2156.csv,1,1,1,0.9919236298574567,0.9919236298574567,6.791273522512276e-13,0.008074286617393848,2.083524470295304e-06
2_trans_125.csv,1,1,1,0.9999999699416946,0.9999999699416946,2.32530501425805e-40,1.0064994287920671e-08,1.999331096467641e-08
2_trans_864.csv,1,1,1,0.9999999256307128,0.9999999256307128,1.4145800312288017e-37,1.2766872404111473e-10,7.424161840004203e-08
2_trans_2181.csv,1,1,1,0.9999999812287085,0.9999999812287085,7.68095738297947e-40,9.054592442198202e-13,1.8770385925194003e-08
2_trans_680.csv,1,1,1,0.6725231879480841,0.6725231879480841,6.540600598313081e-07,0.20022200277529575,0.12725415521656044
2_trans_1891.csv,1,1,1,0.9880190138808401,0.9880190138808401,1.0343406990667939e-23,0.010569582665356327,0.0014114034538034652
2_trans_2432.csv,1,1,1,0.9999362644229149,0.9999362644229149,2.177390763580972e-20,4.63122964331817e-10,6.373511396218245e-05
2_trans_327.csv,3,4,0,0.6594858756663421,0.016969562810751095,2.0290666227465535e-07,0.32354435861624453,0.6594858756663421
2_trans_455.csv,1,1,1,0.9990501957927163,0.9990501957927163,1.5438630827630925e-19,2.449651898932294e-05,0.0009253076882943238
2_trans_2368.csv,1,1,1,0.9803486428657022,0.9803486428657022,1.596475294182863e-16,0.01780481401261726,0.0018465431216801523
2_trans_1852.csv,1,3,0,0.9795736384946382,0.009410046049331187,4.2346485957088247e-10,0.9795736384946382,0.011016315032565904
2_trans_482.csv,1,1,1,0.9999999999982965,0.9999999999982965,1.1003504009215904e-44,6.127645059453813e-15,1.6972692467731073e-12
2_trans_496.csv,1,1,1,0.9857075693585089,0.9857075693585089,1.620041608047011e-10,0.009220269189740019,0.005072161289747024
2_trans_1688.csv,1,1,1,0.9979603248663081,0.9979603248663081,3.5008268383633216e-11,2.3556069231803477e-07,0.0020394395379914614
2_trans_2395.csv,1,1,1,0.9999999999877283,0.9999999999877283,4.2615243468390024e-46,2.429664595506833e-14,1.2247543987694739e-11
2_trans_1111.csv,4,4,1,0.655448493959317,0.3388610780717222,3.874890941125632e-11,0.0056904279302117155,0.655448493959317
2_trans_1105.csv,1,1,1,0.999994441775497,0.999994441775497,3.533351530958681e-32,2.2174023418772206e-07,5.336484268774028e-06
2_trans_331.csv,1,1,1,0.9999992198861045,0.9999992198861045,8.300871570836212e-43,7.655288560444865e-11,7.80037342548237e-07
2_trans_1663.csv,1,1,1,0.9999999779258038,0.9999999779258038,5.322195499074221e-40,1.2689781818880256e-13,2.2074069456609212e-08
2_trans_2430.csv,1,1,1,0.9999999936935899,0.9999999936935899,7.79767901588663e-33,7.449996966414322e-12,6.29895995341689e-09
2_trans_1139.csv,3,3,1,0.9745745295546041,0.025423379451586403,5.15454153429261e-12,0.9745745295546041,2.0909886547845254e-06
2_trans_682.csv,1,1,1,0.9992704193168871,0.9992704193168871,1.1498363292698226e-14,0.0006711198554384795,5.8460827662787514e-05
2_trans_696.csv,1,1,1,0.8433314547516969,0.8433314547516969,2.6951516038971717e-07,0.006245048702400545,0.15042322703074218
2_trans_2815.csv,2,2,1,0.9271317691874064,1.1364248378152482e-05,0.9271317691874064,6.15811855931388e-06,0.0728507084456563
2_trans_2197.csv,1,1,1,0.9999999620784322,0.9999999620784322,3.309360056204565e-37,3.7759498742828374e-08,1.620690028900081e-10
2_trans_872.csv,1,1,1,0.9947786256617233,0.9947786256617233,2.6597723321164096e-18,0.00374590959323795,0.0014754647450387402
2_trans_641.csv,1,1,1,0.999998063301075,0.999998063301075,6.573184609417796e-36,1.906059755026029e-06,3.063917014679615e-08
2_trans_899.csv,1,1,1,0.9999999741851922,0.9999999741851922,4.310019648603923e-37,7.0345978774968184e-09,1.8780209995771947e-08
2_trans_1475.csv,3,3,1,0.99911366091318,0.0008793193285245475,8.54600067960295e-11,0.99911366091318,7.019672835456733e-06
2_trans_2975.csv,4,4,1,0.9618995640487077,0.001939617502456233,0.036057730930555275,0.00010308751828086649,0.9618995640487077
2_trans_2949.csv,2,4,0,0.7754729654864744,7.05142092163645e-05,0.22443370053020442,2.2819774104829292e-05,0.7754729654864744
2_trans_2785.csv,1,1,1,0.9999999999985556,0.9999999999985556,1.102498707117004e-49,6.114587105453407e-13,8.329962736621645e-13
2_trans_2008.csv,4,4,1,0.6771098665452375,0.3228722587190229,1.876618203659015e-10,1.7874548077771158e-05,0.6771098665452375
2_trans_1515.csv,1,1,1,0.992426777760482,0.992426777760482,4.244352445077635e-15,0.007571205597982411,2.0166415314068836e-06
2_trans_721.csv,1,1,1,0.999999980364508,0.999999980364508,2.2782348530079956e-41,7.215318015004032e-10,1.891396028934067e-08
2_trans_1273.csv,1,1,1,0.9999999999998446,0.9999999999998446,9.215367806550682e-56,7.465179959604955e-18,1.5543545829629574e-13
2_trans_2593.csv,1,1,1,0.9999138474794591,0.9999138474794591,1.8661658545373973e-34,6.227696084070041e-14,8.615252047872037e-05
2_trans_1065.csv,1,1,1,0.9999999268779929,0.9999999268779929,1.2264298963157117e-34,2.5132318381096113e-16,7.3122006942972e-08
2_trans_2578.csv,1,1,1,0.9999999973330476,0.9999999973330476,5.954438285963046e-32,2.1808159190105807e-12,2.6647714870915427e-09
2_trans_2236.csv,1,1,1,0.8207592762115462,0.8207592762115462,1.7577192939700857e-17,0.1792400337441954,6.900442583288384e-07
2_trans_2551.csv,1,1,1,0.9999981722876,0.9999981722876,8.620205406871147e-26,2.0810033533487055e-08,1.8069023664461116e-06
2_trans_1716.csv,1,1,1,0.9999999835404116,0.9999999835404116,2.196469048799895e-42,2.8814555787678495e-17,1.6459588286311457e-08
2_trans_522.csv,4,4,1,0.7105744055570568,0.2893911327349877,7.66795511886573e-08,3.438502840428568e-05,0.7105744055570568
2_trans_536.csv,1,1,1,0.9999997433585252,0.9999997433585252,4.874159798379872e-38,2.0954608050877845e-07,4.709539430643922e-08
2_trans_1064.csv,1,1,1,0.9999999991904422,0.9999999991904422,2.1483960230138986e-42,5.231964109831868e-12,8.043256223138886e-10
2_trans_1925.csv,1,1,1,0.9996880541295597,0.9996880541295597,3.6774790014382853e-13,8.763158766208665e-05,0.00022431428241032717
2_trans_2592.csv,4,4,1,0.9996424252456482,0.0002580869448004255,5.307248924819266e-10,9.948727882650449e-05,0.9996424252456482
2_trans_1919.csv,1,1,1,0.9999978618779718,0.9999978618779718,1.312929313537977e-38,2.1371354174043497e-06,9.866107916838405e-10
2_trans_293.csv,1,1,1,0.9991088071689748,0.9991088071689748,2.566972261787441e-10,9.047428067190653e-09,0.0008911835268998709
2_trans_708.csv,1,1,1,0.9999999941975446,0.9999999941975446,2.3381104633201215e-44,5.7208459932814835e-12,5.79673466329032e-09
2_trans_907.csv,1,1,1,0.9998792754776404,0.9998792754776404,1.9475408526931855e-27,0.00011942046784336455,1.3040545163701472e-06
2_trans_1299.csv,1,1,1,0.9999674598586291,0.9999674598586291,3.0619653043109803e-24,3.2220029231789223e-05,3.201121392314314e-07
2_trans_913.csv,1,1,1,0.9999994954586423,0.9999994954586423,3.1824352106819146e-41,5.04450388612871e-07,9.096911205145168e-11
2_trans_2627.csv,1,1,1,0.9999999999666256,0.9999999999666256,1.0132133656925817e-44,1.0898018996640186e-18,3.337447561810165e-11
2_trans_132.csv,1,1,1,0.9999999999710054,0.9999999999710054,3.124691026454434e-47,9.517941995909052e-13,2.8042656505987307e-11
2_trans_873.csv,3,3,1,0.9864584657990053,0.013541473287316936,1.7734310120316472e-18,0.9864584657990053,6.091367782385253e-08
2_trans_683.csv,1,1,1,0.9999057812781168,0.9999057812781168,2.799251374759382e-20,1.5659065035020738e-06,9.26528153795689e-05
2_trans_2357.csv,4,4,1,0.9661175731234505,0.03387751809809545,3.435309188886344e-07,4.565247535214442e-06,0.9661175731234505
2_trans_2343.csv,3,3,1,0.9675775560434005,0.03242237780745914,6.183447325389602e-20,0.9675775560434005,6.614914042692275e-08
2_trans_318.csv,1,1,1,0.9537967235685777,0.9537967235685777,4.511955196280096e-16,0.046163865967846225,3.941046357546129e-05
2_trans_324.csv,1,1,1,0.9999999999999882,0.9999999999999882,1.1483915277735974e-43,9.8469181160421e-16,1.0903367561029223e-14
2_trans_2394.csv,1,1,1,0.8545744328994932,0.8545744328994932,4.719136893808205e-10,0.14183283912799327,0.0035927275005997903
2_trans_1851.csv,3,3,1,0.9778278304737326,0.022109183233695623,2.356376168139367e-10,0.9778278304737326,6.298605693411867e-05
2_trans_1689.csv,1,3,0,0.8148737143838471,0.18511150270062754,4.8150430027685095e-12,0.8148737143838471,1.4782910710261391e-05
2_trans_495.csv,1,1,1,0.9999999997126301,0.9999999997126301,2.344674013415908e-46,2.8736391555876453e-10,6.0781864645387815e-15
2_trans_1855.csv,1,1,1,0.9977544610791407,0.9977544610791407,2.0215050844538448e-17,0.0021572541092985177,8.828481156096169e-05
2_trans_1699.csv,1,1,1,0.9999996943238545,0.9999996943238545,9.312023974030293e-40,2.9894155087803533e-13,3.0567584674600197e-07
2_trans_1841.csv,1,1,1,0.9999999999732467,0.9999999999732467,1.621548921526859e-46,4.272175630478431e-12,2.2481055563247375e-11
2_trans_485.csv,1,1,1,0.9999996440020029,0.9999996440020029,1.0940780525921317e-45,3.5599782876850724e-07,1.6833099872829462e-13
2_trans_491.csv,1,1,1,0.9999999732863312,0.9999999732863312,1.4109074215599436e-40,2.668021881399691e-08,3.3449815608783975e-11
2_trans_1128.csv,1,1,1,0.9999589037105022,0.9999589037105022,1.1365028115478025e-29,1.465972597224644e-12,4.109628803184115e-05
2_trans_1896.csv,1,1,1,0.9999999216761556,0.9999999216761556,1.141812350663237e-37,8.54522109855644e-11,7.823839210041857e-08
2_trans_1882.csv,1,1,1,0.9999999999930629,0.9999999999930629,3.440801727418777e-43,3.357038268424556e-14,6.903628233428815e-12
2_trans_2435.csv,1,1,1,0.7790177644092596,0.7790177644092596,4.286688125570094e-06,4.079129219565378e-07,0.22097754098969286
2_trans_320.csv,1,1,1,0.9999999997477502,0.9999999997477502,2.5380580763567114e-44,4.6460517017366297e-11,2.0578909187038588e-10
2_trans_1672.csv,4,4,1,0.9463611787390336,0.053638625707485614,9.07816138612151e-16,1.9555347984009852e-07,0.9463611787390336
2_trans_446.csv,1,1,1,0.9999981155146277,0.9999981155146277,1.3363950433035867e-32,3.3413829190070955e-11,1.8844519583486723e-06
2_trans_1100.csv,1,1,1,0.9999999868239464,0.9999999868239464,7.398382677670129e-40,9.250280445019882e-09,3.925773311384499e-09
2_trans_334.csv,4,4,1,0.9364474148312754,0.044847134208800994,6.808854913142921e-05,0.01863736241079226,0.9364474148312754
2_trans_877.csv,3,3,1,0.9932165688040056,0.0030088444005180676,2.852827388296607e-06,0.9932165688040056,0.0037717339680882105
2_trans_2804.csv,4,4,1,0.9858174527893334,0.007014772117895378,0.0062863806258723716,0.0008813944668989265,0.9858174527893334
2_trans_693.csv,1,1,1,0.9793777216821626,0.9793777216821626,6.197347128682141e-18,0.0040885781956463505,0.01653370012219098
2_trans_1458.csv,4,4,1,0.7916834433584243,0.20794696317235634,3.46548188519959e-10,0.00036959312267110237,0.7916834433584243
2_trans_2179.csv,4,4,1,0.9944055552961515,0.0002437132628055255,0.005345051030941097,5.68041010183198e-06,0.9944055552961515
2_trans_1470.csv,1,1,1,0.9999955133013587,0.9999955133013587,4.429463489400767e-39,1.7877597219957718e-10,4.486519865384942e-06
2_trans_136.csv,1,1,1,0.9999987724580423,0.9999987724580423,1.506885653600871e-28,8.062103808502457e-07,4.213315769706989e-07
2_trans_888.csv,1,1,1,0.9972113937506939,0.9972113937506939,3.1970189470027846e-24,5.590875874044959e-07,0.00278804716171873
2_trans_1538.csv,1,1,1,0.9999999999935298,0.9999999999935298,4.925708508147395e-53,2.4613188620949855e-18,6.470248967658184e-12
2_trans_2757.csv,1,1,1,0.6452204824005346,0.6452204824005346,8.749711265484915e-16,0.35394008099190233,0.000839436607562355
2_trans_2743.csv,1,1,1,0.9999803151611972,0.9999803151611972,9.467293698876532e-20,5.403826856635778e-07,1.9144456117160705e-05
2_trans_730.csv,4,4,1,0.9708971396508872,0.008476995280523755,0.011810103111926954,0.00881576195666205,0.9708971396508872
2_trans_2019.csv,1,1,1,0.999999997043423,0.999999997043423,5.961904646075578e-41,1.2244258831688354e-16,2.9565768242333057e-09
2_trans_1921.csv,1,1,1,0.9999999912769685,0.9999999912769685,6.508026229124177e-39,9.558397686899108e-11,8.62744753760379e-09
2_trans_2582.csv,1,1,1,0.9999854646308254,0.9999854646308254,1.951357984533492e-24,1.34889684193558e-05,1.0464007551893376e-06
2_trans_2233.csv,1,1,1,0.9999997162833388,0.9999997162833388,2.027115594334626e-33,2.5112469683962276e-07,3.259196420855582e-08
2_trans_1048.csv,1,1,1,0.9988388726629585,0.9988388726629585,1.958453594693475e-19,0.0002442161234572073,0.000916911213584327
2_trans_1706.csv,1,1,1,1.0,1.0,1.5953641127212077e-60,5.158668033411526e-18,6.254147261748572e-17
2_trans_1074.csv,1,1,1,0.9999999999930491,0.9999999999930491,2.6812886068733177e-50,3.3562865931081925e-12,3.594652599742809e-12
2_trans_527.csv,1,1,1,0.9999997674719084,0.9999997674719084,9.04852815312595e-30,2.0505383604429226e-11,2.3250758612194698e-07
2_trans_241.csv,1,1,1,0.9996685583063898,0.9996685583063898,4.509770426155617e-18,1.2455137757581833e-05,0.00031898655585255593
2_trans_1061.csv,1,1,1,0.9998805681562053,0.9998805681562053,4.1274252166893085e-30,0.00011941449613932664,1.73476553584915e-08
2_trans_255.csv,2,4,0,0.8595185844659768,5.8200992007357733e-05,0.14038744252582686,3.5772016188869454e-05,0.8595185844659768
2_trans_533.csv,4,4,1,0.961750934410971,0.03769438781227,5.677229727107771e-10,0.0005546772090360768,0.961750934410971
2_trans_2226.csv,1,1,1,0.9984970851255858,0.9984970851255858,2.8374999665480975e-25,5.860754371656e-07,0.0015023287989770894
2_trans_1049.csv,1,1,1,0.9999996452856342,0.9999996452856342,7.483783013346104e-43,1.4521991208469011e-15,3.547143641144911e-07
2_trans_2540.csv,1,1,1,0.9999999983055998,0.9999999983055998,1.5046032822652127e-47,1.5568366702215357e-09,1.3756358914034118e-10
2_trans_269.csv,1,1,1,0.9999999916875414,0.9999999916875414,5.86278264566657e-40,8.28727314176276e-09,2.5185386914620432e-11
2_trans_2232.csv,1,1,1,0.9517321352277964,0.9517321352277964,4.470818751439707e-08,0.005132279637746996,0.04313554042626887
2_trans_1934.csv,1,1,1,0.9766531610420639,0.9766531610420639,3.238303931353351e-14,2.567885555410142e-08,0.023346813279048372
2_trans_2018.csv,4,4,1,0.9545351940908858,7.417855281371076e-05,0.04522327486858021,0.00016735248772023172,0.9545351940908858
2_trans_731.csv,1,1,1,0.9850977070583558,0.9850977070583558,3.0891796411978947e-15,0.012849892062194094,0.0020524008794471074
2_trans_9.csv,1,1,1,0.863216885275726,0.863216885275726,1.3718539486611156e-08,0.09075099389916619,0.04603210710656837
2_trans_719.csv,1,1,1,0.9974540863597022,0.9974540863597022,2.7786774425454635e-25,3.2914329320478533e-10,0.0025459133111544697
2_trans_2030.csv,3,3,1,0.9890381360272834,0.01070045675065014,4.484826881556695e-09,0.9890381360272834,0.00026140273723972065
2_trans_1539.csv,1,1,1,0.9999999998051543,0.9999999998051543,8.873737977530803e-36,1.1137904164187016e-10,8.346662551334058e-11
2_trans_2756.csv,1,1,1,0.9999999988862502,0.9999999988862502,2.760593764029867e-48,1.113662904270973e-09,8.678981269314496e-14
2_trans_2965.csv,4,4,1,0.6321440622362728,0.15812989659911722,0.19534124309955964,0.01438479806505036,0.6321440622362728
2_trans_916.csv,1,1,1,0.999999491837527,0.999999491837527,7.250943040575664e-32,3.23416883284266e-14,5.081624405795564e-07
2_trans_1459.csv,1,1,1,0.9999999995999114,0.9999999995999114,4.6964161017638195e-48,3.831501919342384e-10,1.693844660529361e-11
2_trans_2150.csv,1,1,1,0.9999999155469088,0.9999999155469088,3.228074090638286e-29,4.886592692600698e-08,3.558716425301858e-08
2_trans_2805.csv,2,2,1,0.9398021408314071,8.713744588506799e-06,0.9398021408314071,5.9617558058228196e-06,0.06018318366819853
2_trans_876.csv,1,1,1,0.9999999999878584,0.9999999999878584,7.974102703577906e-51,2.931975097048401e-16,1.2141331832339527e-11
2_trans_335.csv,1,1,1,0.8028678060454998,0.8028678060454998,3.1387448515333444e-18,1.68898176802798e-05,0.19711530413682
2_trans_1115.csv,1,1,1,0.9999998701123136,0.9999998701123136,4.898769164630021e-35,1.2979851963026804e-07,8.916665089510449e-11
2_trans_447.csv,1,1,1,0.9999999999319713,0.9999999999319713,5.860119379725097e-46,5.081767780928905e-15,6.802351825314162e-11
2_trans_2352.csv,1,1,1,0.9991571743779388,0.9991571743779388,2.6208627699588303e-30,3.6658969445231967e-11,0.0008428255854021502
2_trans_309.csv,4,4,1,0.8876136907808513,0.013745146353378581,1.78501628873156e-07,0.0986409843641412,0.8876136907808513
2_trans_1129.csv,1,1,1,0.9999984998442304,0.9999984998442304,1.128907725203297e-37,3.38739379709734e-17,1.5001557695922613e-06
2_trans_2346.csv,1,1,1,0.9999997933484165,0.9999997933484165,4.620186086663848e-43,2.0340567945926556e-11,2.066312430466881e-07
2_trans_1868.csv,1,1,1,0.9999983030531553,0.9999983030531553,1.3192426627101697e-31,1.562336493811965e-06,1.3461035085890365e-07
2_trans_2385.csv,1,1,1,0.9999975753979377,0.9999975753979377,1.1378317248065506e-27,2.7055803846547736e-07,2.1540440237947856e-06
2_trans_1854.csv,1,1,1,0.9999809298017467,0.9999809298017467,5.062624404004618e-27,6.468084876712657e-08,1.900551740443027e-05
2_trans_1842.csv,1,1,1,0.9998723233342574,0.9998723233342574,1.421420149553152e-29,3.7910637083623e-08,0.000127638755105492
2_trans_1856.csv,1,1,1,0.9999999993781652,0.9999999993781652,5.19463802025469e-40,3.5391964684047823e-10,2.6791519002225857e-10
2_trans_2387.csv,4,4,1,0.9269875175815271,0.07298880112840797,2.3592378044491396e-05,8.891202051787126e-08,0.9269875175815271
2_trans_486.csv,3,3,1,0.6718409712172302,0.32815052845503223,6.883655012147199e-21,0.6718409712172302,8.500327737658457e-06
2_trans_1881.csv,1,1,1,0.999999285214811,0.999999285214811,3.072103386612522e-21,1.9468375850153665e-08,6.953168132414731e-07
2_trans_2344.csv,1,1,1,0.9999937679787737,0.9999937679787737,1.2913099802389816e-36,1.8380638725948569e-13,6.232021042516171e-06
2_trans_1665.csv,1,1,1,0.9990139659206688,0.9990139659206688,8.834361398839801e-32,4.865619332609958e-08,0.000985985423137827
2_trans_323.csv,1,1,1,0.8349857778600823,0.8349857778600823,3.020434049077149e-16,0.16474118455017114,0.0002730375897460112
2_trans_2185.csv,1,1,1,0.9999999993932984,0.9999999993932984,1.454755451698918e-34,4.709602594389467e-10,1.3574142161411603e-10
2_trans_684.csv,1,1,1,0.9981099514573477,0.9981099514573477,2.7260811188785136e-15,1.6584110309552706e-07,0.0018898827015466407
2_trans_2152.csv,1,1,1,0.9999979783434435,0.9999979783434435,1.95852857204282e-36,1.7965563468374671e-06,2.2510020968969852e-07
2_trans_2634.csv,1,1,1,0.9999979540142484,0.9999979540142484,1.3693492316952583e-30,1.51531939371931e-06,5.306663578857734e-07
2_trans_2620.csv,1,1,1,0.9641610262075003,0.9641610262075003,1.1716837088038912e-17,2.870936106394607e-05,0.03581026443143565
2_trans_2146.csv,1,1,1,0.9609600093211779,0.9609600093211779,9.473321199327383e-12,0.003704450252192988,0.0353355404171558
2_trans_1467.csv,1,1,1,0.9999999989228443,0.9999999989228443,2.109549241075494e-49,2.952769550409528e-13,1.076860443226716e-09
2_trans_2608.csv,1,1,1,0.9999999995413931,0.9999999995413931,2.8668347182922575e-44,1.8594345499703227e-19,4.5860682150116244e-10
2_trans_900.csv,1,1,1,0.9999416759129797,0.9999416759129797,5.9859633755164045e-25,1.605848927252237e-11,5.832407096186695e-05
2_trans_2797.csv,1,1,1,0.9998053116641065,0.9998053116641065,2.3565204592780356e-29,2.768249872078288e-10,0.0001946880590685704
2_trans_2967.csv,2,2,1,0.8973209322446456,4.683401875280708e-05,0.8973209322446456,0.00019733269758599316,0.10243490103901555
2_trans_1513.csv,1,1,1,0.9999999968215356,0.9999999968215356,1.2243398514356335e-38,6.508696246111264e-13,3.1778136031266754e-09
2_trans_2768.csv,1,1,1,0.9999999412171693,0.9999999412171693,7.095383554813193e-39,2.7524039003019872e-09,5.60304267650905e-08
2_trans_733.csv,1,1,1,0.9999999998198501,0.9999999998198501,1.1837576677144044e-45,1.759051320370382e-10,4.244871718082152e-12
2_trans_2595.csv,1,1,1,0.9999966106020005,0.9999966106020005,5.325883301419066e-30,4.5584055024044416e-11,3.3893524154141987e-06
2_trans_294.csv,1,1,1,0.9999999999996485,0.9999999999996485,2.689868418041139e-47,1.2888287367715914e-13,2.2272303843701605e-13
2_trans_519.csv,1,1,1,0.9999883542256839,0.9999883542256839,4.226570810282682e-37,1.7767083863189076e-10,1.16455966452562e-05
2_trans_2556.csv,1,1,1,0.9288925016499471,0.9288925016499471,2.9882168699192376e-14,0.07109436809203128,1.3130257991727455e-05
2_trans_1077.csv,1,1,1,0.9951995446763371,0.9951995446763371,2.1576122364784027e-19,1.660668227885151e-05,0.004783848641383989
2_trans_243.csv,1,1,1,0.9999999999572715,0.9999999999572715,7.650418211908126e-47,1.6427757177326232e-11,2.6300729291022095e-11
2_trans_2218.csv,1,1,1,0.9990598498626067,0.9990598498626067,7.655483955689003e-23,4.1607560852885784e-07,0.0009397340617849913
2_trans_1711.csv,1,1,1,0.9999990710268626,0.9999990710268626,1.7446886185285517e-24,1.7089954138853749e-09,9.272641419545446e-07
2_trans_1063.csv,1,1,1,0.9999999999985014,0.9999999999985014,1.7480177922327923e-51,5.614424428169375e-18,1.4985344974975634e-12
2_trans_1076.csv,1,1,1,0.999999999957897,0.999999999957897,3.971084219207438e-40,9.542621427559267e-12,3.256041433784996e-11
2_trans_2231.csv,1,1,1,0.9999620415815577,0.9999620415815577,7.833675525699057e-33,1.2123335250747577e-09,3.795720610877305e-05
2_trans_295.csv,4,1,0,0.5359035231026466,0.5359035231026466,3.2658711352069204e-10,0.00025713846542645136,0.46383933810533984
2_trans_2594.csv,3,3,1,0.73448429565853,0.046354894303995545,1.7986629506743805e-07,0.73448429565853,0.21916063017117923
2_trans_1937.csv,1,1,1,0.9999999999697495,0.9999999999697495,1.0599232905986117e-48,2.329159173068802e-11,6.95887927561684e-12
2_trans_1260.csv,1,1,1,0.9892426292052596,0.9892426292052596,1.8554832029822714e-20,0.008936346084768364,0.0018210247099718845
2_trans_1506.csv,1,1,1,0.9999886210276056,0.9999886210276056,3.1765146890758085e-38,2.055681217493209e-15,1.1378972392525451e-05
2_trans_2755.csv,1,1,1,0.9999977900547548,0.9999977900547548,1.8462801042536022e-35,1.8305956559529431e-09,2.2081146496335846e-06
2_trans_2027.csv,1,1,1,0.9999613182555465,0.9999613182555465,1.3601090260234243e-21,3.109725694120104e-05,7.584487512255969e-06
2_trans_2966.csv,2,2,1,0.9896807416331354,1.4716741175293414e-06,0.9896807416331354,8.593932601705424e-06,0.010309192760145584
2_trans_2796.csv,1,1,1,0.8189149040143887,0.8189149040143887,4.0792104089582826e-08,0.05482229289217842,0.12626276230132877
2_trans_120.csv,1,1,1,0.9999999999994482,0.9999999999994482,3.2971374504447907e-51,1.8457970441222156e-13,3.672776877643328e-13
2_trans_134.csv,1,1,1,0.9999999987602566,0.9999999987602566,3.820370165568937e-40,4.339258360572085e-15,1.2397388657835815e-09
2_trans_2621.csv,1,1,1,0.9999987185901329,0.9999987185901329,1.4450767511686977e-27,5.915585818679948e-07,6.898512852789706e-07
2_trans_2806.csv,2,2,1,0.9828242806449485,4.372271259540984e-07,0.9828242806449485,5.815285619805851e-07,0.017174700599363362
2_trans_23.csv,4,3,0,0.8575000735340222,0.03696360005948734,1.3800530696938078e-08,0.8575000735340222,0.10553631260595969
2_trans_1116.csv,1,1,1,0.9818967908146555,0.9818967908146555,2.799770791578609e-10,0.005687124059102704,0.01241608484626472
2_trans_2437.csv,1,1,1,0.9999999949775151,0.9999999949775151,4.40765851167027e-33,6.108470244401662e-11,4.9614001294493874e-09
2_trans_2351.csv,1,1,1,0.9988859501965026,0.9988859501965026,2.7598870288251354e-18,0.0007393482767946373,0.00037470152670273114
2_trans_493.csv,4,4,1,0.870668634941292,0.12393811014336387,0.005387937726625943,5.317188718258966e-06,0.870668634941292
2_trans_1857.csv,1,1,1,0.9999978360955895,0.9999978360955895,2.7962425289568582e-33,1.8736031256910258e-08,2.1451683792410516e-06
2_trans_1603.csv,1,1,1,0.958763181264275,0.958763181264275,2.120071814937e-08,0.002401864815703574,0.03883493271930328
2_trans_1617.csv,1,1,1,0.9872281373103364,0.9872281373103364,7.012284975291901e-09,0.0007439412300511869,0.01202791444732758
2_trans_1171.csv,1,1,1,0.9999833150254135,0.9999833150254135,1.144026653557479e-39,4.0066220970902655e-11,1.668493452038113e-05
2_trans_1159.csv,4,1,0,0.6160328079859747,0.6160328079859747,5.2418112945072725e-08,0.0003536205714729821,0.38361351902443935
2_trans_2450.csv,1,1,1,0.9999897808541518,0.9999897808541518,2.455099673269605e-30,1.0219115034812793e-05,3.0813466113864053e-11
2_trans_2444.csv,1,1,1,0.9925197871839792,0.9925197871839792,4.4003855457675006e-20,0.00631257606311553,0.0011676367529051437
2_trans_190.csv,1,1,1,0.9999999998756928,0.9999999998756928,4.682104377167997e-47,4.635191575002456e-11,7.795545642884938e-11
2_trans_2875.csv,4,4,1,0.8408020006287361,0.0002042837894982459,0.15898355970020672,1.0155881558923896e-05,0.8408020006287361
2_trans_50.csv,4,4,1,0.760579244600612,0.23255871394707192,1.2079662192503483e-07,0.006861920655694027,0.760579244600612
2_trans_2691.csv,1,1,1,0.999993489333873,0.999993489333873,1.3116101429110779e-18,5.038743898940008e-06,1.4719222279762085e-06
2_trans_2685.csv,1,1,1,0.999889915752253,0.999889915752253,1.907525529320004e-27,7.051389057596859e-06,0.00010303285868953527
2_trans_635.csv,1,1,1,0.9629250488518648,0.9629250488518648,1.785008841962445e-12,0.003306644127489848,0.033768307018860376
2_trans_147.csv,1,1,1,0.9999999997028104,0.9999999997028104,2.588055666722526e-40,2.281003114253618e-13,2.969616631845748e-10
2_trans_1429.csv,1,1,1,0.9999476282110432,0.9999476282110432,1.319430067536581e-16,5.71927222176784e-07,5.1799861734505215e-05
2_trans_2901.csv,2,2,1,0.6798728024149048,2.000800802356041e-05,0.6798728024149048,4.702008633206102e-05,0.3200601694907395
2_trans_966.csv,1,1,1,0.9999999969014362,0.9999999969014362,1.0437476950023862e-51,3.0985617053184502e-09,2.2721443354821726e-15
2_trans_2929.csv,2,4,0,0.5131732345869566,1.8386584570441135e-06,0.48682353360603015,1.393148556127404e-06,0.5131732345869566
2_trans_2097.csv,1,1,1,0.9928825734632529,0.9928825734632529,7.470200085863324e-26,0.007115960502579491,1.4660341675320423e-06
2_trans_999.csv,1,1,1,0.9998677352377128,0.9998677352377128,1.6425817201909007e-18,1.327091700880952e-06,0.00013093767058620424
2_trans_2726.csv,1,1,1,0.9999999960008858,0.9999999960008858,2.036431057283758e-45,3.987177599578516e-09,1.1936362154849739e-11
2_trans_2054.csv,1,1,1,0.999999994685367,0.999999994685367,1.6676220387291447e-38,1.8888711282821355e-09,3.42576179981594e-09
2_trans_1944.csv,3,4,0,0.7654980035980258,0.015946709594182814,0.0011509409866067456,0.21740434582118473,0.7654980035980258
2_trans_2518.csv,1,1,1,0.9999987129394016,0.9999987129394016,8.817144482730072e-33,3.576179354751937e-13,1.2870602406858795e-06
2_trans_1011.csv,4,4,1,0.9707131482369522,0.029286771303055677,5.554621095460466e-12,8.045443750600675e-08,0.9707131482369522
2_trans_1005.csv,1,1,1,0.8381898957475499,0.8381898957475499,1.040892848103144e-13,0.013213681005872327,0.14859642324647376
2_trans_1993.csv,1,1,1,0.9999996676089328,0.9999996676089328,2.614553517010944e-29,3.218268023941552e-07,1.0564264879837553e-08
2_trans_218.csv,1,1,1,0.9994141109651029,0.9994141109651029,9.354275226641163e-22,9.80091501681509e-07,0.0005849089433953961
2_trans_1992.csv,1,1,1,0.9999893942830949,0.9999893942830949,5.627344705181021e-26,1.0601248446043122e-05,4.468459017023054e-09
2_trans_2243.csv,1,1,1,0.9999998565516491,0.9999998565516491,6.6240058366891285e-37,9.236773023630728e-12,1.4343911404385588e-07
2_trans_1762.csv,1,1,1,0.9999930264113719,0.9999930264113719,5.4115105746005534e-33,3.4541904750944257e-06,3.51939815311508e-06
2_trans_1004.csv,3,3,1,0.8505452950899778,0.1492866345973337,2.7654244194684813e-16,0.8505452950899778,0.0001680703126881483
2_trans_1951.csv,1,1,1,0.9999975688793359,0.9999975688793359,2.279902292928239e-27,3.900244954439894e-11,2.431081661707676e-06
2_trans_2055.csv,1,1,1,0.9999999992954198,0.9999999992954198,2.72688195222206e-52,7.041943858778655e-10,3.857158797564024e-13
2_trans_2041.csv,1,1,1,0.999954655372752,0.999954655372752,1.9171686226156094e-24,6.679800582951681e-07,4.467664718964298e-05
2_trans_1206.csv,1,3,0,0.3864300144504533,0.3525832875534766,4.950804905061646e-11,0.3864300144504533,0.260986697946562
2_trans_754.csv,1,1,1,0.9999961703151246,0.9999961703151246,1.1155952006143593e-27,3.7833940542684322e-06,4.629082102430566e-08
2_trans_2069.csv,1,1,1,0.9999999998938727,0.9999999998938727,2.6983288005058065e-47,2.2129681374045573e-13,1.0590590196916815e-10
2_trans_740.csv,1,1,1,0.9980075612771446,0.9980075612771446,5.1682616030770756e-20,0.0016121904633844017,0.0003802482594709379
2_trans_998.csv,4,4,1,0.9895659032545888,0.010425508437269694,7.067859428645331e-08,8.517629547257347e-06,0.9895659032545888
2_trans_973.csv,1,1,1,0.999885865064014,0.999885865064014,5.774113314389584e-29,2.288885824577524e-06,0.00011184605016127239
2_trans_2082.csv,1,1,1,0.9999999822456397,0.9999999822456397,1.9709633218860153e-34,1.7714762754771065e-08,3.959775920736926e-11
2_trans_967.csv,1,1,1,0.9999937375266073,0.9999937375266073,9.837158281408336e-29,4.645342642618639e-06,1.617130750094462e-06
2_trans_783.csv,3,3,1,0.99529449632545,0.0046176395257193905,4.065887986113936e-12,0.99529449632545,8.786414476482061e-05
2_trans_2121.csv,1,1,1,0.9999999631443421,0.9999999631443421,4.399046879910339e-40,3.682527009492259e-08,3.0387714275621016e-11
2_trans_2135.csv,1,1,1,1.0,1.0,2.3599186974921854e-58,9.500118376587898e-18,1.9181731107816337e-17
2_trans_608.csv,1,1,1,0.9999999999979745,0.9999999999979745,8.260144207631854e-49,2.519497304831674e-16,2.025255336307822e-12
2_trans_620.csv,1,1,1,0.9999999999589035,0.9999999999589035,7.38983317509705e-44,3.971256346211341e-11,1.3840019016696605e-12
2_trans_79.csv,1,1,1,0.9928264435878728,0.9928264435878728,8.351106420684222e-14,8.631594603229713e-06,0.007164924817440443
2_trans_2848.csv,2,4,0,0.5027510469867525,0.00012259573738960034,0.4970924453525418,3.3911923316129636e-05,0.5027510469867525
2_trans_51.csv,4,4,1,0.9954441769971787,0.004349791172863344,0.0002058364356637428,1.953942942810035e-07,0.9954441769971787
2_trans_45.csv,1,1,1,0.9999999995463158,0.9999999995463158,2.0565932794285745e-43,4.5342875288422227e-10,2.5530341757623625e-13
2_trans_2445.csv,1,1,1,0.9999999991973731,0.9999999991973731,1.8939110574488126e-39,1.73472988548094e-10,6.291538623789522e-10
2_trans_378.csv,1,1,1,0.9998497300842782,0.9998497300842782,3.240168968507687e-24,5.043222779494653e-06,0.00014522669294230722
2_trans_1158.csv,1,1,1,0.9999999738563683,0.9999999738563683,2.4128835622613e-41,7.146808766399943e-10,2.5428950730806153e-08
2_trans_344.csv,1,1,1,0.9999003428580698,0.9999003428580698,1.6911034939535363e-25,1.3600957573877165e-08,9.964354097257843e-05
2_trans_1170.csv,1,1,1,0.9951933115197105,0.9951933115197105,5.502366774540008e-22,0.0046899462868435346,0.00011674219344595213
2_trans_1825.csv,4,4,1,0.8834259586536031,0.0001524409258789906,0.11637354132701402,4.80590935038387e-05,0.8834259586536031
2_trans_387.csv,1,1,1,0.9999996396514641,0.9999996396514641,1.7297566403242436e-39,3.002623335705762e-10,3.600482735752278e-07
2_trans_385.csv,1,1,1,0.9999999996017732,0.9999999996017732,5.0323643114620274e-39,2.0537475174148447e-12,3.9617305398889805e-10
2_trans_1833.csv,1,1,1,0.9999987903211527,0.9999987903211527,3.885832114067406e-29,1.1932964745973933e-06,1.6382372718053593e-08
2_trans_1199.csv,1,1,1,0.9999999999988716,0.9999999999988716,3.424947879742283e-54,7.504071412507855e-17,1.1284103829756638e-12
2_trans_346.csv,1,1,1,0.9999999595988968,0.9999999595988968,2.784610903581791e-37,7.37023597965037e-10,3.9664079663654045e-08
2_trans_420.csv,1,1,1,0.9999738643889009,0.9999738643889009,3.9411654660070936e-40,1.2090174961368153e-11,2.6135599008816032e-05
2_trans_2309.csv,1,1,1,0.9999999982193613,0.9999999982193613,1.5932106498430968e-49,1.7502817353668472e-09,3.035696236104881e-11
2_trans_805.csv,1,1,1,0.9995680756198297,0.9995680756198297,4.791220319514542e-20,0.00015812871928045375,0.0002737956608897821
2_trans_2679.csv,1,1,1,0.9999974882200376,0.9999974882200376,2.113485546895857e-37,1.3276247626102715e-13,2.51177982947399e-06
2_trans_144.csv,1,1,1,0.9999998839634826,0.9999998839634826,2.250509004273387e-44,7.347383994374043e-13,1.160357825270381e-07
2_trans_1370.csv,1,1,1,0.9998271938013482,0.9998271938013482,7.975735355053015e-21,4.865434268101914e-07,0.0001723196552249934
2_trans_150.csv,1,1,1,0.9999999678686041,0.9999999678686041,4.685650801607613e-21,6.9767919458437814e-09,2.5154603824524157e-08
2_trans_636.csv,1,1,1,0.9999999660434964,0.9999999660434964,1.8089101776698697e-42,3.25523494889823e-08,1.4041541482933804e-09
2_trans_2645.csv,1,1,1,0.9999947330181821,0.9999947330181821,5.359906068529014e-30,7.11311891207538e-08,5.195850628724694e-06
2_trans_178.csv,1,1,1,0.9999925153500261,0.9999925153500261,6.757201773455466e-25,4.598536857522937e-09,7.480051436988885e-06
2_trans_795.csv,1,1,1,0.9999173855754165,0.9999173855754165,5.843905053611932e-15,2.6161984090154995e-06,7.999822616863408e-05
2_trans_2080.csv,1,1,1,0.9998624526224155,0.9998624526224155,1.550440805240333e-31,0.00013753592548229794,1.145210223569081e-08
2_trans_1562.csv,4,4,1,0.8063053460895464,0.19369454185479482,1.1178096046467337e-07,2.746983495873355e-10,0.8063053460895464
2_trans_1576.csv,1,1,1,0.9999997914663885,0.9999997914663885,3.184238668999702e-40,1.5653885253692215e-10,2.0837707278087566e-07
2_trans_2731.csv,1,1,1,0.999999999937796,0.999999999937796,1.033976929429868e-48,6.200398964626658e-11,2.0013771878831725e-13
2_trans_232.csv,1,1,1,0.9999873397273135,0.9999873397273135,4.039740570973286e-33,1.265789701253322e-05,2.3756739319729422e-09
2_trans_1990.csv,4,4,1,0.9966433963642665,0.0033194491559523933,6.30549987599725e-11,3.7154416726079456e-05,0.9966433963642665
2_trans_1991.csv,1,1,1,0.9164301462788499,0.9164301462788499,1.7985850043602846e-10,0.08336596408243371,0.00020388945885782905
2_trans_2526.csv,1,1,1,0.9999998790083817,0.9999998790083817,6.272320365676501e-27,1.5167301885718706e-09,1.1947488822803127e-07
2_trans_2532.csv,3,4,0,0.9972203811642423,0.00011252606133822825,1.5532780063248624e-06,0.0026655394964132237,0.9972203811642423
2_trans_2254.csv,1,1,1,0.9999999697166615,0.9999999697166615,7.067014162088914e-34,1.544263865104176e-15,3.0283336886446074e-08
2_trans_227.csv,1,1,1,0.8769462320193969,0.8769462320193969,2.4829763763575437e-13,0.017913647052345424,0.10514012092800952
2_trans_1007.csv,1,1,1,0.9998860991830841,0.9998860991830841,9.748367847885586e-12,1.4921415644033375e-06,0.00011240866560312898
2_trans_1761.csv,1,1,1,0.9999997720623395,0.9999997720623395,5.897134708614693e-38,2.2774626499647416e-07,1.913955799451915e-10
2_trans_596.csv,1,1,1,0.9998546215643808,0.9998546215643808,1.0128330896599426e-23,5.970522152933969e-06,0.0001394079134665098
2_trans_757.csv,1,1,1,0.9999750839768055,0.9999750839768055,1.2585676088435903e-19,4.756551571574152e-06,2.01594716229424e-05
2_trans_1205.csv,1,1,1,0.9999999957612731,0.9999999957612731,2.1177606827146966e-25,2.6365449968353626e-10,3.975072541441444e-09
2_trans_1588.csv,1,1,1,0.9996043508799609,0.9996043508799609,7.655985751771073e-26,0.00039512834281855573,5.20777220617419e-07
2_trans_780.csv,1,1,1,0.999896496812338,0.999896496812338,4.516860974841379e-22,1.6632977950741004e-05,8.687020971114317e-05
2_trans_2917.csv,2,2,1,0.9818958215219263,5.621787223571532e-06,0.9818958215219263,1.7254328524773074e-05,0.018081302362325337
2_trans_2650.csv,1,1,1,0.9754045790768188,0.9754045790768188,2.0006097076014744e-20,0.024586978500758985,8.442422422396085e-06
2_trans_2136.csv,1,1,1,0.9999999957982264,0.9999999957982264,3.336443544730781e-34,4.1863943413707305e-09,1.5379313790295576e-11
2_trans_179.csv,3,3,1,0.9747154788978052,0.0252340201227168,2.5708206598401406e-10,0.9747154788978052,5.0500722395977944e-05
2_trans_1403.csv,1,1,1,0.9999995568714631,0.9999995568714631,4.59495685008138e-32,5.705273254462043e-09,4.3742326353928744e-07
2_trans_91.csv,1,1,1,0.999999999912129,0.999999999912129,1.704356045810122e-48,7.694605980705949e-11,1.0925099793250728e-11
2_trans_145.csv,1,1,1,0.9999999999321667,0.9999999999321667,1.8502352729912936e-53,6.748927173238781e-11,3.440027754225893e-13
2_trans_2693.csv,1,1,1,0.999999744500824,0.999999744500824,5.937957430228889e-39,1.4572577748868195e-14,2.55499161403915e-07
2_trans_804.csv,1,1,1,0.9999999838946907,0.9999999838946907,3.850733457779029e-27,1.3347841885803037e-08,2.7574673154306333e-09
2_trans_2687.csv,1,1,1,0.9999997475826776,0.9999997475826776,1.5649227842831645e-31,9.016243920220432e-08,1.6225488321844947e-07
2_trans_192.csv,1,1,1,0.9621199185853133,0.9621199185853133,1.2182590206413117e-16,0.0015923437816301818,0.036287737633056386
2_trans_435.csv,1,1,1,0.9999999999410487,0.9999999999410487,1.845005802560779e-46,3.2207035286336665e-12,5.5730431289306065e-11
2_trans_2308.csv,1,1,1,0.9999999999698173,0.9999999999698173,1.9011579646793018e-48,2.954841013396006e-11,6.343281970886128e-13
2_trans_353.csv,1,1,1,0.9999944009158853,0.9999944009158853,2.3352940154673346e-21,4.069557113176694e-08,5.558388543688626e-06
2_trans_347.csv,1,1,1,0.9999999977999854,0.9999999977999854,2.170174888622017e-44,2.0044096117102814e-09,1.9560501205485272e-10
2_trans_1826.csv,1,1,1,0.9999977050877487,0.9999977050877487,9.674388365127842e-37,2.2947559692729135e-06,1.562822638323702e-10
2_trans_1832.csv,1,1,1,0.9999999793069667,0.9999999793069667,2.377633725484559e-27,3.4829998211327973e-10,2.0344733217335153e-08
2_trans_2481.csv,1,1,1,0.9968871940358502,0.9968871940358502,3.595872575185867e-28,0.0031086459002375153,4.160063912062418e-06
2_trans_394.csv,1,1,1,0.9999989925938523,0.9999989925938523,2.851374343574155e-37,1.0073946285002895e-06,1.1519116245348269e-11
2_trans_2442.csv,1,1,1,0.9931541885138826,0.9931541885138826,4.388919794326792e-18,0.006826840764444567,1.897072167283108e-05
2_trans_2318.csv,1,1,1,0.9944023253282377,0.9944023253282377,3.2126089276980946e-15,0.005551729896187388,4.5944775571584886e-05
2_trans_357.csv,1,1,1,0.9999999335322001,0.9999999335322001,1.06998421136287e-39,6.569678552565476e-08,7.710146295206459e-10
2_trans_1163.csv,1,1,1,0.9999999994266473,0.9999999994266473,6.005717043838235e-44,4.911914820278536e-10,8.216124111214267e-11
2_trans_182.csv,1,1,1,0.9999999999997073,0.9999999999997073,2.6840978680899303e-47,7.205794351343947e-21,2.9256044842640387e-13
2_trans_196.csv,1,1,1,0.9946201058350198,0.9946201058350198,7.175233051329494e-32,0.005379890736682359,3.4282977790782936e-09
2_trans_2640.csv,1,1,1,0.9999999947456455,0.9999999947456455,5.1403059112114405e-48,5.254324657069126e-09,2.9861164934916934e-14
2_trans_2126.csv,1,1,1,0.9999807699051798,0.9999807699051798,3.8160317601464166e-19,7.262376800575247e-06,1.196771801944393e-05
2_trans_141.csv,4,4,1,0.9642758069842317,0.03570346739544167,3.476038513377106e-09,2.0722144288155926e-05,0.9642758069842317
2_trans_1407.csv,4,3,0,0.5064325240804802,0.30925531942807155,2.175898714498177e-14,0.5064325240804802,0.18431215649142652
2_trans_81.csv,4,4,1,0.9845227685571392,0.001353784958173401,0.013822284755288393,0.0003011617293990644,0.9845227685571392
2_trans_155.csv,3,3,1,0.9970565331180753,0.0029434371679791962,5.0639928994211584e-14,0.9970565331180753,2.9713894952638173e-08
2_trans_2091.csv,1,1,1,0.9999083892800686,0.9999083892800686,7.695882812502219e-24,3.2086031335533902e-06,8.840211679773705e-05
2_trans_974.csv,1,1,1,0.999999981533008,0.999999981533008,3.736689713650688e-43,1.8027704752119186e-08,4.392872825459546e-10
2_trans_2085.csv,1,1,1,0.9999999956179724,0.9999999956179724,1.5608554144286934e-32,8.136491746502896e-10,3.5683785098598357e-09
2_trans_2913.csv,4,4,1,0.7209974307469198,0.020265872860890478,0.2536644221695334,0.00507227422265625,0.7209974307469198
2_trans_948.csv,1,1,1,0.9922089580050648,0.9922089580050648,1.5209017933446127e-18,0.0077442683550979965,4.677363983730054e-05
2_trans_784.csv,1,1,1,0.9999999903600355,0.9999999903600355,8.968513495371628e-35,5.4188940269525285e-09,4.221070666816863e-09
2_trans_2734.csv,4,4,1,0.9993176403156934,0.0006817750742343554,5.001785600269087e-13,5.846095721122395e-07,0.9993176403156934
2_trans_2708.csv,1,1,1,0.9229144272772855,0.9229144272772855,4.068482492792658e-18,0.0003778268675907343,0.07670774585512394
2_trans_1215.csv,1,1,1,0.9999999997780629,0.9999999997780629,1.5236796095624113e-41,8.463393587595029e-11,1.3730328407618795e-10
2_trans_2293.csv,1,1,1,0.9999999997669624,0.9999999997669624,1.2011153410936198e-40,2.2453471746668796e-10,8.502878199948665e-12
2_trans_1956.csv,1,1,1,0.999801418683027,0.999801418683027,1.5210883240692424e-24,3.963293558503918e-07,0.00019818498761721068
2_trans_586.csv,1,1,1,0.9999999999998996,0.9999999999998996,4.69987852961069e-51,9.457952379044325e-14,5.867936485310812e-15
2_trans_2522.csv,4,4,1,0.9972877062550793,0.002711480403086959,7.525799184601312e-15,8.13341826153276e-07,0.9972877062550793
2_trans_1995.csv,1,1,1,0.9986775354781976,0.9986775354781976,5.473095934817409e-23,0.0013208592435274469,1.605278274943025e-06
2_trans_1003.csv,1,1,1,0.9999999999992564,0.9999999999992564,4.1300589793762465e-49,1.6271560526328488e-15,7.420382053044702e-13
2_trans_1771.csv,1,1,1,0.9999343929148434,0.9999343929148434,3.6077228958990406e-32,3.858343376123003e-09,6.560322681308832e-05
2_trans_2278.csv,4,4,1,0.9912047067363319,0.006782331117101377,0.0004385427880904428,0.0015744193584763756,0.9912047067363319
2_trans_550.csv,1,1,1,0.8226939556766211,0.8226939556766211,5.601947643038085e-07,0.00011692835422669767,0.17718855577438802
2_trans_1994.csv,1,1,1,0.9907285829595625,0.9907285829595625,4.363652308960883e-13,6.541347694856494e-05,0.009206003563052666
2_trans_578.csv,1,3,0,0.4114575421771754,0.25084927743490393,4.766701593750499e-05,0.4114575421771754,0.33764551337198323
2_trans_2251.csv,3,3,1,0.5165737388422873,0.16209891456559739,0.00029177462991104944,0.5165737388422873,0.3210355719622043
2_trans_1980.csv,1,1,1,0.9999435609736075,0.9999435609736075,4.085646492287561e-26,5.269565449778462e-05,3.7433718948849736e-06
2_trans_1758.csv,1,1,1,0.9984717706606256,0.9984717706606256,3.61027664345819e-24,0.0015281515721980669,7.776717645482474e-08
2_trans_2537.csv,1,1,1,0.9982736050461815,0.9982736050461815,2.5229537939682464e-32,0.0017263514014333474,4.3552385234403794e-08
2_trans_593.csv,1,1,1,0.9999999991415491,0.9999999991415491,2.2981251552239803e-39,8.152623818356255e-10,4.318855115378288e-11
2_trans_752.csv,4,4,1,0.9017996450484032,0.09597405544172427,1.4654282305990592e-10,0.0022262993633297896,0.9017996450484032
2_trans_2053.csv,1,1,1,0.9989945510951734,0.9989945510951734,2.3627660529847934e-24,3.448091776906345e-09,0.0010054454567348153
2_trans_785.csv,1,1,1,0.9996173114621542,0.9996173114621542,1.1276308833941282e-28,3.326010286638141e-17,0.0003826885378458773
2_trans_2912.csv,2,2,1,0.9537904478244694,3.7515483420021534e-06,0.9537904478244694,5.0227630412696645e-06,0.046200777864147294
2_trans_2084.csv,1,3,0,0.9727903555642841,0.027209253291413823,1.8776475501627125e-17,0.9727903555642841,3.911443020496685e-07
2_trans_1406.csv,3,3,1,0.7688018459737016,0.23113572945169558,1.151308361626616e-17,0.7688018459737016,6.242457460289277e-05
2_trans_154.csv,1,1,1,0.9999995463693085,0.9999995463693085,1.165651221733261e-44,1.3043394553066583e-15,4.536306902377282e-07
2_trans_626.csv,1,1,1,0.9989173687380374,0.9989173687380374,2.2818606574292332e-17,5.512046052660894e-05,0.001027510801435982
2_trans_94.csv,1,1,1,0.9999999999415587,0.9999999999415587,1.3726854741629605e-35,3.988688374351628e-12,5.4452637604868075e-11
2_trans_2133.csv,1,1,1,0.999999998421061,0.999999998421061,1.9170832496905378e-36,5.0551058037640765e-14,1.578888322216297e-09
2_trans_2655.csv,1,1,1,0.9489846050633295,0.9489846050633295,8.69176782751311e-22,0.0510113894861817,4.005450488713704e-06
2_trans_2899.csv,2,2,1,0.5196766565755615,4.5137459088636476e-05,0.5196766565755615,1.7838005604182423e-05,0.48026036795974575
2_trans_829.csv,1,1,1,0.9999986009166909,0.9999986009166909,1.1688824911950028e-33,1.4894588841775053e-10,1.39893436303916e-06
2_trans_43.csv,1,1,1,0.999999997365985,0.999999997365985,3.903388553793386e-46,2.3415492942989937e-14,2.633991667935429e-09
2_trans_197.csv,1,1,1,0.999999999806302,0.999999999806302,7.128605461710797e-52,1.4845009851020346e-10,4.5247830984743216e-11
2_trans_2696.csv,1,1,1,0.9999993380556847,0.9999993380556847,1.2585484014411775e-46,6.618115312174292e-07,1.3278411449479115e-10
2_trans_1604.csv,1,1,1,0.9999872246702909,0.9999872246702909,2.2039115881705444e-20,1.2768167147806227e-05,7.162561140103085e-09
2_trans_424.csv,1,1,1,0.9999999999956568,0.9999999999956568,4.5878196739493735e-54,6.684968334152843e-17,4.343283115385313e-12
2_trans_2319.csv,1,1,1,0.999999951799501,0.999999951799501,1.5911231524037882e-39,9.636789241965059e-14,4.820040272724541e-08
2_trans_342.csv,1,1,1,0.999999816529266,0.999999816529266,5.764646275381584e-42,1.834057506367022e-07,6.498331062363835e-11
2_trans_418.csv,1,1,1,0.9921667325092594,0.9921667325092594,1.2863216781388322e-14,5.494637978394398e-09,0.007833261996090038
2_trans_1823.csv,1,1,1,0.9999999999292839,0.9999999999292839,9.781661162223496e-47,6.946474997393413e-11,1.2514710794060035e-12
2_trans_2480.csv,4,4,1,0.9815078202883953,0.009068935799349984,0.005346442496861868,0.004076801415392731,0.9815078202883953
2_trans_1189.csv,1,1,1,0.9999999970510909,0.9999999970510909,5.3902204849225884e-36,1.0410851221226271e-15,2.948908098687329e-09
2_trans_1821.csv,1,1,1,0.9999999999903597,0.9999999999903597,1.514444665300276e-49,5.4800426604303135e-15,9.63480275773199e-12
2_trans_2482.csv,1,1,1,0.9999999286570898,0.9999999286570898,8.604751672596713e-35,1.9879780932462037e-11,7.132303036255129e-08
2_trans_397.csv,1,1,1,0.9999999779802515,0.9999999779802515,5.499898206100043e-43,5.3891215065942436e-11,2.1965857288081425e-08
2_trans_2455.csv,1,1,1,0.9999999786772427,0.9999999786772427,1.5080884974305346e-38,2.5712883379080535e-14,2.1322731558886274e-08
2_trans_1160.csv,1,1,1,0.9999998802966431,0.9999998802966431,4.313131274477073e-37,1.188543082234892e-07,8.490486413655863e-10
2_trans_426.csv,1,1,1,0.9999999999583031,0.9999999999583031,2.8073648941016863e-50,2.747188851179571e-13,4.1422088958814834e-11
2_trans_69.csv,4,1,0,0.9008087575989046,0.9008087575989046,5.040631723606248e-19,7.133021301482148e-06,0.09918410937979397
2_trans_803.csv,1,1,1,0.999999990565109,0.999999990565109,1.4745435823341692e-44,1.592329354945161e-10,9.275658050890029e-09
2_trans_2680.csv,1,1,1,0.9999995300171169,0.9999995300171169,1.3682126235433256e-26,2.168968470052322e-11,4.699611932861057e-07
2_trans_2870.csv,2,2,1,0.976937530560406,4.388998908471664e-06,0.976937530560406,3.1151657209226765e-05,0.023026928783476258
2_trans_195.csv,1,1,1,0.9999216546234339,0.9999216546234339,5.594375734272115e-37,7.833766642743656e-05,7.710138554053034e-09
2_trans_2125.csv,1,1,1,0.9999964450320677,0.9999964450320677,9.775476996867018e-23,1.5637038518691334e-07,3.3985975471702317e-06
2_trans_1362.csv,1,1,1,0.9977844746155806,0.9977844746155806,1.2608349603331071e-26,0.00221533690341981,1.884809997930882e-07
2_trans_156.csv,1,3,0,0.6245451691848575,0.36909873260638554,2.1244892277819958e-06,0.6245451691848575,0.006353973719529351
2_trans_82.csv,1,1,1,0.9999999995777029,0.9999999995777029,1.631753621568199e-45,2.793993100325918e-10,1.4289761781121143e-10
2_trans_1376.csv,1,1,1,0.9999991816298761,0.9999991816298761,1.047807355648793e-38,1.3229681928913853e-10,8.182378270497063e-07
2_trans_977.csv,1,1,1,0.9976482536815081,0.9976482536815081,3.428029019837753e-16,0.0008755893132635562,0.00147615700522778
2_trans_787.csv,1,1,1,0.7743037626714065,0.7743037626714065,2.7610727113057824e-20,1.170168538037186e-06,0.2256950671600554
2_trans_1216.csv,1,1,1,0.9999999999968048,0.9999999999968048,4.998393127272716e-45,7.447679081928994e-13,2.450423183674329e-12
2_trans_1564.csv,1,1,1,0.9992772612602554,0.9992772612602554,2.9083792926949514e-19,5.297045614078431e-07,0.0007222090351833119
2_trans_750.csv,1,1,1,0.9999999973771723,0.9999999973771723,1.855007175356318e-41,1.8169229540571156e-09,8.059046292013371e-10
2_trans_2290.csv,1,1,1,0.9999875827059892,0.9999875827059892,2.4217076312456553e-30,1.1001746571069438e-05,1.4155474397945487e-06
2_trans_1799.csv,1,1,1,0.9999999883902323,0.9999999883902323,6.981236540779033e-40,1.4938692124456926e-11,1.1594828874429922e-08
2_trans_591.csv,1,1,1,0.9998832124916276,0.9998832124916276,5.911597933778176e-31,0.00011652027854054969,2.6722983180146026e-07
2_trans_1014.csv,1,1,1,0.9999999999999645,0.9999999999999645,3.0963213699758253e-56,4.00887759000432e-21,3.5518326531482295e-14
2_trans_1767.csv,1,1,1,0.9999999996621642,0.9999999996621642,3.8279861354102826e-35,1.0153243621794254e-10,2.3630340082396407e-10
2_trans_547.csv,1,1,1,0.9999989809197176,0.9999989809197176,7.012941560677294e-31,1.0180398564723096e-06,1.040425861895427e-09
2_trans_1773.csv,1,1,1,0.9993587066354538,0.9993587066354538,7.584363982948366e-31,0.0006412863798565304,6.984689507592314e-09
2_trans_221.csv,1,1,1,0.9999953173057216,0.9999953173057216,1.8503205269575585e-31,4.678557034020513e-06,4.137244186043865e-09
2_trans_209.csv,1,1,1,0.999870473690125,0.999870473690125,9.850604461258079e-32,6.110296116840326e-06,0.0001234160137580909
2_trans_1997.csv,1,1,1,0.9824060199042863,0.9824060199042863,2.8298570883159023e-16,3.1214887040450573e-10,0.017593979783564622
2_trans_590.csv,1,1,1,0.8542132992122211,0.8542132992122211,1.4955604277946533e-20,0.002578143144816115,0.14320855764296272
2_trans_1954.csv,1,1,1,0.9825096634588488,0.9825096634588488,3.403453978647143e-20,8.809756025867459e-12,0.017490336532341326
2_trans_1565.csv,3,3,1,0.9946736088173701,0.003884332351831284,9.247427687514608e-08,0.9946736088173701,0.0014419663565217497
2_trans_1217.csv,1,1,1,0.9999997336315699,0.9999997336315699,2.435866974387333e-37,2.6530950164027647e-07,1.0589283365760087e-09
2_trans_745.csv,1,1,1,0.9440827420269392,0.9440827420269392,6.237185768421545e-11,0.050698717854342414,0.0052185400563465574
2_trans_2078.csv,1,1,1,0.9999999999952707,0.9999999999952707,2.88653154156677e-48,2.5797115960488636e-14,4.703565290307575e-12
2_trans_2911.csv,2,2,1,0.8070479346786111,3.570329670282773e-07,0.8070479346786111,6.880930625727962e-07,0.19295102019535934
2_trans_2905.csv,2,4,0,0.6578090970986191,0.007582378251031761,0.33357991418507377,0.0010286104652753683,0.6578090970986191
2_trans_786.csv,1,1,1,0.9999997729702335,0.9999997729702335,2.7450666185787168e-36,5.4966948406737155e-09,2.2153307172808384e-07
2_trans_625.csv,1,1,1,0.9999999291853535,0.9999999291853535,2.7745496860907852e-42,4.224854183505148e-13,7.081422380723544e-08
2_trans_97.csv,1,1,1,0.9999999999999305,0.9999999999999305,1.266417047310907e-53,6.169523673967072e-16,6.879503431488376e-14
2_trans_143.csv,1,1,1,0.9834865684930792,0.9834865684930792,2.8945977469998404e-24,1.122215974160171e-06,0.016512309290946638
2_trans_2642.csv,1,1,1,0.9999997952331565,0.9999997952331565,8.370665419906024e-37,7.003551524742992e-08,1.3473132832836613e-07
2_trans_180.csv,1,1,1,0.9997631100977354,0.9997631100977354,6.332366973812229e-21,5.08037402090142e-11,0.00023688985146068449
2_trans_2871.csv,4,4,1,0.7105379785950505,0.041593297188035776,0.24119386187624225,0.006674862340671468,0.7105379785950505
2_trans_2681.csv,1,1,1,0.999999999998548,0.999999999998548,5.578535882676299e-43,3.275154543233116e-14,1.4193696614099741e-12
2_trans_1613.csv,1,1,1,0.9999999999982818,0.9999999999982818,3.3377544309991916e-49,8.121878825340212e-13,9.058652822646327e-13
2_trans_427.csv,1,1,1,0.9992063223932148,0.9992063223932148,3.7954602504197754e-24,5.49289324407307e-07,0.0007931283174607319
2_trans_2468.csv,1,1,1,0.999983428903848,0.999983428903848,1.1979725899079263e-26,1.527396460108274e-05,1.2971315510213965e-06
2_trans_2332.csv,1,1,1,0.999999366122596,0.999999366122596,2.143735669876973e-37,2.9467749749186657e-12,6.338744572436177e-07
2_trans_2454.csv,1,1,1,0.9918280013234518,0.9918280013234518,2.4777891685060003e-21,2.4860491907145066e-08,0.00817197381605622
2_trans_382.csv,1,1,1,0.9988989371492755,0.9988989371492755,1.1574209290599722e-24,2.2163010681779836e-09,0.0011010606344233303
2_trans_396.csv,1,1,1,0.9999999988277604,0.9999999988277604,2.5815384020498048e-47,2.9942538181301557e-11,1.1422970786215706e-09
2_trans_2483.csv,1,1,1,0.9999999986426749,0.9999999986426749,1.5568932996257814e-42,2.5973905121251836e-18,1.3573250783585934e-09
2_trans_1834.csv,4,4,1,0.7121252540828874,0.2870105201530583,1.7926449701474898e-16,0.000864225764054112,0.7121252540828874
2_trans_1820.csv,1,1,1,0.9999986763653957,0.9999986763653957,4.829397894092209e-38,1.3235647675026163e-06,6.983665765487942e-11
2_trans_1811.csv,1,1,1,0.805144808984546,0.805144808984546,2.5850147240962067e-07,0.012948661572377583,0.18190627094160403
2_trans_370.csv,1,4,0,0.9185583081078407,0.0814407699291965,5.346301321217767e-13,9.219624283329476e-07,0.9185583081078407
2_trans_1636.csv,1,1,1,0.9997892868348942,0.9997892868348942,1.8255124165351556e-24,2.1932990523559322e-11,0.00021071314317296853
2_trans_1178.csv,1,1,1,0.999989051336768,0.999989051336768,1.394973253776826e-29,1.0913865778148775e-05,3.4797453839023066e-08
2_trans_2698.csv,1,1,1,0.9999964094943438,0.9999964094943438,9.959301737951376e-22,1.17767816232604e-10,3.590387888501292e-06
2_trans_1391.csv,1,1,1,0.9999868153576069,0.9999868153576069,1.603530972856547e-21,2.0849946002292895e-06,1.1099647792747874e-05
2_trans_71.csv,1,1,1,0.999999954599765,0.999999954599765,7.372735276377313e-34,1.1636519574360371e-09,4.423658313303787e-08
2_trans_59.csv,1,1,1,0.9999999989415311,0.9999999989415311,6.830563168679009e-44,1.4736389202298553e-12,1.0569950551672631e-09
2_trans_833.csv,1,1,1,0.9557127656795469,0.9557127656795469,2.3571250980739426e-20,0.044128427087447825,0.0001588072330052418
2_trans_2868.csv,4,4,1,0.9437385242767996,0.0008611664740445109,0.05526181420639281,0.00013849504276318693,0.9437385242767996
2_trans_199.csv,1,1,1,0.9999999958819707,0.9999999958819707,4.26651702433805e-38,3.86020149090968e-09,2.578277326920008e-10
2_trans_172.csv,1,1,1,0.99998483974984,0.99998483974984,4.8954176910098404e-27,1.5159226482041983e-05,1.0236781063533385e-09
2_trans_628.csv,1,1,1,0.9999620491770647,0.9999620491770647,9.452972863727888e-24,1.922963387296985e-08,3.793159330148221e-05
2_trans_2115.csv,1,1,1,0.9999999891247998,0.9999999891247998,2.918669143700739e-45,6.119731927895571e-10,1.0263227124448461e-08
2_trans_2101.csv,1,1,1,0.9999801148613177,0.9999801148613177,1.3886835743904802e-31,1.9776502006512682e-05,1.086366759353105e-07
2_trans_2934.csv,2,2,1,0.8650998889873651,5.081831602340229e-07,0.8650998889873651,1.0733825651639154e-07,0.13489949549121832
2_trans_1554.csv,1,1,1,0.9999991316989559,0.9999991316989559,1.251120011991052e-30,4.255406293577363e-09,8.640456378332779e-07
2_trans_1226.csv,1,1,1,0.9999999781675695,0.9999999781675695,1.7009171031563737e-40,2.1147480605079294e-08,6.84949760710926e-10
2_trans_2049.csv,1,1,1,0.7558451796515188,0.7558451796515188,5.898023977816698e-13,0.24412431853990235,3.0501807989183564e-05
2_trans_2061.csv,1,1,1,0.9305761811145447,0.9305761811145447,9.846351791111072e-08,0.0008330243365403602,0.06859069608539707
2_trans_1568.csv,1,1,1,0.9917142617135092,0.9917142617135092,4.0547487590222265e-17,0.008279704427922616,6.033858568329539e-06
2_trans_990.csv,1,1,1,0.999999952518432,0.999999952518432,4.082934327099838e-28,4.187105290463377e-08,5.6105150614863316e-09
2_trans_1959.csv,1,1,1,0.8309100737065193,0.8309100737065193,1.1724566360844263e-12,0.0038857537032345826,0.16520417258907374
2_trans_204.csv,1,1,1,0.9999999967567557,0.9999999967567557,4.329005521605326e-45,3.919306946075242e-14,3.2432049643828784e-09
2_trans_562.csv,1,1,1,0.9999995248003959,0.9999995248003959,1.2156017635593516e-29,1.2388593434841267e-09,4.739607447808506e-07
2_trans_576.csv,1,1,1,0.9999999966022057,0.9999999966022057,6.4354054421155876e-31,1.3701044933820874e-09,2.027689826662078e-09
2_trans_1024.csv,1,1,1,0.9999999989364001,0.9999999989364001,3.0558499786852625e-40,2.7737931785049e-13,1.0633226073166272e-09
2_trans_2511.csv,1,1,1,0.9999470923271673,0.9999470923271673,9.147181081240681e-29,1.6092954547830112e-08,5.289157987818905e-05
2_trans_2276.csv,1,1,1,0.9999999462610405,0.9999999462610405,5.1767219494533866e-46,1.7832714665362562e-10,5.35606324610178e-08
2_trans_2510.csv,1,1,1,0.9953924062522898,0.9953924062522898,5.9937067063168636e-21,3.6353473457845894e-09,0.0046075901123628525
2_trans_1743.csv,1,1,1,0.9999999999998808,0.9999999999998808,4.537048869596437e-45,1.1046170671267207e-13,8.826931977498433e-15
2_trans_1025.csv,1,1,1,0.9999999999998688,0.9999999999998688,3.3619478231788366e-49,5.671105392901699e-17,1.3132471569402034e-13
2_trans_211.csv,1,1,1,0.9999997832493858,0.9999997832493858,3.667895654455436e-27,7.455357245587042e-08,1.4219704178448028e-07
2_trans_205.csv,3,3,1,0.9152243059460868,0.0820861815180305,2.2656923194421668e-17,0.9152243059460868,0.0026895125358825022
2_trans_1757.csv,1,1,1,0.999908624302925,0.999908624302925,2.4145101578781998e-28,1.742072266073625e-09,9.137395500261642e-05
2_trans_563.csv,4,4,1,0.9959216714525672,0.003703669956881652,1.75925934167863e-05,0.0003570659971344933,0.9959216714525672
2_trans_588.csv,1,1,1,0.9998432612659955,0.9998432612659955,1.3016159960120689e-20,7.725974509067777e-05,7.947898891391298e-05
2_trans_1964.csv,3,3,1,0.5246823019419723,0.054550834879916084,2.8883527123489993e-08,0.5246823019419723,0.42076683429458456
2_trans_749.csv,3,3,1,0.8682519826719002,0.06790110680941538,2.4521871568788437e-07,0.8682519826719002,0.0638466652999687
2_trans_2074.csv,1,1,1,0.9999998999639115,0.9999998999639115,6.005092077438678e-32,1.0003344167963329e-07,2.646776874851314e-12
2_trans_991.csv,1,1,1,0.9999917382020713,0.9999917382020713,1.0821638347893702e-39,8.261794742399958e-06,3.1862795179935287e-12
2_trans_2060.csv,1,1,1,0.9291600841007743,0.9291600841007743,7.593364049804569e-14,2.743591893207454e-05,0.0708124799802177
2_trans_985.csv,1,1,1,0.9898919693056369,0.9898919693056369,8.855905752202808e-14,0.010089208176640111,1.8822517634378497e-05
2_trans_1555.csv,1,1,1,0.8903240246692968,0.8903240246692968,1.5620510220789908e-16,1.1567756829254372e-05,0.1096644075738737
2_trans_2909.csv,2,4,0,0.7029339929181981,0.00029231039122622947,0.2966289580243909,0.00014473866618480165,0.7029339929181981
2_trans_2935.csv,4,4,1,0.9391964127852935,0.001097163452679464,0.05839658595416447,0.0013098378078624602,0.9391964127852935
2_trans_1582.csv,1,1,1,0.9999761348670011,0.9999761348670011,1.0242454362230166e-21,1.4235336875078143e-05,9.629796124018357e-06
2_trans_2921.csv,4,2,0,0.5248827072448228,1.5067365903822137e-05,0.5248827072448228,3.216956422800057e-06,0.47509900843285063
2_trans_629.csv,1,1,1,0.9998788214962823,0.9998788214962823,1.5847762558602525e-26,0.00011810076837320554,3.0777353446307317e-06
2_trans_2672.csv,1,1,1,0.5336137747234215,0.5336137747234215,1.928029790880984e-10,0.019341871967750165,0.44704435311602525
2_trans_167.csv,1,1,1,0.9751240434071764,0.9751240434071764,7.526505237837689e-14,8.75392381856155e-06,0.024867202668929837
2_trans_1353.csv,1,1,1,0.9999999999843783,0.9999999999843783,3.422341080511132e-47,1.4473599895674207e-11,1.148100864925062e-12
2_trans_1435.csv,1,1,1,0.999999999971457,0.999999999971457,3.3039989519416073e-44,2.49311867788767e-11,3.6117792916968266e-12
2_trans_2896.csv,2,2,1,0.5896462697122017,0.005217587923806814,0.5896462697122017,0.0018733163250386447,0.4032628260389528
2_trans_70.csv,4,4,1,0.8403017109220241,0.11316821969110076,8.937234673260574e-08,0.046529980014528384,0.8403017109220241
2_trans_2464.csv,4,4,1,0.7849354840207615,0.17416585798342493,1.7885818301997197e-08,0.04089864010999524,0.7849354840207615
2_trans_359.csv,1,1,1,0.9429576382414316,0.9429576382414316,3.3177644119845587e-18,0.05703941725186536,2.944506703017945e-06
2_trans_1637.csv,1,1,1,0.999999998353502,0.999999998353502,6.241669793305238e-39,3.89005747556548e-12,1.642607956763416e-09
2_trans_371.csv,1,1,1,0.9999999994734523,0.9999999994734523,1.7363768992340857e-38,3.214806474993763e-13,5.26226180449576e-10
2_trans_1145.csv,1,1,1,0.9999999523653009,0.9999999523653009,5.521143968392629e-33,8.057660765441773e-16,4.7634698202722916e-08
2_trans_1623.csv,1,3,0,0.6962988394746594,0.3037011270427976,7.367941651938343e-18,0.6962988394746594,3.348254293659921e-08
2_trans_417.csv,1,1,1,0.9999999968065154,0.9999999968065154,2.4243102925627136e-34,2.683936684193859e-09,5.095479357177894e-10
2_trans_1810.csv,1,1,1,0.999114363863303,0.999114363863303,2.468523569176762e-17,0.00010757693473472083,0.0007780592019621881
2_trans_1192.csv,1,1,1,0.9794516184317507,0.9794516184317507,2.2998747482686107e-17,4.8335567776099154e-08,0.020548333232681647
2_trans_1186.csv,1,1,1,0.9981356946769225,0.9981356946769225,1.1286616032209243e-14,0.0018133142757920063,5.0991047274145e-05
2_trans_1838.csv,1,1,1,0.999763345672139,0.999763345672139,3.938711400932614e-31,6.147270688568831e-12,0.0002366543217137453
2_trans_2328.csv,1,1,1,0.9928729334018864,0.9928729334018864,2.964470909965782e-18,0.001229037627821472,0.0058980289702922515
2_trans_415.csv,1,1,1,0.9999998377816374,0.9999998377816374,8.510340264191854e-35,1.62105044047073e-07,1.1331873237102916e-10
2_trans_1386.csv,1,1,1,0.999844926177586,0.999844926177586,1.5316195167063893e-19,3.0036860095096458e-05,0.000125036962318799
2_trans_66.csv,4,1,0,0.6029620464964399,0.6029620464964399,2.9306104954310206e-17,0.000726696829612209,0.39631125667394784
2_trans_830.csv,1,1,1,0.99999362305265,0.99999362305265,4.0360809862864707e-32,8.783586433534876e-07,5.4985887065338295e-06
2_trans_603.csv,1,1,1,0.9956458964177749,0.9956458964177749,1.8642694580200514e-19,0.004339973684202321,1.4129898022849796e-05
2_trans_1423.csv,1,3,0,0.553462387725692,0.4163622576298289,4.160162542293155e-08,0.553462387725692,0.030175313042853754
2_trans_617.csv,1,1,1,0.9999999933284105,0.9999999933284105,3.295785530736622e-38,3.561546848189822e-12,6.668027755712914e-09
2_trans_2102.csv,1,1,1,0.9999999546335389,0.9999999546335389,8.384420775051151e-35,6.278120062484333e-09,3.908834130710426e-08
2_trans_159.csv,1,1,1,0.9999998367737839,0.9999998367737839,7.890485725745884e-26,5.2498630832249237e-11,1.6317371742903006e-07
2_trans_2116.csv,1,1,1,0.9999999996180882,0.9999999996180882,3.630977890610221e-42,9.586979272103029e-11,2.860420176858558e-10
2_trans_1580.csv,1,1,1,0.9877888633603061,0.9877888633603061,4.471316763787445e-15,0.0007741203907657674,0.011437016248923685
2_trans_1594.csv,1,1,1,0.9999999999628915,0.9999999999628915,3.525005748269195e-51,3.6241065275293944e-11,8.674579462946676e-13
2_trans_788.csv,1,1,1,0.999979150986476,0.999979150986476,3.6121266612261656e-40,5.234865677849833e-16,2.0849013523486757e-05
2_trans_777.csv,1,1,1,0.7356363204278127,0.7356363204278127,2.0058503002510086e-17,9.344411035332457e-07,0.2643627451310837
2_trans_1225.csv,1,1,1,0.8412974326202759,0.8412974326202759,2.8486451198988956e-20,0.15868415846299902,1.840891672496948e-05
2_trans_1231.csv,1,1,1,0.9876525754935553,0.9876525754935553,5.779133503493586e-26,3.512756192669728e-12,0.012347424502931983
2_trans_987.csv,1,1,1,0.9999999934366168,0.9999999934366168,3.2044504485825633e-42,4.492640897582208e-09,2.0707421297457875e-09
2_trans_2062.csv,3,4,0,0.5368452421662121,0.01161242218524561,2.3066627516898167e-05,0.45151926902102535,0.5368452421662121
2_trans_1027.csv,1,1,1,0.9999999999999809,0.9999999999999809,3.44818291187165e-49,1.2115376274555349e-14,6.863585679900354e-15
2_trans_1033.csv,1,1,1,0.999999748801758,0.999999748801758,7.43183606255579e-42,2.507633010493657e-07,4.349409018323546e-10
2_trans_2512.csv,4,4,1,0.6567638383077142,0.27852285667743587,5.602063132244321e-10,0.06471330445464346,0.6567638383077142
2_trans_2506.csv,1,1,1,0.6704304773126829,0.6704304773126829,3.94256070612797e-09,0.30443868048594447,0.025130838258811985
2_trans_1768.csv,1,1,1,0.9999999998988718,0.9999999998988718,2.810991680101162e-51,3.647050138722161e-13,1.0076360394708962e-10
2_trans_2513.csv,1,1,1,0.999999540707339,0.999999540707339,2.443805841199777e-27,3.1629232231919616e-12,4.592894980610243e-07
2_trans_1754.csv,1,1,1,0.9992057137437123,0.9992057137437123,4.1244210211528494e-23,0.000794273641137764,1.2615149907250391e-08
2_trans_560.csv,1,1,1,0.999999266838731,0.999999266838731,4.497401286694655e-21,1.810133253304526e-08,7.150599366583628e-07
2_trans_1740.csv,1,1,1,0.9999999999200608,0.9999999999200608,1.0187486821121152e-49,7.869910386696475e-11,1.2402106782425668e-12
2_trans_1797.csv,1,1,1,0.9790842764082116,0.9790842764082116,2.2089616945615882e-17,8.528631109645096e-06,0.02090719496067884
2_trans_1783.csv,1,1,1,0.9999999994542175,0.9999999994542175,1.3527218634799447e-36,3.3085574735823855e-11,5.126970604237246e-10
2_trans_986.csv,1,1,1,0.9999680851315341,0.9999680851315341,1.5261981288690517e-29,4.5186463175715064e-11,3.191482327943674e-05
2_trans_2077.csv,4,4,1,0.9719117802903001,0.027612993089906803,4.183108841323355e-07,0.0004748083089089568,0.9719117802903001
2_trans_945.csv,1,4,0,0.6660511344459544,0.33394886531727863,4.544174141792848e-16,2.36766541739139e-10,0.6660511344459544
2_trans_2922.csv,2,2,1,0.9257740549750695,4.367149261612192e-07,0.9257740549750695,7.433609536701143e-07,0.0742247649490507
2_trans_2671.csv,1,1,1,0.8522789397666151,0.8522789397666151,8.137736784448293e-15,1.800893720791052e-08,0.14772104222443955
2_trans_1378.csv,1,1,1,0.9999736866387074,0.9999736866387074,1.130195053690652e-28,1.1964533214641798e-09,2.631216483914009e-05
2_trans_2117.csv,1,1,1,0.999999999463667,0.999999999463667,1.203029676482583e-38,1.4268855351239993e-12,5.349061612706098e-10
2_trans_158.csv,4,4,1,0.9980324351967207,0.0016847964080494323,5.4765004404542454e-05,0.0002280033908253396,0.9980324351967207
2_trans_170.csv,1,1,1,0.9990202212675028,0.9990202212675028,8.261346422120728e-19,0.0009603260297398997,1.9452702757205784e-05
2_trans_2659.csv,1,1,1,0.9999999999999971,0.9999999999999971,1.4877789812630355e-59,2.859715095730883e-15,2.2553152836343796e-17
2_trans_825.csv,1,1,1,0.999999994991257,0.999999994991257,2.3311373361783505e-41,2.8746488714309326e-09,2.1340940626487993e-09
2_trans_819.csv,1,1,1,0.9999999999848419,0.9999999999848419,3.8797737682969025e-48,8.032570035035581e-13,1.4354688235239516e-11
2_trans_73.csv,3,3,1,0.9933811803828948,0.00661220279290147,2.17928586700074e-09,0.9933811803828948,6.614644917899884e-06
2_trans_428.csv,4,4,1,0.8648253289444556,0.13517045512713224,1.3753603824621931e-15,4.215928410805075e-06,0.8648253289444556
2_trans_2315.csv,1,1,1,0.999999888149793,0.999999888149793,4.117368629325685e-34,9.32500117376007e-08,1.86001951942137e-08
2_trans_414.csv,1,1,1,0.9996453419697042,0.9996453419697042,5.096066570535663e-23,0.00010521117289728665,0.00024944685739852296
2_trans_1634.csv,1,1,1,0.9999994252618406,0.9999994252618406,1.896877482856679e-38,5.740094457587187e-07,7.287135503490041e-10
2_trans_1807.csv,1,1,1,0.9999999992987041,0.9999999992987041,4.0304276299393404e-39,6.140386711381437e-10,8.725731041633126e-11
2_trans_1191.csv,1,1,1,0.9999984608755151,0.9999984608755151,1.8916096066387246e-21,1.021604029061577e-06,5.175204557295275e-07
2_trans_1803.csv,1,1,1,0.9999867878403872,0.9999867878403872,1.5112897100211412e-25,1.0378033714495061e-08,1.3201781579109801e-05
2_trans_1195.csv,1,1,1,0.9241140105241712,0.9241140105241712,9.565316471812536e-12,0.0022050754197920795,0.07368091404647135
2_trans_2488.csv,1,1,1,0.635572170786987,0.635572170786987,4.499006546373945e-18,0.36439925147029806,2.8577742714819308e-05
2_trans_1181.csv,1,1,1,0.8230834534983182,0.8230834534983182,1.0069363152285953e-10,0.0003311890527382204,0.17658535734825
2_trans_2463.csv,1,1,1,0.9997858613204677,0.9997858613204677,1.06858885640632e-27,2.3640653797665698e-08,0.00021411503887863744
2_trans_1618.csv,1,1,1,0.9999960959895933,0.9999960959895933,2.8905770914431194e-34,3.903681714286453e-06,3.2869236816675356e-10
2_trans_404.csv,1,1,1,0.999999998482836,0.999999998482836,3.4598099873533646e-51,1.5161837697398642e-09,9.801242016542411e-13
2_trans_821.csv,1,1,1,0.9994842112983742,0.9994842112983742,2.925195046125755e-33,5.378372516563595e-11,0.0005157886478422952
2_trans_1397.csv,1,1,1,0.999999999981221,0.999999999981221,6.168091767312241e-51,7.578275684857111e-14,1.8703159366082295e-11
2_trans_63.csv,1,1,1,0.9999965712080335,0.9999965712080335,7.805820917175501e-28,3.0997116984062065e-06,3.2908026798398086e-07
2_trans_1368.csv,1,1,1,0.999112756920017,0.999112756920017,1.1972807071843823e-15,0.0008775307621156347,9.712317866251102e-06
2_trans_88.csv,3,3,1,0.5927089539669465,0.40610251426699573,8.074661031599021e-10,0.5927089539669465,0.001188530958591687
2_trans_160.csv,1,1,1,0.9762249829216528,0.9762249829216528,1.0250630464002211e-10,0.022788468290805924,0.0009865486850348095
2_trans_2891.csv,2,2,1,0.8123064924404603,2.19662159522056e-06,0.8123064924404603,5.136956187400775e-06,0.1876861739817572
2_trans_174.csv,1,1,1,0.999999912164116,0.999999912164116,1.4608519799838274e-44,1.2381207899913177e-10,8.771207195474028e-08
2_trans_1340.csv,1,1,1,0.9999999999859874,0.9999999999859874,1.383025999581885e-47,1.6426223327733943e-14,1.3996138480803572e-11
2_trans_941.csv,1,1,1,0.9998333453513584,0.9998333453513584,1.6843430034069352e-22,3.2188816638680396e-05,0.0001344658320030519
2_trans_969.csv,1,1,1,0.9837281842454589,0.9837281842454589,1.1663117418775798e-11,0.001581284564532723,0.014690531178345258
2_trans_2098.csv,1,1,1,0.999996292231807,0.999996292231807,6.122646305566017e-25,1.3303778625680376e-06,2.3773903304427778e-06
2_trans_2067.csv,1,3,0,0.9321383570598956,0.06718656929907124,3.3148067342878515e-10,0.9321383570598956,0.0006750733095526143
2_trans_982.csv,1,1,1,0.9999999586368823,0.9999999586368823,7.098218975531713e-39,4.261517717207981e-12,4.135885617529938e-08
2_trans_772.csv,1,1,1,0.8369999432432687,0.8369999432432687,1.4834305879951291e-09,0.0008367615189416816,0.16216329375435912
2_trans_1546.csv,1,1,1,0.999988548106389,0.999988548106389,2.7372472117252857e-27,1.12463412797207e-05,2.0555233131290024e-07
2_trans_1234.csv,1,1,1,0.9442432079079722,0.9442432079079722,1.9866460417876537e-10,0.001179133450493406,0.054577658442869784
2_trans_1977.csv,1,4,0,0.5510772752511925,0.44546086587986755,9.16132491148166e-07,0.0034609427364486497,0.5510772752511925
2_trans_558.csv,1,1,1,0.9999999968759234,0.9999999968759234,4.3164830302312e-38,7.28044643098331e-12,3.1167961277680592e-09
2_trans_216.csv,1,1,1,0.9999984836783342,0.9999984836783342,1.21041481953646e-41,1.2597503136051296e-14,1.516321653206227e-06
2_trans_1036.csv,4,4,1,0.9619142310355369,0.0380558589944649,2.7374331190079763e-07,2.9636226686360688e-05,0.9619142310355369
2_trans_202.csv,3,3,1,0.9630927345879238,0.03651060074826079,1.430459914804996e-12,0.9630927345879238,0.00039666466238497697
2_trans_203.csv,1,1,1,0.9999982824049325,0.9999982824049325,1.897157632561065e-25,3.731952310752178e-09,1.7138631150834056e-06
2_trans_1037.csv,1,1,1,0.9999999999997242,0.9999999999997242,8.27823700660888e-57,2.7513328467701275e-13,6.510643628921659e-16
2_trans_565.csv,3,3,1,0.8846183255325341,0.11538058868859108,6.855247061470529e-20,0.8846183255325341,1.0857788748323044e-06
2_trans_217.csv,1,1,1,0.9999160240318119,0.9999160240318119,1.660990178158724e-17,2.3861817683896713e-07,8.373735001110997e-05
2_trans_1235.csv,1,1,1,0.9999999994602085,0.9999999994602085,7.441551388888889e-35,9.365460690569452e-11,4.461369450879329e-10
2_trans_2728.csv,1,1,1,0.9999999052506728,0.9999999052506728,1.8557333089108468e-37,1.4042515892919719e-11,9.473528459734561e-08
2_trans_773.csv,1,1,1,0.999999714595265,0.999999714595265,3.176289140941012e-36,1.7614274988221155e-11,2.8538712058887903e-07
2_trans_2066.csv,1,1,1,0.9999997376109524,0.9999997376109524,1.999545118411455e-31,3.6668239909050655e-10,2.620223652049675e-07
2_trans_2072.csv,1,1,1,0.9999999999999787,0.9999999999999787,6.555510083483633e-53,1.5150377144923772e-17,2.1256405106673267e-14
2_trans_1590.csv,1,1,1,0.9884583785911767,0.9884583785911767,1.4806119438024084e-19,0.0011397796025568556,0.010401841806266663
2_trans_2927.csv,4,4,1,0.7440190690826634,0.0015489098474378404,0.25424882599513493,0.0001831950747638241,0.7440190690826634
2_trans_1427.csv,1,1,1,0.9999999949807856,0.9999999949807856,1.2930952150745196e-42,5.579485163709744e-10,4.461265841780774e-09
2_trans_1341.csv,1,1,1,0.9998312045610755,0.9998312045610755,1.332949446528876e-25,2.9498621746146504e-07,0.00016850045270686085
2_trans_161.csv,1,1,1,0.9999997069372752,0.9999997069372752,6.662403447679703e-35,3.955339371345031e-08,2.53509331179431e-07
2_trans_1355.csv,1,1,1,0.999999999995568,0.999999999995568,7.079100193342384e-46,5.6763305522831855e-15,4.426221238150758e-12
2_trans_149.csv,1,1,1,0.9999988308213551,0.9999988308213551,2.188695440555286e-31,3.5680371214835404e-10,1.1688218412784691e-06
2_trans_89.csv,1,1,1,0.9999999834775732,0.9999999834775732,4.732763576633949e-41,1.613928742931107e-20,1.6522426661046423e-08
2_trans_2847.csv,2,2,1,0.9938955669226052,5.629421723651054e-08,0.9938955669226052,1.5150412201397932e-07,0.006104225279055586
2_trans_76.csv,1,1,1,0.9999999043284002,0.9999999043284002,1.9822231423967114e-38,3.339340271127248e-15,9.56715963621061e-08
2_trans_1143.csv,1,1,1,0.9999999687880313,0.9999999687880313,4.762313867931069e-42,8.3236599760766e-12,3.1203645124946e-08
2_trans_2338.csv,1,1,1,0.9999975842653515,0.9999975842653515,8.722301802496269e-26,2.045618784837e-12,2.4157326027283953e-06
2_trans_1631.csv,1,1,1,0.9999998817016502,0.9999998817016502,5.272271451960423e-41,1.1828446113827091e-07,1.3888609163619503e-11
2_trans_2310.csv,1,1,1,0.9998118634640004,0.9998118634640004,3.277349194798106e-22,5.496587152048503e-06,0.00018263994884749996
2_trans_1619.csv,1,1,1,0.9999999998830662,0.9999999998830662,2.8963679290990217e-47,1.1410510047706693e-10,2.8285455706186977e-12
2_trans_2304.csv,3,3,1,0.9693116119015401,0.03046540939437158,1.5331801314837636e-11,0.9693116119015401,0.000222978688756341
2_trans_1180.csv,1,1,1,0.9999999277804507,0.9999999277804507,8.371462936666693e-32,5.85937579889871e-09,6.63601735425807e-08
2_trans_2489.csv,1,1,1,0.8441191892521691,0.8441191892521691,0.0001493713539702971,0.023509218837294312,0.13222222055656618
2_trans_388.csv,1,1,1,0.9999217774118532,0.9999217774118532,6.307665401294973e-27,7.822239696264392e-05,1.9118431595890196e-10
2_trans_1816.csv,3,1,0,0.7088610165099328,0.7088610165099328,1.456745811348403e-11,0.2889887725456051,0.0021502109298946375
2_trans_1182.csv,1,1,1,0.9994382062223933,0.9994382062223933,2.8103483226828314e-21,6.351677548813837e-07,0.0005611586098516878
2_trans_2306.csv,1,1,1,0.9881983939939908,0.9881983939939908,3.4021741229515564e-10,1.9079805569166862e-05,0.011782525860222747
2_trans_361.csv,1,4,0,0.8640845230115023,0.12223326781842896,3.485917879619656e-07,0.013681860578280658,0.8640845230115023
2_trans_1155.csv,3,3,1,0.9910843320481767,0.008915558285735651,2.1845786607153434e-16,0.9910843320481767,1.0966608748921919e-07
2_trans_407.csv,1,1,1,0.9999783035839301,0.9999783035839301,7.564767547145619e-20,6.368107541290074e-07,2.1059605315867884e-05
2_trans_188.csv,1,1,1,0.5183646402830929,0.5183646402830929,1.9061074289158677e-11,5.1901789999012615e-05,0.481583457907847
2_trans_2879.csv,2,2,1,0.9101194862407258,1.1027003863051053e-06,0.9101194862407258,1.4279156437381928e-06,0.08987798314324419
2_trans_2845.csv,2,2,1,0.743334692160519,0.0001348399980886165,0.743334692160519,6.232305040785841e-05,0.25646814479098456
2_trans_1394.csv,1,1,1,0.9992570640446469,0.9992570640446469,3.274036004370422e-20,2.156913094135225e-05,0.0007213668244117874
2_trans_2110.csv,1,1,1,0.9999999990290154,0.9999999990290154,5.010835861883826e-49,1.443453131420102e-13,9.708403061660494e-10
2_trans_639.csv,1,1,1,0.9999999999956464,0.9999999999956464,9.298602329185881e-51,1.896986195663263e-12,2.456687160690583e-12
2_trans_1343.csv,1,1,1,0.9999999999829912,0.9999999999829912,3.2461103190579744e-48,9.305731128844451e-16,1.7007888412022082e-11
2_trans_1425.csv,1,1,1,0.9998605350902806,0.9998605350902806,2.906500256457217e-23,3.2052276310007514e-12,0.00013946490651413693
2_trans_2919.csv,4,4,1,0.5790662529374844,1.5529689396390157e-05,0.42090987930251594,8.338070603223147e-06,0.5790662529374844
2_trans_2931.csv,2,2,1,0.6479316566657195,0.0067585211460251884,0.6479316566657195,0.002351487374566352,0.3429583348136892
2_trans_981.csv,1,1,1,0.9999999999494023,0.9999999999494023,6.609507338194662e-51,3.96845202947564e-11,1.0913250976559665e-11
2_trans_1579.csv,1,1,1,0.999999999999098,0.999999999999098,4.653660659907341e-49,1.4188127288333063e-16,9.017442612851638e-13
2_trans_1237.csv,4,4,1,0.9916731411771682,0.0012653994355364736,8.713802538335057e-06,0.00705274558475697,0.9916731411771682
2_trans_765.csv,1,1,1,0.9999999939284259,0.9999999939284259,4.7645300637508664e-48,1.6967003866063815e-14,6.071557168760184e-09
2_trans_1545.csv,1,1,1,0.9999998874607832,0.9999998874607832,1.8087450137876702e-36,6.559546087801692e-10,1.1188326226771815e-07
2_trans_1223.csv,1,1,1,0.9999999614932426,0.9999999614932426,1.637543192885272e-42,6.560200118516978e-11,3.844115534109841e-08
2_trans_1974.csv,1,1,1,0.8746513609086854,0.8746513609086854,6.912818549348129e-17,2.3612733219802283e-06,0.1253462778179926
2_trans_1009.csv,1,1,1,0.9999997663075655,0.9999997663075655,1.6113942131033697e-36,7.923362626943391e-16,2.336924337000833e-07
2_trans_2272.csv,1,1,1,0.9999697126484722,0.9999697126484722,7.490184302071711e-24,3.3482858121054786e-11,3.028731804488766e-05
2_trans_2528.csv,1,1,1,0.99668725312309,0.99668725312309,2.217453681069099e-12,7.151254393845466e-05,0.003241234330754036
2_trans_573.csv,3,3,1,0.9982076195025489,0.0007845104189497835,3.745739624005064e-09,0.9982076195025489,0.0010078663327617284
2_trans_214.csv,1,1,1,0.9999965759572921,0.9999965759572921,8.438347415582485e-30,8.703635472981739e-08,3.3370063530308803e-06
2_trans_2529.csv,1,1,1,0.9990272515801546,0.9990272515801546,9.659640653260343e-16,0.0005438014055812546,0.00042894701426324195
2_trans_1746.csv,1,1,1,0.9999999999999727,0.9999999999999727,1.2499329089618606e-53,1.4857770912322162e-19,2.7249684208123996e-14
2_trans_1752.csv,1,1,1,0.9999704802237477,0.9999704802237477,4.879803722106563e-28,1.3342988261061142e-06,2.8185477426224e-05
2_trans_200.csv,1,1,1,0.9994362899130818,0.9994362899130818,1.1243681890036671e-18,0.00043248742048574036,0.00013122266643257962
2_trans_2515.csv,1,1,1,0.9999999999951676,0.9999999999951676,3.6814560975038435e-47,1.2253750403527842e-18,4.832301042291005e-12
2_trans_1008.csv,1,1,1,0.9432428348266518,0.9432428348266518,7.069425168956862e-14,0.05233861979620013,0.004418545377077146
2_trans_1785.csv,1,1,1,0.9999999995801883,0.9999999995801883,3.1076201960510166e-46,1.9704635703879802e-18,4.1981177383869464e-10
2_trans_1949.csv,4,4,1,0.9965686794486678,0.003424349441921089,6.702589492121629e-07,6.300850461838053e-06,0.9965686794486678
2_trans_1544.csv,4,4,1,0.975077166390373,0.024914556152319026,3.933196569861572e-10,8.27706398823835e-06,0.975077166390373
2_trans_1222.csv,1,1,1,0.9934088190571421,0.9934088190571421,1.6922841224120622e-26,3.3195185693865922e-15,0.006591180942854716
2_trans_1550.csv,1,1,1,0.992653796255711,0.992653796255711,6.4567219480797795e-21,6.481557330759434e-08,0.007346138928715649
2_trans_2071.csv,1,1,1,0.9999996880275998,0.9999996880275998,6.311756475006339e-41,2.510145477581862e-11,3.1194729877444035e-07
2_trans_1578.csv,1,1,1,0.999965906132895,0.999965906132895,3.3410499009782773e-26,2.39101525866838e-11,3.4093843194873184e-05
2_trans_2717.csv,1,1,1,0.9999999995548481,0.9999999995548481,1.551203744595744e-45,2.6449635008886297e-10,1.8065559513763486e-10
2_trans_758.csv,1,1,1,0.9999999980920979,0.9999999980920979,1.328908943999501e-44,9.919868096763256e-11,1.8087035019530804e-09
2_trans_2930.csv,2,2,1,0.9826798023786283,9.483799680207987e-08,0.9826798023786283,9.994777192882865e-07,0.017319103305655555
2_trans_1593.csv,1,1,1,0.9999999999993019,0.9999999999993019,2.6993806272242153e-50,2.3675816601390943e-13,4.613878224301874e-13
2_trans_957.csv,1,1,1,0.9999988162655958,0.9999988162655958,5.936744655816466e-22,1.1192617944473247e-08,1.1725417861019128e-06
2_trans_2139.csv,1,1,1,0.6949714019287144,0.6949714019287144,2.5047952876759196e-09,0.11349040433092233,0.19153819123556792
2_trans_2887.csv,2,4,0,0.5305066065461259,0.12741591649866074,0.24681259273358824,0.0952648842216251,0.5305066065461259
2_trans_176.csv,1,1,1,0.9999999952595311,0.9999999952595311,8.994248779292884e-38,1.5967029503440004e-12,4.738872092585349e-09
2_trans_2893.csv,2,2,1,0.9629706976616007,1.9880531925926487e-06,0.9629706976616007,1.2866186451445606e-06,0.037026027666561635
2_trans_610.csv,1,1,1,0.9944666019839951,0.9944666019839951,7.03694503225189e-34,0.005533397972620633,4.338447796322773e-11
2_trans_638.csv,1,1,1,0.9999999928377092,0.9999999928377092,1.7821255961308247e-40,8.945629573780695e-11,7.0728345969798e-09
2_trans_1418.csv,1,1,1,0.7100743449544143,0.7100743449544143,1.0677298255782203e-08,0.000562230714238521,0.28936341365404894
2_trans_1154.csv,1,1,1,0.9998981959056973,0.9998981959056973,5.89351192251293e-25,0.00010141335681738315,3.9073748533558524e-07
2_trans_406.csv,1,1,1,0.9997603423277724,0.9997603423277724,5.8665521430596924e-21,5.262042856254375e-15,0.00023965767222229053
2_trans_1632.csv,1,1,1,0.999997408095427,0.999997408095427,6.979731887854076e-22,7.727555554602854e-07,1.8191490174435057e-06
2_trans_1140.csv,1,1,1,0.9999984015314656,0.9999984015314656,2.8595253975875373e-18,1.49450750762452e-06,1.0396102669987837e-07
2_trans_2313.csv,1,1,1,0.9999999948016436,0.9999999948016436,9.648738061592796e-32,3.0184562760750358e-09,2.179900081608088e-09
2_trans_1197.csv,1,1,1,0.9999999994749944,0.9999999994749944,1.666024270187261e-47,5.229092146669586e-10,2.09638413840787e-12
2_trans_1829.csv,1,1,1,0.9999911246242903,0.9999911246242903,3.04006272840737e-43,3.149324237120713e-12,8.875372560464591e-06
2_trans_1183.csv,1,1,1,0.9999999966895932,0.9999999966895932,3.3029302870009103e-31,1.6362128246509724e-13,3.3102432819524528e-09
2_trans_1696.csv,1,1,1,0.9999999999484621,0.9999999999484621,9.638283518801887e-45,2.897606338530541e-13,5.124808993128839e-11
2_trans_461.csv,1,1,1,0.9999974229516909,0.9999974229516909,2.1930093565248013e-29,8.185452409003148e-10,2.5762297637553303e-06
2_trans_1655.csv,3,3,1,0.8254433662289262,0.15060338721301708,1.4802568440706422e-08,0.8254433662289262,0.023953231755488302
2_trans_878.csv,1,1,1,0.9999999988638584,0.9999999988638584,2.760135232274289e-42,5.20180339765934e-10,6.159613606070986e-10
2_trans_844.csv,1,1,1,0.9999999999381481,0.9999999999381481,3.23400197080495e-47,5.95605137964062e-11,2.2913278576452387e-12
2_trans_1325.csv,1,1,1,0.9832431341535338,0.9832431341535338,4.600353666311794e-18,2.636800505091171e-05,0.016730497841415306
2_trans_111.csv,1,1,1,0.9999999801679973,0.9999999801679973,7.500905698436333e-36,1.2133043784984e-11,1.9819869715362072e-08
2_trans_663.csv,1,1,1,0.999525032209949,0.999525032209949,1.1523215718244282e-26,3.282141561298877e-05,0.0004421463744380906
2_trans_2604.csv,1,1,1,0.9999998226492496,0.9999998226492496,1.679568600299852e-27,1.8532526918239206e-09,1.7549749750979014e-07
2_trans_2943.csv,4,2,0,0.7924657796833338,0.0015749063706537848,0.7924657796833338,0.0018935693214556096,0.20406574462455693
2_trans_918.csv,1,1,1,0.9977922189068537,0.9977922189068537,5.563497716696361e-22,5.057631202261668e-05,0.0021572047811235875
2_trans_703.csv,3,3,1,0.9992047695426729,0.0007949995294806773,1.4683639744339977e-16,0.9992047695426729,2.309278462693e-07
2_trans_1245.csv,1,1,1,0.9989015405414589,0.9989015405414589,5.480741418117789e-21,0.0010928512900857112,5.608168455416481e-06
2_trans_2764.csv,1,1,1,0.9999999484949045,0.9999999484949045,1.0210963654262482e-37,2.251624666639659e-08,2.898884888093759e-08
2_trans_2002.csv,1,1,1,0.9999975720176904,0.9999975720176904,3.540529813325206e-27,9.233812160133967e-07,1.5046010937440513e-06
2_trans_528.csv,1,1,1,0.42662083007349655,0.42662083007349655,8.823101493034318e-07,0.17848252483668245,0.39489576277967176
2_trans_1708.csv,1,1,1,0.9999998877063458,0.9999998877063458,1.9085727736745938e-26,2.609451777994502e-13,1.1229339339224458e-07
2_trans_2201.csv,4,4,1,0.9997879016122126,0.00021183948850833805,1.2467392146083495e-09,2.5765253984966603e-07,0.9997879016122126
2_trans_1720.csv,1,1,1,0.9999987895349554,0.9999987895349554,7.323024002695538e-31,5.980967674260662e-07,6.123682773362838e-07
2_trans_1052.csv,1,1,1,0.9999948388614385,0.9999948388614385,1.1834624849303262e-32,1.5196461262818377e-10,5.160986596949743e-06
2_trans_1907.csv,4,4,1,0.9581202551872398,0.04118011947900693,0.0006989536075594727,6.717261939169594e-07,0.9581202551872398
2_trans_1091.csv,1,1,1,0.9999977929112136,0.9999977929112136,1.193807947711285e-29,2.2041987220970257e-06,2.890064303809812e-09
2_trans_2995.csv,2,2,1,0.9792901078023255,7.368292214424701e-07,0.9792901078023255,8.522102897428689e-07,0.020708303158163334
2_trans_1536.csv,1,1,1,0.9999684036053192,0.9999684036053192,5.799288697607271e-32,8.353963133123666e-13,3.159639384555177e-05
2_trans_931.csv,1,1,1,0.9828789711269602,0.9828789711269602,2.5627640989422103e-21,3.630335164740493e-11,0.017121028836736368
2_trans_2956.csv,4,4,1,0.96827806379429,0.0007419373336913682,0.030949905095015037,3.0093777003524453e-05,0.96827806379429
2_trans_919.csv,1,1,1,0.9999999998906401,0.9999999998906401,2.4487476088474434e-44,2.8112114473046903e-12,1.065485191377236e-10
2_trans_2163.csv,1,4,0,0.6136948755618027,0.38451689730612604,1.068103372994072e-06,0.0017871590286983488,0.6136948755618027
2_trans_138.csv,1,1,1,0.9999989399975265,0.9999989399975265,9.173112161374169e-40,1.059956408780975e-06,4.606454806307012e-11
2_trans_110.csv,1,1,1,0.9999999160478495,0.9999999160478495,2.775951152232417e-39,2.8223435632814696e-08,5.5728714776316605e-08
2_trans_676.csv,1,1,1,0.9999996702114446,0.9999996702114446,4.32078129208137e-39,5.285085893430232e-09,3.245034694267633e-07
2_trans_845.csv,1,1,1,0.999999999972744,0.999999999972744,1.8050106451194566e-52,2.5689322746681646e-17,2.7255890357737333e-11
2_trans_851.csv,1,1,1,0.9999999999989653,0.9999999999989653,9.84826208845442e-52,1.8293499761134923e-14,1.0165351992845517e-12
2_trans_1495.csv,4,1,0,0.9557561534505424,0.9557561534505424,3.236135108455862e-16,0.011440417786928411,0.03280342876252872
2_trans_13.csv,1,1,1,0.9998324408146962,0.9998324408146962,5.309103153320732e-33,2.876327617220309e-10,0.00016755889767090692
2_trans_879.csv,1,1,1,0.9999999995319069,0.9999999995319069,1.4144917041371123e-37,3.1102107319818795e-11,4.369912204179786e-10
2_trans_1481.csv,1,1,1,0.999999986356106,0.999999986356106,1.0754372672007001e-38,2.103788517492223e-12,1.3641790163247168e-08
2_trans_2407.csv,3,1,0,0.5099040451159021,0.5099040451159021,1.640261686289008e-09,0.48379117456558035,0.006304778678255787
2_trans_2361.csv,4,4,1,0.9414792546910199,0.058197544976491836,5.627125211883923e-05,0.0002669290803694317,0.9414792546910199
2_trans_448.csv,3,3,1,0.8617359491059003,0.13803606206092278,7.711214746949305e-12,0.8617359491059003,0.00022798882546556357
2_trans_2375.csv,1,1,1,0.9999650457905915,0.9999650457905915,2.9252131114020897e-27,1.8593359330771754e-06,3.309487347533098e-05
2_trans_306.csv,4,4,1,0.545914161249433,0.454052141650613,2.8998556493891797e-12,3.3697097054079115e-05,0.545914161249433
2_trans_1132.csv,1,1,1,0.9355220497783798,0.9355220497783798,1.8085996687796825e-13,0.06382803122024108,0.0006499190011982304
2_trans_460.csv,1,4,0,0.5080507540366658,0.48358371222142527,2.0579043982434137e-11,0.008365533721329888,0.5080507540366658
2_trans_2349.csv,1,1,1,0.9949893073565624,0.9949893073565624,7.299755164097787e-20,8.757181650586857e-07,0.005009816925272666
2_trans_1640.csv,1,1,1,0.9999775711095232,0.9999775711095232,1.2828036576901205e-28,2.2428335713433414e-05,5.547632932040615e-10
2_trans_312.csv,4,4,1,0.4788792928632498,0.10607881023580003,5.8447463981077274e-06,0.415036052154552,0.4788792928632498
2_trans_1871.csv,1,1,1,0.9999990355306244,0.9999990355306244,6.048857945944383e-28,4.598893806704201e-09,9.598704819523368e-07
2_trans_1865.csv,1,1,1,0.9651267017405376,0.9651267017405376,6.133549284920346e-23,9.254035414660744e-05,0.03478075790531579
2_trans_1124.csv,3,1,0,0.77038240477545,0.77038240477545,9.905754708344448e-18,0.22781661078883825,0.0018009844357117948
2_trans_1642.csv,3,3,1,0.745628586237237,0.25437138052622565,2.4901003717049835e-19,0.745628586237237,3.323653739700088e-08
2_trans_2411.csv,1,1,1,0.9998507370200054,0.9998507370200054,1.595320343833085e-28,7.5032881268778244e-06,0.0001417596918678059
2_trans_2834.csv,2,2,1,0.8608470498948767,2.543689928904887e-06,0.8608470498948767,7.073623092043341e-07,0.13914969905288538
2_trans_1454.csv,1,1,1,0.9999999999990734,0.9999999999990734,5.490015631890969e-50,4.234563464036144e-16,9.260564357250432e-13
2_trans_660.csv,1,1,1,0.9511598275125981,0.9511598275125981,2.893056138779609e-11,1.3476678497020408e-09,0.04884017111080353
2_trans_2954.csv,2,2,1,0.934485571790395,0.0004687618541032008,0.934485571790395,0.0013948747358718384,0.0636507916196299
2_trans_1246.csv,1,1,1,0.9348644744975,0.9348644744975,3.055966147171121e-11,8.398605311678317e-08,0.0651354414858871
2_trans_2015.csv,4,4,1,0.9525401646801676,0.047450602180054105,9.111069524776601e-06,1.2207025349262687e-07,0.9525401646801676
2_trans_1508.csv,1,1,1,0.8053901006280367,0.8053901006280367,1.630506397879605e-16,2.0183390592950683e-07,0.19460969753805737
2_trans_1050.csv,1,1,1,0.9999998680665331,0.9999998680665331,7.419993227858169e-36,1.9405973437397504e-10,1.317394072490063e-07
2_trans_2571.csv,1,1,1,0.9946270175153705,0.9946270175153705,1.5161194858215924e-29,2.0467992967518728e-08,0.005372962016636572
2_trans_2203.csv,1,1,1,0.9998560628847364,0.9998560628847364,8.779241213360545e-30,6.372688590760529e-06,0.0001375644266729667
2_trans_2216.csv,1,1,1,0.9343752130633663,0.9343752130633663,1.3129777848429913e-14,0.05998652253859526,0.005638264398025322
2_trans_1079.csv,1,3,0,0.824508447764811,0.17058484956586423,2.2996274023943225e-09,0.824508447764811,0.004906700369697398
2_trans_1051.csv,1,1,1,0.9999999999991407,0.9999999999991407,2.4862314871824763e-52,1.5948978291067384e-13,6.999029993605929e-13
2_trans_265.csv,1,1,1,0.9999999999643658,0.9999999999643658,1.287155916297878e-40,5.485033920993302e-15,3.562854785914305e-11
2_trans_1737.csv,1,1,1,0.9999999999997391,0.9999999999997391,1.0705113331760023e-53,2.2278253347224312e-15,2.5861711249424706e-13
2_trans_1086.csv,1,1,1,0.9999999999953673,0.9999999999953673,2.3865239097034444e-45,3.749438342533213e-12,8.832618097535775e-13
2_trans_2000.csv,1,1,1,0.9999999997168121,0.9999999997168121,3.8623001185737854e-40,2.597617855043904e-10,2.342614655474164e-11
2_trans_2772.csv,1,1,1,0.9999999998669051,0.9999999998669051,1.4196703609043848e-48,2.6570769404890392e-11,1.0652401499886607e-10
2_trans_729.csv,1,1,1,0.9996165004331291,0.9996165004331291,5.7854581346248505e-25,2.800435077583383e-05,0.00035549521609505564
2_trans_2014.csv,1,1,1,0.9484911307532422,0.9484911307532422,3.0523430587722905e-16,0.0001287129875183373,0.05138015625923929
2_trans_1535.csv,4,4,1,0.5017092932072676,0.49827688744032234,4.094046742630086e-07,1.340994773575486e-05,0.5017092932072676
2_trans_2982.csv,4,4,1,0.9081883280178313,1.1648718612924696e-05,0.0917992168751282,8.063884276016043e-07,0.9081883280178313
2_trans_1521.csv,1,1,1,0.9999996158108321,0.9999996158108321,1.0081000236387903e-26,4.0545671074858996e-10,3.8378371128214104e-07
2_trans_2799.csv,1,1,1,0.8079368057902208,0.8079368057902208,2.1154611712950469e-19,0.19198887044266813,7.432376711121987e-05
2_trans_2160.csv,4,4,1,0.5956506952908054,0.37426055368069105,5.762117380209033e-09,0.030088745266386243,0.5956506952908054
2_trans_1327.csv,1,1,1,0.9999896796305506,0.9999896796305506,1.8216181881176196e-34,2.771859105053321e-11,1.0320341730762004e-05
2_trans_1333.csv,1,1,1,0.9967352254812625,0.9967352254812625,7.626540155805462e-32,2.3488984722876888e-09,0.0032647721698389497
2_trans_107.csv,3,3,1,0.9152712719514766,0.03464130230152413,1.2066220737727644e-09,0.9152712719514766,0.050087424540377165
2_trans_1455.csv,1,1,1,0.9999999845535525,0.9999999845535525,1.755669204128743e-38,2.906715376333817e-09,1.2539732120304725e-08
2_trans_38.csv,1,1,1,0.9999999819785225,0.9999999819785225,5.425573098331852e-18,2.540457562122358e-11,1.79960730036691e-08
2_trans_2821.csv,2,2,1,0.9807203041473459,1.5199518564663093e-05,0.9807203041473459,2.5204029737571998e-05,0.019239292304351823
2_trans_10.csv,1,1,1,0.9975984404714344,0.9975984404714344,4.37729811117194e-24,1.4270573156632116e-07,0.002401416822834087
2_trans_2404.csv,1,1,1,0.9989289759462513,0.9989289759462513,3.2301935222864184e-19,2.7360345046513026e-06,0.0010682880192440956
2_trans_339.csv,1,1,1,0.9853391815045087,0.9853391815045087,4.8378327233081026e-17,0.01466056136181502,2.571336763316498e-07
2_trans_1125.csv,1,1,1,0.9999999999984428,0.9999999999984428,4.814653135292746e-54,3.5417644305475544e-20,1.5572723277276426e-12
2_trans_477.csv,1,1,1,0.9999999999998399,0.9999999999998399,1.2128827971562337e-56,7.893425999445355e-17,1.601161570747493e-13
2_trans_1657.csv,1,1,1,0.999999928256919,0.999999928256919,1.9480992412554438e-29,5.5543439008435556e-08,1.6199642095751977e-08
2_trans_463.csv,1,1,1,0.9999997763060845,0.9999997763060845,1.4042284177674046e-38,2.2341337644150923e-07,2.8053903059627983e-10
2_trans_305.csv,1,1,1,0.9999798644717697,0.9999798644717697,2.5809380519096716e-31,1.4755712830044807e-09,2.0134052659146385e-05
2_trans_1680.csv,1,1,1,0.999999926097925,0.999999926097925,4.25499072412768e-34,1.244519953831235e-11,7.388962989274504e-08
2_trans_2400.csv,1,1,1,0.9999998852694122,0.9999998852694122,3.6856807285151556e-37,1.0150094363061461e-07,1.3229644318732801e-08
2_trans_301.csv,1,1,1,0.9249486223086356,0.9249486223086356,1.1432302528502856e-13,1.2002973841004124e-13,0.07505137769113014
2_trans_467.csv,1,1,1,0.9999998747321118,0.9999998747321118,3.6482292792825617e-40,9.407159412040904e-15,1.2526787870430905e-07
2_trans_1653.csv,1,1,1,0.999813100696937,0.999813100696937,1.2688081302535268e-27,0.00018670468068889026,1.946223741519863e-07
2_trans_1647.csv,1,1,1,0.9999999999739526,0.9999999999739526,2.3614896915376808e-52,1.8117598634860746e-11,7.929938825941688e-12
2_trans_2428.csv,1,1,1,0.9999999999870197,0.9999999999870197,4.1106229125170056e-52,1.272116851774525e-11,2.5904893451880905e-13
2_trans_842.csv,1,1,1,0.9997488313796273,0.9997488313796273,3.3126136826662804e-25,1.2268021285630309e-10,0.000251168497692452
2_trans_856.csv,1,1,1,0.9999905817688948,0.9999905817688948,2.2560225731831345e-16,2.2484327199460457e-06,7.169798385178591e-06
2_trans_2825.csv,2,2,1,0.9911744888178706,4.385987238984703e-07,0.9911744888178706,3.454293228085603e-06,0.008821618290177509
2_trans_2831.csv,2,2,1,0.967785685593864,9.98749050362553e-07,0.967785685593864,9.102680068429592e-07,0.03221240538907884
2_trans_2602.csv,3,3,1,0.5932021781520977,0.40678614737230495,2.3514899963328387e-12,0.5932021781520977,1.1674473245834954e-05
2_trans_1479.csv,1,1,1,0.9999629129233446,0.9999629129233446,4.711687048974558e-34,6.111075079136394e-10,3.708646554772115e-05
2_trans_895.csv,1,1,1,0.999999999919087,0.999999999919087,4.405215629545109e-43,6.216217288956778e-14,8.085089154926036e-11
2_trans_2170.csv,1,1,1,0.9999991232234042,0.9999991232234042,5.7714601599456054e-40,1.578507017455742e-11,8.767608106852392e-07
2_trans_1451.csv,4,4,1,0.885532702048539,0.11314965985875969,1.9066638907035607e-07,0.0013174474263122522,0.885532702048539
2_trans_103.csv,4,4,1,0.8237921653682246,0.17620670381878925,1.3372702381953875e-11,1.1307996134287046e-06,0.8237921653682246
2_trans_1337.csv,4,4,1,0.9891393391244026,0.010754438525831333,5.772697059134786e-09,0.0001062165770690956,0.9891393391244026
2_trans_671.csv,1,1,1,0.9999999297242801,0.9999999297242801,1.9530378486068513e-37,1.3730393023051638e-10,7.013841581772456e-08
2_trans_1445.csv,1,1,1,0.7659790285867017,0.7659790285867017,9.185586339672514e-16,4.3647252231530445e-07,0.23402053494077496
2_trans_922.csv,1,1,1,0.9999999554604655,0.9999999554604655,3.4822939975686767e-44,1.5646461766655662e-15,4.453953287557525e-08
2_trans_2010.csv,4,4,1,0.9653283829200242,0.03421138247068173,2.1954941188137602e-07,0.00046001505988224145,0.9653283829200242
2_trans_2004.csv,3,1,0,0.5895399706399154,0.5895399706399154,4.3569937212319164e-14,0.4089172157060631,0.0015428136539778247
2_trans_711.csv,1,1,1,0.9567547047522128,0.9567547047522128,5.645845526294467e-14,0.04054522300495617,0.0027000722427745543
2_trans_1.csv,3,3,1,0.7119242241386524,0.03975832163056915,4.4837027495315145e-05,0.7119242241386524,0.24827261720328314
2_trans_1257.csv,1,1,1,0.9999999999936227,0.9999999999936227,8.412505791939133e-49,5.768630190886067e-12,6.085132423757087e-13
2_trans_2986.csv,2,2,1,0.9011570302972596,4.719487005903989e-06,0.9011570302972596,2.6387868958013135e-06,0.0988356114288387
2_trans_2038.csv,3,3,1,0.8254064480403316,0.174593405693524,1.252938970513363e-17,0.8254064480403316,1.4626614422919704e-07
2_trans_705.csv,1,3,0,0.7522634049807322,0.054409075906020746,0.00021795536433798365,0.7522634049807322,0.19310956374890903
2_trans_1531.csv,1,1,1,0.9999999993714237,0.9999999993714237,5.904730226641199e-45,1.779017465065201e-15,6.285745122975714e-10
2_trans_1096.csv,1,1,1,0.9741875072497039,0.9741875072497039,1.030861920776616e-29,0.02581248708723314,5.663063072949787e-09
2_trans_2212.csv,1,1,1,0.9999970895324707,0.9999970895324707,2.248872187530709e-34,8.631509228152745e-16,2.9104675284227815e-06
2_trans_2206.csv,1,1,1,0.9999999962106987,0.9999999962106987,1.7158163115176835e-34,3.691150698500614e-09,9.815064415336868e-11
2_trans_1733.csv,1,1,1,0.9991067157629193,0.9991067157629193,2.724338744640936e-32,0.0008932001871213735,8.404995928797108e-08
2_trans_261.csv,1,1,1,0.9985262743779436,0.9985262743779436,1.451814891319368e-23,0.0006428643582761723,0.0008308612637803118
2_trans_1055.csv,1,1,1,0.9997079987356172,0.9997079987356172,1.7419089607562704e-28,2.916624816677786e-09,0.0002919983477579988
2_trans_1732.csv,1,1,1,0.9999999907295479,0.9999999907295479,2.1906054429295513e-43,9.042448111478214e-09,2.2800416763418229e-10
2_trans_1040.csv,1,1,1,0.9999304566481922,0.9999304566481922,2.8584456143893036e-23,4.87821354993715e-05,2.0761216308388597e-05
2_trans_1726.csv,1,1,1,0.9999999870998838,0.9999999870998838,2.9564315922667752e-43,9.87167503668058e-10,1.191294869469918e-08
2_trans_2207.csv,1,1,1,0.9999999854940875,0.9999999854940875,2.412392797837179e-40,1.2420743983000752e-11,1.4493491823774862e-08
2_trans_248.csv,1,1,1,0.9818565999142965,0.9818565999142965,1.4495222111102936e-22,8.151465095753865e-06,0.01813524862060765
2_trans_2575.csv,1,1,1,0.999999999951255,0.999999999951255,6.568269682555996e-49,3.460060254761024e-11,1.414443056856477e-11
2_trans_2213.csv,1,1,1,0.9999999902807525,0.9999999902807525,6.938110444854351e-39,5.42231014394795e-09,4.296937403434703e-09
2_trans_1929.csv,1,4,0,0.9463746777764571,0.05362106025771047,1.1678654216927494e-13,4.261965715497757e-06,0.9463746777764571
2_trans_1915.csv,1,1,1,0.9999989804220456,0.9999989804220456,3.3839867566662893e-32,3.5249108510421853e-07,6.670868692767898e-07
2_trans_1256.csv,3,3,1,0.9963486353187097,0.0036462563366238794,1.3100278401147713e-15,0.9963486353187097,5.108344665223822e-06
2_trans_1530.csv,1,1,1,0.9999560896761455,0.9999560896761455,2.0464291416528077e-35,4.391017863352012e-05,1.452210728299074e-10
2_trans_1524.csv,1,1,1,0.9999999478000089,0.9999999478000089,1.1752228059120377e-39,2.65842211250799e-12,5.219733291068441e-08
2_trans_2993.csv,4,2,0,0.7510443436139086,0.005144262703624915,0.7510443436139086,0.002401199568534749,0.24141019411393166
2_trans_2005.csv,1,1,1,0.9999999994825808,0.9999999994825808,8.795751225482297e-44,2.4528031681415144e-10,2.721390139793289e-10
2_trans_1518.csv,1,1,1,0.9999987316618859,0.9999987316618859,2.2759779487237493e-35,3.7111785543049336e-08,1.2312263284337746e-06
2_trans_1281.csv,1,1,1,0.9983665521390223,0.9983665521390223,2.398591556618469e-18,8.908540420555401e-08,0.0016333587755735144
2_trans_664.csv,1,1,1,0.9999999968351998,0.9999999968351998,5.079691856720744e-45,2.2310537638555882e-17,3.1648002980931706e-09
2_trans_102.csv,1,1,1,0.9999999999754885,0.9999999999754885,1.0219830299493496e-41,2.3468598834862396e-11,1.0428758434936713e-12
2_trans_2171.csv,1,1,1,0.9999999958921666,0.9999999958921666,1.2286889132714626e-39,3.721184714729242e-09,3.8664869949461054e-10
2_trans_1493.csv,1,1,1,0.9051944146699782,0.9051944146699782,1.52762412317396e-13,0.05550335326577075,0.039302232064098386
2_trans_29.csv,1,1,1,0.9976895003009378,0.9976895003009378,1.0988915713870624e-23,1.3125872939157789e-06,0.0023091871117683896
2_trans_472.csv,1,1,1,0.9999993252543192,0.9999993252543192,3.675806207388318e-41,1.4659434110833256e-12,6.747442148688096e-07
2_trans_300.csv,1,1,1,0.9223587588865206,0.9223587588865206,2.822958395441412e-08,7.537589125384036e-05,0.07756583699264154
2_trans_1134.csv,1,2,0,0.4446568515984439,0.04235961415323152,0.4446568515984439,0.0683507862733417,0.4446327479749828
2_trans_2373.csv,1,1,1,0.9998731965816355,0.9998731965816355,3.7851285600905225e-29,6.386870114388102e-11,0.00012680335449575256
2_trans_2415.csv,1,1,1,0.9785176032958663,0.9785176032958663,5.07344549286117e-22,2.8493114865456745e-07,0.02148211177298502
2_trans_1685.csv,3,1,0,0.4316655003399125,0.4316655003399125,1.9889072137550203e-12,0.2179282907043314,0.3504062089537673
2_trans_2398.csv,1,1,1,0.9999999955447476,0.9999999955447476,1.505313141700194e-46,3.4836696730707743e-10,4.1068854813918565e-09
2_trans_1687.csv,1,1,1,0.9999220106919474,0.9999220106919474,4.097764727196129e-28,7.78963230916516e-05,9.298496091154387e-08
2_trans_1693.csv,1,1,1,0.9999999405662519,0.9999999405662519,1.8199228777588057e-40,1.7844925377107354e-12,5.94319636349588e-08
2_trans_2371.csv,1,1,1,0.9999624903122722,0.9999624903122722,1.143727460106953e-24,2.1861700577780734e-05,1.5647987150041422e-05
2_trans_2365.csv,1,1,1,0.9851421614584399,0.9851421614584399,3.467865253892423e-14,3.145109589360815e-08,0.014857807090429241
2_trans_316.csv,1,1,1,0.999987819367245,0.999987819367245,4.81731019017078e-27,1.2132796334502414e-05,4.7836420611563056e-08
2_trans_470.csv,1,1,1,0.994883503404504,0.994883503404504,4.1769483237780885e-25,0.00015515970677591,0.0049613368887199355
2_trans_2359.csv,1,1,1,0.9903730809137818,0.9903730809137818,8.359589682219536e-15,0.009410437229662094,0.0002164818565476691
2_trans_464.csv,1,1,1,0.9999988814091394,0.9999988814091394,3.5579163031068296e-26,1.0653574390689033e-06,5.323342139653677e-08
2_trans_1136.csv,1,1,1,0.9999999953507466,0.9999999953507466,9.310237933304586e-43,2.2013058878877017e-11,4.627240349437162e-09
2_trans_1485.csv,1,1,1,0.9913973929120622,0.9913973929120622,9.041125012971797e-11,0.00022267800978445027,0.008379928987742005
2_trans_2198.csv,1,1,1,0.9999905895416057,0.9999905895416057,1.9233802821528166e-25,3.886311802719987e-09,9.406572082515758e-06
2_trans_17.csv,3,3,1,0.8299574988735932,0.16937327918786393,7.157492952949797e-12,0.8299574988735932,0.0006692219313855517
2_trans_1491.csv,1,1,1,0.9999999963807427,0.9999999963807427,4.577412991721924e-44,3.358323508878169e-10,3.283425030062321e-09
2_trans_128.csv,4,4,1,0.9315940019397964,0.06839507598091778,4.6107161535614656e-07,1.0461007670433226e-05,0.9315940019397964
2_trans_2601.csv,1,1,1,0.9984752884379193,0.9984752884379193,3.186829689256641e-26,1.7942188783180242e-09,0.001524709767861683
2_trans_1446.csv,1,1,1,0.9999692471838004,0.9999692471838004,1.111476167201486e-21,3.062588374335438e-05,1.2693245623139466e-07
2_trans_1320.csv,1,1,1,0.999999944811036,0.999999944811036,1.1900982719224915e-29,1.0826769408418241e-08,4.4362194505928736e-08
2_trans_2946.csv,4,2,0,0.7489162683527266,0.0006362529656614171,0.7489162683527266,0.0004075719938112105,0.2500399066878006
2_trans_1283.csv,1,1,1,0.999980109051712,0.999980109051712,6.159905945334392e-19,4.060191167579382e-09,1.988688809682122e-05
2_trans_909.csv,1,1,1,0.9998106604479481,0.9998106604479481,6.776591807331262e-20,5.416559520981649e-06,0.00018392299253086557
2_trans_2749.csv,1,1,1,0.9896488294434881,0.9896488294434881,4.0012172512638925e-21,0.010151654680148075,0.00019951587636382614
2_trans_1095.csv,1,1,1,0.9999998199170126,0.9999998199170126,1.3407737630315188e-32,4.292944973354625e-10,1.7965369281900415e-07
2_trans_1081.csv,4,4,1,0.9985233456010251,0.0012204201191771014,2.8700568842464543e-08,0.0002562055792290592,0.9985233456010251
2_trans_1056.csv,1,1,1,0.9999527475404738,0.9999527475404738,3.2436554932274503e-24,4.210905925107877e-08,4.721035046700044e-05
2_trans_504.csv,1,1,1,0.9376483962416334,0.9376483962416334,3.958624799928108e-12,0.06110185774662551,0.001249746007782337
2_trans_2239.csv,1,1,1,0.9887922883544323,0.9887922883544323,3.566514018135203e-14,6.684261906221605e-05,0.011140869026469812
2_trans_510.csv,1,1,1,0.9588225318886548,0.9588225318886548,8.555218457358136e-09,0.014675689929308226,0.026501769626818453
2_trans_276.csv,1,1,1,0.9999995566396119,0.9999995566396119,2.7260524784668325e-31,4.261672586410321e-07,1.7193129408953084e-08
2_trans_1725.csv,1,1,1,0.9999999903340001,0.9999999903340001,1.2083788150321594e-33,4.027582796382102e-09,5.638416933607114e-09
2_trans_511.csv,1,1,1,0.9999999994622348,0.9999999994622348,3.8756225521658166e-42,2.6374924225509676e-11,5.113902110707067e-10
2_trans_2238.csv,1,3,0,0.8134978347563891,0.18542296918902085,5.025625895971486e-10,0.8134978347563891,0.0010791955520273351
2_trans_1731.csv,1,1,1,0.9999999991304509,0.9999999991304509,9.493169298469004e-50,8.695336527149228e-10,1.5595153176782173e-14
2_trans_2562.csv,1,1,1,0.9999989826435712,0.9999989826435712,1.819691025929449e-29,1.0166351447313644e-06,7.21284020944396e-10
2_trans_1080.csv,1,1,1,0.9999999727343706,0.9999999727343706,2.519423076561897e-39,2.725305675796471e-08,1.2572522890210144e-11
2_trans_1902.csv,3,1,0,0.5553652344242174,0.5553652344242174,1.3895777499042638e-11,0.44435860440545233,0.00027616115643457057
2_trans_288.csv,1,1,1,0.9949094825789935,0.9949094825789935,3.4753530028444228e-09,0.004074675383294498,0.001015838562359073
2_trans_1527.csv,1,1,1,0.9999991638104608,0.9999991638104608,2.1438552654975372e-38,5.84063231275825e-12,8.361836986052454e-07
2_trans_2984.csv,2,2,1,0.7314598246709593,1.1813353787434656e-06,0.7314598246709593,5.850750172320918e-06,0.2685331432434897
2_trans_2760.csv,1,1,1,0.999999999958217,0.999999999958217,3.2384854328176056e-44,3.182980039574249e-11,9.953189719734697e-12
2_trans_2953.csv,4,4,1,0.9179135577116322,0.021779667620447786,0.05486955944463575,0.0054372152232843906,0.9179135577116322
2_trans_1296.csv,1,4,0,0.6629246714276008,0.33604031599747103,1.088915464709473e-08,0.0010350016857735103,0.6629246714276008
2_trans_1335.csv,1,1,1,0.9999999969669833,0.9999999969669833,3.971877700821023e-48,3.567404246972416e-11,2.997342598600529e-09
2_trans_2628.csv,1,1,1,0.9999653200201389,0.9999653200201389,6.065583719221535e-28,3.413414247153553e-05,5.458373893532115e-07
2_trans_1321.csv,1,1,1,0.9999999956263981,0.9999999956263981,2.121198470000228e-42,4.355398980452838e-09,1.8203063175832907e-11
2_trans_883.csv,1,1,1,0.9999999999905396,0.9999999999905396,4.859653266773066e-47,1.973581468116249e-12,7.486897445287372e-12
2_trans_2172.csv,1,4,0,0.6945145412029528,0.30106216320805146,3.5183230938060635e-10,0.0044232952371634285,0.6945145412029528
2_trans_897.csv,1,1,1,0.9999999999982405,0.9999999999982405,2.375164542345897e-47,5.124436969408425e-13,1.246970976821966e-12
2_trans_129.csv,3,3,1,0.978075736800389,0.021919030794595895,4.837446177415927e-13,0.978075736800389,5.23240453148381e-06
2_trans_2827.csv,2,2,1,0.9750592497165247,7.155155100401962e-08,0.9750592497165247,6.050056137289301e-08,0.024940618231363103
2_trans_16.csv,1,1,1,0.9988239704213187,0.9988239704213187,6.149148951203137e-28,2.3872712634513747e-09,0.0011760271914100977
2_trans_868.csv,4,4,1,0.9225836325496659,0.03406965674909275,0.0030288419371215145,0.040317868764119934,0.9225836325496659
2_trans_698.csv,1,1,1,0.9999999905883247,0.9999999905883247,4.579462060252982e-39,3.530781852507515e-15,9.411671849555983e-09
2_trans_840.csv,1,1,1,0.9999999922872255,0.9999999922872255,1.908619648792088e-37,7.704167875221167e-09,8.606702220736643e-12
2_trans_1889.csv,1,1,1,0.9999978226449984,0.9999978226449984,1.2266158847060718e-24,1.3497658220303575e-06,8.275891795150435e-07
2_trans_2358.csv,1,1,1,0.9959769763684609,0.9959769763684609,2.8347206704111628e-21,9.72475543026943e-05,0.003925776077236473
2_trans_317.csv,1,1,1,0.9999931327739899,0.9999931327739899,8.957534715844919e-32,9.639182993983867e-09,6.8575868272359545e-06
2_trans_459.csv,1,1,1,0.9999988565088438,0.9999988565088438,5.25343744260857e-33,7.039474146011024e-07,4.39543741660233e-07
2_trans_1686.csv,1,1,1,0.9999999987855022,0.9999999987855022,2.5224127698961675e-43,3.0897932847623535e-11,1.1835999276351149e-09
