id,true_label,predicted_label,correct,confidence,p_class_1,p_class_2,p_class_3,p_class_4
2_trans_1853.csv,1,1,1,0.9999747773219929,0.9999747773219929,4.44131437227547e-22,5.3207789442911945e-06,1.9901899062987776e-05
2_trans_1106.csv,1,1,1,0.9773757384728073,0.9773757384728073,9.766299049828177e-10,0.0013910070988605203,0.021233253451702374
2_trans_1112.csv,1,1,1,0.9999873343151461,0.9999873343151461,4.975173613602613e-27,1.2197685933454573e-05,4.679989203811136e-07
2_trans_1674.csv,1,1,1,0.9966901498018801,0.9966901498018801,7.846786772941709e-19,3.6094853580953932e-06,0.0033062407127619443
2_trans_1890.csv,1,1,1,0.8823825186522333,0.8823825186522333,2.1792166913837425e-13,0.11627333544679687,0.0013441459007519003
2_trans_1648.csv,1,1,1,0.5776591529180503,0.5776591529180503,1.0085137514656057e-13,0.4220850151617505,0.0002558319200983516
2_trans_33.csv,1,1,1,0.9999861896079224,0.9999861896079224,6.652822896829751e-26,1.214565618202695e-05,1.6647358954445189e-06
2_trans_871.csv,1,1,1,0.9964825157723495,0.9964825157723495,1.089683088393489e-13,0.0012751670802072462,0.0022423171473342617
2_trans_1462.csv,1,1,1,0.9977733422943851,0.9977733422943851,2.31709159195693e-14,0.002088319204957842,0.00013833850063390272
2_trans_1476.csv,1,3,0,0.5295522606327432,0.3650972553133518,6.14181886706852e-05,0.5295522606327432,0.10528906586523443
2_trans_2619.csv,1,1,1,0.9334647826874773,0.9334647826874773,2.1109473858279725e-09,0.00491283996996241,0.061622375231612826
2_trans_1338.csv,1,1,1,0.9999942660893335,0.9999942660893335,5.776749483568238e-32,5.7281575612271405e-06,5.753105172850218e-09
2_trans_2631.csv,1,1,1,0.9989443174982167,0.9989443174982167,1.3901729467746893e-17,0.0009237732314677544,0.00013190927031552543
2_trans_2625.csv,1,1,1,0.9969531397318292,0.9969531397318292,2.5124784321849468e-17,0.0026093176432969967,0.00043754262487390356
2_trans_939.csv,4,1,0,0.8274065991092832,0.8274065991092832,6.932130465109958e-11,0.16094065686079648,0.011652743960599076
2_trans_722.csv,1,1,1,0.9979158826857225,0.9979158826857225,5.129625735698066e-19,0.001979975739292632,0.00010414157498499944
2_trans_1258.csv,4,4,1,0.9254072495082571,0.042310668388070995,0.022108103284916684,0.010173978818755211,0.9254072495082571
2_trans_285.csv,1,1,1,0.9976917204912301,0.9976917204912301,3.385158362520291e-17,2.45455088783763e-05,0.0022837339998913624
2_trans_1933.csv,1,1,1,0.5175810101123959,0.5175810101123959,2.9690934934512293e-09,0.426385859494466,0.056033127424044454
2_trans_1927.csv,1,1,1,0.9933717259365306,0.9933717259365306,1.33330346384084e-11,0.001426839014527025,0.0052014350356093175
2_trans_1700.csv,1,1,1,0.9999822288499027,0.9999822288499027,3.8720681757121616e-20,5.427749044315213e-06,1.2343401053079539e-05
2_trans_534.csv,1,1,1,0.9808821005324221,0.9808821005324221,6.404827257018072e-13,0.018771853742870145,0.0003460457240673135
2_trans_2209.csv,1,1,1,0.9748152069849565,0.9748152069849565,1.2244889315176133e-15,0.02368419939796223,0.001500593617079969
2_trans_2221.csv,1,1,1,0.9370660790706055,0.9370660790706055,3.83957299109224e-13,0.05354771121085296,0.00938620971815773
2_trans_2547.csv,1,1,1,0.9657014396479016,0.9657014396479016,3.474939257297395e-10,0.01896657140721909,0.015331988597385486
2_trans_2220.csv,1,4,0,0.5558777976773935,0.4338370844835069,5.457273937772352e-07,0.010284572111705756,0.5558777976773935
2_trans_1729.csv,1,1,1,0.9999945051134468,0.9999945051134468,4.453913782776636e-22,1.449152197936721e-06,4.045734355189221e-06
2_trans_2546.csv,1,1,1,0.8002229461484653,0.8002229461484653,1.2908770410369927e-10,0.19941601469190326,0.0003610390305436858
2_trans_2208.csv,1,1,1,0.9843713512046228,0.9843713512046228,1.3312844028547375e-14,0.0003107653229786653,0.015317883472385272
2_trans_1701.csv,1,1,1,0.9999604709270433,0.9999604709270433,1.30466832707433e-22,1.324551519900023e-05,2.62835577575264e-05
2_trans_247.csv,1,1,1,0.9999004203874772,0.9999004203874772,4.978494246521907e-23,9.492185405558943e-05,4.657758467128438e-06
2_trans_2591.csv,1,1,1,0.9999917280376562,0.9999917280376562,1.8374777448152481e-31,8.269312959423132e-06,2.6493842889444283e-09
2_trans_1926.csv,1,1,1,0.9999944066161262,0.9999944066161262,1.523089941409572e-32,5.579889791462727e-06,1.349408226287062e-08
2_trans_1932.csv,1,1,1,0.9719401292336679,0.9719401292336679,7.560195825534701e-12,0.026959835110389182,0.001100035648382728
2_trans_1259.csv,1,1,1,0.9797385865483148,0.9797385865483148,7.637230550518925e-11,0.00030934293316340993,0.01995207044214949
2_trans_2744.csv,1,1,1,0.9964648714907625,0.9964648714907625,1.969809212548481e-16,0.0023111425599846914,0.0012239859492527807
2_trans_1503.csv,1,1,1,0.9999966238578449,0.9999966238578449,3.495072870940661e-30,3.303613024171333e-06,7.25291307437802e-08
2_trans_2787.csv,1,1,1,0.9990131164245782,0.9990131164245782,8.583206273813609e-13,0.0003523723478787793,0.0006345112266848669
2_trans_2977.csv,2,2,1,0.7135085989222848,0.010952021735255371,0.7135085989222848,0.0023720139080788643,0.27316736543438086
2_trans_938.csv,1,1,1,0.9999948975757876,0.9999948975757876,2.7603949429227476e-23,3.879674927020072e-06,1.2227492852663272e-06
2_trans_2142.csv,3,3,1,0.5013722096035123,0.4948041807170848,2.148135363105444e-06,0.5013722096035123,0.003821461544039819
2_trans_119.csv,3,1,0,0.8240473411990064,0.8240473411990064,1.893281590880026e-07,0.12997016237212475,0.04598230710070969
2_trans_2156.csv,1,3,0,0.8064889074862579,0.19296204489853783,8.542004936681115e-09,0.8064889074862579,0.0005490390731993121
2_trans_125.csv,1,1,1,0.9999404185643015,0.9999404185643015,6.469622376680964e-23,4.022751124197592e-05,1.935392445652294e-05
2_trans_864.csv,1,1,1,0.9991583334752043,0.9991583334752043,5.798720332666595e-20,0.00037515072184154827,0.0004665158029542077
2_trans_2181.csv,1,1,1,0.9998572344135902,0.9998572344135902,2.171998217041221e-19,1.1678667990354005e-05,0.00013108691841937946
2_trans_680.csv,1,1,1,0.6779434675927344,0.6779434675927344,2.7202541761856152e-05,0.070042500357722,0.25198682950778173
2_trans_1891.csv,1,1,1,0.984431751720656,0.984431751720656,2.943226572260026e-17,0.015309823264448982,0.000258425014895079
2_trans_2432.csv,1,1,1,0.9510850121284123,0.9510850121284123,2.467272133469695e-10,0.015409666353697138,0.03350532127116336
2_trans_327.csv,3,3,1,0.35073676488699135,0.33391777415675244,4.0702635528352466e-07,0.35073676488699135,0.315345053929901
2_trans_455.csv,1,1,1,0.988640989361485,0.988640989361485,4.48345652942897e-12,0.009993260723208911,0.0013657499108225871
2_trans_2368.csv,1,1,1,0.7692679229711513,0.7692679229711513,1.5368694796791592e-10,0.2182896121681874,0.012442464706974389
2_trans_1852.csv,1,1,1,0.533402148952522,0.533402148952522,2.205081946778e-07,0.4428104886573076,0.02378714188197568
2_trans_482.csv,1,1,1,0.9999888694546251,0.9999888694546251,3.945438981580265e-21,2.969456350904207e-06,8.161089024047969e-06
2_trans_496.csv,1,3,0,0.4731318389271555,0.46954809945703047,3.4509149732722027e-07,0.4731318389271555,0.057319716524316736
2_trans_1688.csv,1,1,1,0.6637033897322127,0.6637033897322127,2.6695623983403502e-05,0.11073563049960623,0.22553428414419785
2_trans_2395.csv,1,1,1,0.9999280536931487,0.9999280536931487,9.061469403372179e-24,6.364672579299403e-05,8.299581058258978e-06
2_trans_1111.csv,4,4,1,0.807806869011695,0.1912858758208682,3.377141100156111e-06,0.0009038780263366853,0.807806869011695
2_trans_1105.csv,1,1,1,0.9995457464658907,0.9995457464658907,1.2790177374659579e-18,0.0002249582077706858,0.00022929532633862013
2_trans_331.csv,1,1,1,0.9999924346885808,0.9999924346885808,7.850895352240684e-26,1.7256643670926708e-06,5.8396470521124055e-06
2_trans_1663.csv,1,1,1,0.9999508044504671,0.9999508044504671,1.2464648879749868e-20,2.0762874700367506e-06,4.711926206287473e-05
2_trans_2430.csv,1,1,1,0.9907657611363432,0.9907657611363432,4.369580264173532e-18,0.009011839706076476,0.0002223991575804781
2_trans_1139.csv,3,3,1,0.7576956551736437,0.23978425152056335,1.6667441009003765e-07,0.7576956551736437,0.002519926631382954
2_trans_682.csv,1,1,1,0.783117168941161,0.783117168941161,1.807807859246629e-08,0.20571474769932316,0.011168065281437246
2_trans_696.csv,1,4,0,0.5243570019294298,0.39452060894403984,0.0005107675922273988,0.08061162153430304,0.5243570019294298
2_trans_2815.csv,2,2,1,0.7587607626703321,0.00827450257869715,0.7587607626703321,0.0033285386333193204,0.22963619611765146
2_trans_2197.csv,1,1,1,0.9998975354076096,0.9998975354076096,5.967120487797546e-20,0.00010043247932308452,2.032113067294796e-06
2_trans_872.csv,1,1,1,0.9608569450475879,0.9608569450475879,7.065214002694442e-11,0.013929524336112813,0.025213530545647164
2_trans_641.csv,1,1,1,0.999731656073363,0.999731656073363,3.2741364110443217e-22,0.00026375072938578266,4.593197251124072e-06
2_trans_899.csv,1,1,1,0.9999437335733439,0.9999437335733439,1.8427954084204856e-20,1.0324783263237333e-05,4.594164339293623e-05
2_trans_1475.csv,3,3,1,0.8857232809963181,0.11116389272453357,2.0533660696085804e-08,0.8857232809963181,0.0031128057454876835
2_trans_2975.csv,4,4,1,0.7577053426972145,0.0756663656294741,0.15868997892655365,0.007938312746757787,0.7577053426972145
2_trans_2949.csv,2,2,1,0.5087559853164524,0.007243409324387855,0.5087559853164524,0.0018621169105092297,0.4821384884486505
2_trans_2785.csv,1,1,1,0.9999616864797599,0.9999616864797599,5.557713052480238e-27,3.8072781022071714e-05,2.4073921782242636e-07
2_trans_2008.csv,4,1,0,0.507540132875561,0.507540132875561,1.0731428591427175e-06,0.06250661425965766,0.4299521797219222
2_trans_1515.csv,1,1,1,0.775846480637985,0.775846480637985,8.966121497892087e-09,0.21498387241828862,0.0091696379776048
2_trans_721.csv,1,1,1,0.9997354744648641,0.9997354744648641,1.704107746044716e-23,0.00024418449368571616,2.0341041450166654e-05
2_trans_1273.csv,1,1,1,0.9999990576003001,0.9999990576003001,1.1677003340992523e-29,8.522949874132821e-07,9.010471241974002e-08
2_trans_2593.csv,1,1,1,0.9939080893245336,0.9939080893245336,1.0722375729894007e-16,6.651969308392142e-06,0.006085258706157984
2_trans_1065.csv,1,1,1,0.9990778737899635,0.9990778737899635,1.382967583788115e-16,6.934379700143919e-05,0.000852782413034857
2_trans_2578.csv,1,1,1,0.9895035031836442,0.9895035031836442,6.240275501907599e-15,0.01032553361788993,0.0001709631984595471
2_trans_2236.csv,1,1,1,0.8310037397634757,0.8310037397634757,5.170813695798351e-11,0.16853092957602858,0.0004653306087874366
2_trans_2551.csv,1,1,1,0.9937767137721571,0.9937767137721571,1.501663088387289e-12,0.003205594293632651,0.0030176919327085257
2_trans_1716.csv,1,1,1,0.999951146175428,0.999951146175428,1.6880424650010779e-21,1.1272951451592122e-06,4.77265294269039e-05
2_trans_522.csv,4,4,1,0.6626626789225033,0.25073337131629786,5.217510362383328e-05,0.08655177465757512,0.6626626789225033
2_trans_536.csv,1,1,1,0.9997881279909021,0.9997881279909021,6.566091169517963e-23,0.00020819700519433303,3.6750039035241887e-06
2_trans_1064.csv,1,1,1,0.9999943787772332,0.9999943787772332,1.6747495692420609e-21,7.419001925240204e-07,4.8793225743670575e-06
2_trans_1925.csv,1,1,1,0.5775995455400298,0.5775995455400298,6.485676844906935e-06,0.021668246195856007,0.4007257225872693
2_trans_2592.csv,4,4,1,0.6972850967263661,0.2888595929014101,3.1271588880487667e-07,0.013854997656334996,0.6972850967263661
2_trans_1919.csv,1,1,1,0.9995693503200325,0.9995693503200325,9.615993618441108e-25,0.0004303671279241268,2.825520434513896e-07
2_trans_293.csv,1,1,1,0.4754698340807756,0.4754698340807756,0.0020225209916323933,0.3144191977648269,0.20808844716276512
2_trans_708.csv,1,1,1,0.999964997005581,0.999964997005581,1.3876155377703007e-22,2.1227530602051968e-07,3.4790719113075474e-05
2_trans_907.csv,1,1,1,0.9948277554389112,0.9948277554389112,3.2787460765230173e-16,0.004509032346796378,0.0006632122142922113
2_trans_1299.csv,1,1,1,0.9096492110234199,0.9096492110234199,6.49047257615077e-14,0.09003851624313612,0.0003122727333791679
2_trans_913.csv,1,1,1,0.9997880043370976,0.9997880043370976,6.559793645516617e-24,0.00021084346771518486,1.1521951871472308e-06
2_trans_2627.csv,1,1,1,0.9999861251830334,0.9999861251830334,1.2861648405600242e-20,1.108938174419522e-06,1.2765878792136846e-05
2_trans_132.csv,1,1,1,0.9999781775932212,0.9999781775932212,2.775805080141416e-26,2.144147635681306e-05,3.8093042204199145e-07
2_trans_873.csv,3,1,0,0.7273227423274972,0.7273227423274972,1.4673121114112e-11,0.2717785414415444,0.0008987162162854731
2_trans_683.csv,1,1,1,0.9946517162596384,0.9946517162596384,2.736781015033919e-10,0.000788913021056692,0.00455937044562674
2_trans_2357.csv,4,4,1,0.6147421772303535,0.24404764797630096,0.00015991726786606042,0.14105025752547934,0.6147421772303535
2_trans_2343.csv,3,1,0,0.5384721238970857,0.5384721238970857,2.678204711907798e-13,0.4613252100837543,0.00020266601889224245
2_trans_318.csv,1,1,1,0.6972863100969527,0.6972863100969527,1.591244355845243e-10,0.3009454360607117,0.0017682536832110641
2_trans_324.csv,1,1,1,0.9998848347486895,0.9998848347486895,4.1365791441021337e-19,0.00010399555606550809,1.1169695245259749e-05
2_trans_2394.csv,1,3,0,0.5046844452234859,0.47933313380215703,4.848371627491004e-07,0.5046844452234859,0.0159819361371942
2_trans_1851.csv,3,3,1,0.5411857949269621,0.3865984335690643,3.91447301210934e-06,0.5411857949269621,0.07221185703096153
2_trans_1689.csv,1,3,0,0.5506289916085494,0.44027933331464725,1.6414092818002124e-08,0.5506289916085494,0.0090916586627105
2_trans_495.csv,1,1,1,0.9997231196439,0.9997231196439,8.766772811922758e-25,0.00027682226654708657,5.808955277858275e-08
2_trans_1855.csv,1,1,1,0.7905692493310957,0.7905692493310957,5.210259518445223e-10,0.19871515696170436,0.010715593186173773
2_trans_1699.csv,1,1,1,0.9999626254932157,0.9999626254932157,1.0022532623188689e-20,4.838382823430657e-06,3.2536123960737225e-05
2_trans_1841.csv,1,1,1,0.999995369791799,0.999995369791799,3.235968612588748e-25,4.03017929359813e-06,6.00028907354103e-07
2_trans_485.csv,1,1,1,0.9999168781417166,0.9999168781417166,2.057128534521191e-25,8.309537278269561e-05,2.6485500708221343e-08
2_trans_491.csv,1,1,1,0.9997733638478296,0.9997733638478296,1.220982347651724e-22,0.0002254118953142642,1.2242568560929712e-06
2_trans_1128.csv,1,1,1,0.994898452503766,0.994898452503766,1.0780634580604747e-14,8.131592259607364e-05,0.005020231573627115
2_trans_1896.csv,1,1,1,0.9999631566633154,0.9999631566633154,1.327544791382177e-19,1.2166005393602955e-05,2.467733129110585e-05
2_trans_1882.csv,1,1,1,0.9998823967567793,0.9998823967567793,5.525367942538119e-22,0.00011582550050895498,1.77774271178091e-06
2_trans_2435.csv,1,4,0,0.8398502455639806,0.08640630592058648,0.056883054860293596,0.016860393655139243,0.8398502455639806
2_trans_320.csv,1,1,1,0.9999930010371524,0.9999930010371524,9.845193719335768e-24,5.954010160445947e-06,1.044952687017945e-06
2_trans_1672.csv,4,4,1,0.5656673548337351,0.4331787642778436,1.2143219334984891e-08,0.0011538687452020482,0.5656673548337351
2_trans_446.csv,1,1,1,0.9995454628345151,0.9995454628345151,9.853854525036792e-17,0.00013318151468573485,0.0003213556507991319
2_trans_1100.csv,1,1,1,0.9998835593026993,0.9998835593026993,2.990444045692808e-22,0.00010389412297065101,1.2546574329973956e-05
2_trans_334.csv,4,1,0,0.5842110688055262,0.5842110688055262,2.8378161159792104e-05,0.24772993980644506,0.16803061322686896
2_trans_877.csv,3,3,1,0.4192454878861198,0.316761098367922,0.00022391518683669007,0.4192454878861198,0.2637694985591215
2_trans_2804.csv,4,4,1,0.49979129815060497,0.3907962657704183,0.05028186847115207,0.05913056760782466,0.49979129815060497
2_trans_693.csv,1,1,1,0.9701112294991671,0.9701112294991671,1.28515246470562e-11,0.018028877020858994,0.011859893467122571
2_trans_1458.csv,4,1,0,0.897128362657646,0.897128362657646,2.3032682313930488e-07,0.006449608646154637,0.09642179836937632
2_trans_2179.csv,4,4,1,0.8639092767054056,0.03171778623928172,0.10190910214585067,0.0024638349094621014,0.8639092767054056
2_trans_1470.csv,1,1,1,0.9998747546949556,0.9998747546949556,4.830177019174636e-22,1.4668524988046443e-05,0.00011057678005645576
2_trans_136.csv,1,1,1,0.9988802599483533,0.9988802599483533,2.0031728859754153e-16,0.0007954334378356389,0.0003243066138108737
2_trans_888.csv,1,1,1,0.9877384030397494,0.9877384030397494,1.392595020689755e-12,6.450070639141086e-05,0.012197096252466713
2_trans_1538.csv,1,1,1,0.9999953460650893,0.9999953460650893,3.804021610954492e-26,8.667900273954013e-07,3.7871448832173334e-06
2_trans_2757.csv,1,1,1,0.732952691086286,0.732952691086286,5.110056817251976e-11,0.26133059956081334,0.005716709301800089
2_trans_2743.csv,1,1,1,0.9517179989062864,0.9517179989062864,3.2585595125857903e-10,0.04075266725518244,0.007529333512675317
2_trans_730.csv,4,4,1,0.6446662940336205,0.1695976613955332,0.0027961298342363077,0.18293991473660992,0.6446662940336205
2_trans_2019.csv,1,1,1,0.999877032907222,0.999877032907222,6.457779489011375e-19,1.7025834564484954e-05,0.00010594125821367292
2_trans_1921.csv,1,1,1,0.9999447524482087,0.9999447524482087,5.385855572250042e-21,4.812266430012665e-05,7.124887491294503e-06
2_trans_2582.csv,1,1,1,0.993010339140498,0.993010339140498,2.805348676965835e-13,0.005432530712723613,0.0015571301464979567
2_trans_2233.csv,1,1,1,0.9981174772342574,0.9981174772342574,7.24298464236592e-20,0.0018655603826620514,1.6962383080679382e-05
2_trans_1048.csv,1,1,1,0.9588549674333325,0.9588549674333325,2.70711463174434e-11,0.03307341991971914,0.008071612619877103
2_trans_1706.csv,1,1,1,0.999998828850956,0.999998828850956,9.858008338523113e-30,1.1377774094779223e-06,3.337163465360732e-08
2_trans_1074.csv,1,1,1,0.9999983950886986,0.9999983950886986,1.5068235262323707e-27,1.4010600573522104e-06,2.0385124393162914e-07
2_trans_527.csv,1,1,1,0.9993414366171912,0.9993414366171912,1.2367165853973328e-14,9.065790245645793e-05,0.0005679054803400218
2_trans_241.csv,1,1,1,0.9959791253119844,0.9959791253119844,4.8935554943363726e-11,0.0009382837279650487,0.0030825909111150793
2_trans_1061.csv,1,1,1,0.9977967899434212,0.9977967899434212,4.051678237485397e-18,0.0021876081964418894,1.5601860136892912e-05
2_trans_255.csv,2,4,0,0.9265356984425022,0.04614884787485625,0.020802560069188084,0.0065128936134533815,0.9265356984425022
2_trans_533.csv,4,4,1,0.6824796885437096,0.3079142337567863,1.4153708832114507e-05,0.009591923990671998,0.6824796885437096
2_trans_2226.csv,1,1,1,0.9950533428682257,0.9950533428682257,1.2401827134754765e-14,0.00011621253735095189,0.00483044459441099
2_trans_1049.csv,1,1,1,0.9998693935281243,0.9998693935281243,4.2862385745945475e-22,1.0760592786125474e-06,0.00012953041259695494
2_trans_2540.csv,1,1,1,0.9999940126107366,0.9999940126107366,2.610025342455797e-26,4.5777271619334184e-06,1.4096621012935417e-06
2_trans_269.csv,1,1,1,0.9999743887301853,0.9999743887301853,1.8289986644422306e-21,2.4344918260337288e-05,1.2663515544342972e-06
2_trans_2232.csv,1,1,1,0.7315418942382516,0.7315418942382516,0.00037894080841550584,0.06642402340275419,0.20165514155057884
2_trans_1934.csv,1,1,1,0.7256676038221842,0.7256676038221842,3.6397370347835935e-07,0.05800997279677933,0.2163220594073328
2_trans_2018.csv,4,4,1,0.9175671048915394,0.030977744304243427,0.03231860113819869,0.019136549666018462,0.9175671048915394
2_trans_731.csv,1,1,1,0.9435545096734061,0.9435545096734061,3.933784594313475e-10,0.049893619621035876,0.006551870312179544
2_trans_9.csv,1,1,1,0.7914283900058455,0.7914283900058455,4.26584809096379e-08,0.18046828886777225,0.028103278467901286
2_trans_719.csv,1,1,1,0.9727279464992741,0.9727279464992741,6.444283237019698e-12,8.885132642377536e-05,0.027183202167857967
2_trans_2030.csv,3,1,0,0.7965982170117007,0.7965982170117007,1.3078931137055585e-05,0.1374926259280165,0.06589607812914569
2_trans_1539.csv,1,1,1,0.9986905152949166,0.9986905152949166,2.5038417439087013e-18,0.0012988798122639835,1.0604892819291785e-05
2_trans_2756.csv,1,1,1,0.999965821820172,0.999965821820172,5.387692226331635e-26,3.410449859160306e-05,7.368123619342641e-08
2_trans_2965.csv,4,4,1,0.344734599061299,0.27509870574007833,0.31615413708050644,0.06401255811811622,0.344734599061299
2_trans_916.csv,1,1,1,0.998621983055883,0.998621983055883,2.0205050066663522e-14,0.00010733898099644625,0.0012706779631004165
2_trans_1459.csv,1,1,1,0.9999946994314977,0.9999946994314977,2.898280613664409e-24,2.5920939985844686e-06,2.708474503746383e-06
2_trans_2150.csv,1,1,1,0.992703995463738,0.992703995463738,1.6629304381152568e-16,0.007032996226470732,0.0002630083097912155
2_trans_2805.csv,2,2,1,0.7842893589970826,0.003869145948663692,0.7842893589970826,0.002519121488579993,0.20932237356567376
2_trans_876.csv,1,1,1,0.9999956722491063,0.9999956722491063,2.3382061954393176e-25,2.9635214483387585e-06,1.3642294453844538e-06
2_trans_335.csv,1,1,1,0.9216992760451178,0.9216992760451178,3.3981606262350624e-10,0.0011928041355148632,0.07710791947955122
2_trans_1115.csv,1,1,1,0.9990466104121405,0.9990466104121405,2.97339515996858e-17,0.0009356801848091122,1.770940305026751e-05
2_trans_447.csv,1,1,1,0.9999900927180514,0.9999900927180514,3.851645852102318e-23,4.170689655726208e-06,5.736592292885937e-06
2_trans_2352.csv,1,1,1,0.9954986149230123,0.9954986149230123,3.799543205795532e-16,1.5030600676824378e-05,0.004486354476310578
2_trans_309.csv,4,4,1,0.9223383693370938,0.06806240071495159,1.869058588161632e-05,0.009580539362072876,0.9223383693370938
2_trans_1129.csv,1,1,1,0.99824133285443,0.99824133285443,7.241881662520483e-17,1.544887119395877e-06,0.0017571222584506724
2_trans_2346.csv,1,1,1,0.9999701977011857,0.9999701977011857,1.3119549316634104e-23,1.0884895276391135e-06,2.8713809286740172e-05
2_trans_1868.csv,1,1,1,0.9997205961595179,0.9997205961595179,4.548993449988894e-18,0.00025580088205714167,2.3602958424863482e-05
2_trans_2385.csv,1,1,1,0.9995479817397566,0.9995479817397566,5.201661807051811e-16,0.00021212897366735487,0.00023988928657556644
2_trans_1854.csv,1,1,1,0.9971416924808664,0.9971416924808664,7.940341365735308e-15,0.00011280148144719051,0.002745506037678465
2_trans_1842.csv,1,1,1,0.9965721996883744,0.9965721996883744,1.9836502866831095e-16,3.9427138023097414e-05,0.0033883731736021826
2_trans_1856.csv,1,1,1,0.9997798775570731,0.9997798775570731,7.044578171469099e-22,0.00021635978479558286,3.762658131321274e-06
2_trans_2387.csv,4,4,1,0.9405112758815994,0.027124086642912937,0.005544207112529781,0.026820430362957764,0.9405112758815994
2_trans_486.csv,3,1,0,0.8368802928490064,0.8368802928490064,1.2739998531499908e-15,0.16298979941654357,0.0001299077344487334
2_trans_1881.csv,1,1,1,0.9253174377903124,0.9253174377903124,1.5384658458580886e-11,0.07324250987967129,0.0014400523146316478
2_trans_2344.csv,1,1,1,0.9993507947897857,0.9993507947897857,8.323535792703444e-18,7.431802924768059e-07,0.0006484620299218192
2_trans_1665.csv,1,1,1,0.9995343903430437,0.9995343903430437,6.671813494317551e-19,1.702101711911867e-05,0.00044858863983711676
2_trans_323.csv,1,1,1,0.9704915417917135,0.9704915417917135,5.463270211653282e-12,0.027931930087615915,0.0015765281152074469
2_trans_2185.csv,1,1,1,0.9995224807836104,0.9995224807836104,1.0601366675294592e-17,0.0004181592094490916,5.9360006940474665e-05
2_trans_684.csv,1,1,1,0.8264646472417927,0.8264646472417927,1.4739003415781033e-07,0.06933602155937993,0.10419918380879321
2_trans_2152.csv,1,1,1,0.9995866586096959,0.9995866586096959,1.144125273557319e-21,0.0003617115519729132,5.162983833111249e-05
2_trans_2634.csv,1,1,1,0.9991113567977745,0.9991113567977745,7.625227475788282e-15,0.00026814110396193325,0.0006205020982560931
2_trans_2620.csv,1,1,1,0.9708733847814794,0.9708733847814794,2.394061139132017e-10,0.004332803819007002,0.02479381116010756
2_trans_2146.csv,1,3,0,0.6393327708688595,0.31455907349593987,1.0638926597479796e-08,0.6393327708688595,0.04610814499627414
2_trans_1467.csv,1,1,1,0.999992258536859,0.999992258536859,2.758599505637114e-29,7.5907474403161865e-06,1.5071570066235455e-07
2_trans_2608.csv,1,1,1,0.9996594664592762,0.9996594664592762,3.226291512029499e-19,1.8014008376386146e-06,0.000338732139886174
2_trans_900.csv,1,1,1,0.992622579664879,0.992622579664879,1.2003738893951747e-12,0.00023189979379546877,0.007145520540125109
2_trans_2797.csv,1,1,1,0.9921378110656902,0.9921378110656902,5.148848839573358e-15,6.368570331603441e-05,0.007798503230988786
2_trans_2967.csv,2,2,1,0.5217716826341413,0.1322455667917437,0.5217716826341413,0.03300713515760504,0.31297561541651
2_trans_1513.csv,1,1,1,0.9997868171228855,0.9997868171228855,7.925503974229529e-20,0.0001797631979682398,3.341967914626942e-05
2_trans_2768.csv,1,1,1,0.9999582403862598,0.9999582403862598,3.8261994295360326e-21,1.985283483181301e-05,2.1906778908432707e-05
2_trans_733.csv,1,1,1,0.9999298825089761,0.9999298825089761,3.7544109681202805e-25,6.967724958752604e-05,4.4024143646184487e-07
2_trans_2595.csv,1,1,1,0.9993688156211677,0.9993688156211677,4.6106537723840814e-15,0.0001365931115026578,0.0004945912673249312
2_trans_294.csv,1,1,1,0.9999926999966025,0.9999926999966025,2.4297867201209505e-24,7.154705633850194e-06,1.4529776380301084e-07
2_trans_519.csv,1,1,1,0.9998919546282803,0.9998919546282803,1.63425047634892e-20,6.945897486686507e-06,0.0001010994742329882
2_trans_2556.csv,1,3,0,0.6229079826285635,0.367983981334352,2.547413809515369e-08,0.6229079826285635,0.009108010562946424
2_trans_1077.csv,1,1,1,0.9937671130867627,0.9937671130867627,4.914073601829325e-12,0.0014253048174763254,0.004807582090847
2_trans_243.csv,1,1,1,0.9999983703017039,0.9999983703017039,3.8316409597562674e-24,5.840326641713476e-07,1.0456656319966632e-06
2_trans_2218.csv,1,1,1,0.99315903148838,0.99315903148838,5.861430421790096e-12,7.128609358133435e-05,0.00676968241217732
2_trans_1711.csv,1,1,1,0.9984604383463821,0.9984604383463821,1.558572159172734e-12,0.0003201718009775104,0.0012193898510816103
2_trans_1063.csv,1,1,1,0.9999992439298607,0.9999992439298607,3.880637652236657e-25,1.8917571785772486e-07,5.668944213710362e-07
2_trans_1076.csv,1,1,1,0.9997269301442031,0.9997269301442031,7.814949409861355e-21,0.00026837044999538897,4.6994058015916996e-06
2_trans_2231.csv,1,1,1,0.997723990068932,0.997723990068932,2.865921296544431e-17,2.852820525420592e-06,0.002273157110542632
2_trans_295.csv,4,1,0,0.6596523807817785,0.6596523807817785,1.6612776345197522e-07,0.12094035687353423,0.2194070962169238
2_trans_2594.csv,3,1,0,0.5874053202928373,0.5874053202928373,3.8421536526596893e-07,0.16679158130886157,0.24580271418293592
2_trans_1937.csv,1,1,1,0.9999834562820454,0.9999834562820454,8.2574415841422e-27,1.591913505639016e-05,6.245828983563082e-07
2_trans_1260.csv,1,1,1,0.9816899237013558,0.9816899237013558,3.317727057507621e-12,0.004459519970772842,0.013850556324553768
2_trans_1506.csv,1,1,1,0.9993425817364753,0.9993425817364753,1.2874328439085347e-19,2.71429124397852e-06,0.000654703972280672
2_trans_2755.csv,1,1,1,0.9997433788524768,0.9997433788524768,2.590909757158955e-20,8.916472864837952e-05,0.0001674564188748161
2_trans_2027.csv,1,1,1,0.9684084520776461,0.9684084520776461,4.844635668892297e-14,0.030445923348885146,0.0011456245734202681
2_trans_2966.csv,2,2,1,0.924133453933174,0.0011439527358721435,0.924133453933174,0.0019321612640461935,0.07279043206690763
2_trans_2796.csv,1,1,1,0.8827094287157363,0.8827094287157363,1.864343828343575e-06,0.07562404817114757,0.04166465876928779
2_trans_120.csv,1,1,1,0.999946348988754,0.999946348988754,1.9804558808526016e-28,5.361823892879979e-05,3.277231729225577e-08
2_trans_134.csv,1,1,1,0.9999617322711895,0.9999617322711895,1.894283872477204e-19,5.7111918341454375e-06,3.255653697638065e-05
2_trans_2621.csv,1,1,1,0.9121726240482186,0.9121726240482186,2.7815103660227345e-15,0.08528825904146278,0.0025391169103157083
2_trans_2806.csv,2,2,1,0.8694177891032511,0.0010057226970846737,0.8694177891032511,0.0004365854374192424,0.12913990276224496
2_trans_23.csv,4,3,0,0.6975566469748703,0.21613558178227013,1.7627416015235476e-08,0.6975566469748703,0.08630775361544361
2_trans_1116.csv,1,1,1,0.9250859849689098,0.9250859849689098,1.1719857017288688e-05,0.012788202349512095,0.062114092824560777
2_trans_2437.csv,1,1,1,0.999770462084358,0.999770462084358,1.5682888521082545e-16,0.0001345596889906272,9.497822665106006e-05
2_trans_2351.csv,1,1,1,0.9946609846516358,0.9946609846516358,1.699303789213744e-11,0.0039816752040260535,0.0013573401273449526
2_trans_493.csv,4,4,1,0.8621533269532005,0.06973783843716228,0.04111975961519,0.02698907499444724,0.8621533269532005
2_trans_1857.csv,1,1,1,0.9997390491647505,0.9997390491647505,2.1696028081191937e-18,0.00010390539994823537,0.0001570454353012637
2_trans_1603.csv,1,4,0,0.5789457100909691,0.2782062853999146,0.000350341375074404,0.14249766313404194,0.5789457100909691
2_trans_1617.csv,1,1,1,0.6803754148762118,0.6803754148762118,2.4679382839677466e-05,0.18422065380176544,0.13537925193918307
2_trans_1171.csv,1,1,1,0.9999707818159732,0.9999707818159732,3.395976962916654e-23,7.704118111857063e-07,2.844777221564217e-05
2_trans_1159.csv,4,1,0,0.6228371687059131,0.6228371687059131,6.3424400093011755e-06,0.05380036901931793,0.3233561198347597
2_trans_2450.csv,1,1,1,0.970917916624607,0.970917916624607,7.590974886701848e-16,0.02906562519495743,1.6458180434654018e-05
2_trans_2444.csv,1,1,1,0.9908490510258027,0.9908490510258027,6.735961417161525e-13,0.004997174629803595,0.004153774343720046
2_trans_190.csv,1,1,1,0.9999978601073033,0.9999978601073033,3.707472320844621e-25,1.7884872014615033e-06,3.5140549515896046e-07
2_trans_2875.csv,4,2,0,0.6956750284766349,0.0074016305914048645,0.6956750284766349,0.0013599892265504713,0.2955633517054097
2_trans_50.csv,4,1,0,0.44184811595641876,0.44184811595641876,9.89055509920128e-06,0.20331641285305,0.35482558063543196
2_trans_2691.csv,1,3,0,0.6099001837011547,0.38989036890033424,3.903276502474617e-11,0.6099001837011547,0.00020944735947829002
2_trans_2685.csv,1,1,1,0.9941052556947421,0.9941052556947421,3.160760088350099e-15,0.000350024438114754,0.005544719867140077
2_trans_635.csv,1,1,1,0.9480876064891272,0.9480876064891272,2.3501023797816155e-08,0.02210253540112875,0.029809834608720363
2_trans_147.csv,1,1,1,0.999719058267771,0.999719058267771,2.5790808029668768e-20,0.00026255404901439234,1.8387683214571098e-05
2_trans_1429.csv,1,1,1,0.9287009207124755,0.9287009207124755,5.220791125219976e-09,0.06415453022907708,0.0071445438376562115
2_trans_2901.csv,2,2,1,0.4902948442892081,0.02793459976903778,0.4902948442892081,0.010931937366498683,0.47083861857525544
2_trans_966.csv,1,1,1,0.9999636560376128,0.9999636560376128,9.483313680183265e-29,3.6331963532876e-05,1.1998854327749104e-08
2_trans_2929.csv,2,4,0,0.5584118482162072,0.004842749368859212,0.43554998680648754,0.0011954156084460813,0.5584118482162072
2_trans_2097.csv,1,1,1,0.9919967185805294,0.9919967185805294,8.335992920149112e-17,0.007908765839086012,9.451558038457689e-05
2_trans_999.csv,1,1,1,0.985068824120578,0.985068824120578,4.172660207041832e-10,0.0033497633681578037,0.011581412093998355
2_trans_2726.csv,1,1,1,0.9999603279706659,0.9999603279706659,6.364907179295724e-26,3.961400376512129e-05,5.802556892085664e-08
2_trans_2054.csv,1,1,1,0.9998883397612679,0.9998883397612679,6.559282473951742e-22,0.00010146360370954648,1.019663502245933e-05
2_trans_1944.csv,3,4,0,0.5350135144643746,0.3459965333548109,0.0006238487580979928,0.11836610342271647,0.5350135144643746
2_trans_2518.csv,1,1,1,0.9960315750904875,0.9960315750904875,3.560053538277182e-15,1.0074447342008163e-05,0.003958350462167016
2_trans_1011.csv,4,4,1,0.6474339423555117,0.3466188550722143,2.4002906573638134e-06,0.0059448022816165624,0.6474339423555117
2_trans_1005.csv,1,1,1,0.5873637425971066,0.5873637425971066,1.812704039178966e-08,0.006930111049607011,0.40570612822624585
2_trans_1993.csv,1,1,1,0.9981171908735272,0.9981171908735272,1.5919429417870084e-15,0.001521977584028775,0.0003608315424423705
2_trans_218.csv,1,1,1,0.980975788217454,0.980975788217454,5.784282767616204e-12,0.001439118659832019,0.017585093116929695
2_trans_1992.csv,1,1,1,0.9202132401234585,0.9202132401234585,1.1503186604335046e-13,0.07950242679365882,0.0002843330827677211
2_trans_2243.csv,1,1,1,0.9998237209463807,0.9998237209463807,2.84083407234773e-18,3.115823509087362e-06,0.00017316323011015806
2_trans_1762.csv,1,1,1,0.9992280249957162,0.9992280249957162,2.3897091923387004e-18,5.482013928582614e-05,0.0007171548649979614
2_trans_1004.csv,3,1,0,0.6882988216164674,0.6882988216164674,7.1250402347999264e-12,0.3107497024087682,0.0009514759676393183
2_trans_1951.csv,1,1,1,0.998919145576403,0.998919145576403,7.022242660679279e-13,0.0001439443521068922,0.000936910070787684
2_trans_2055.csv,1,1,1,0.9999975781899774,0.9999975781899774,6.08740129798425e-28,2.3177863689396337e-06,1.0402365369636318e-07
2_trans_2041.csv,1,1,1,0.9894972543085443,0.9894972543085443,4.04008412327544e-14,0.006765481231228577,0.003737264460186504
2_trans_1206.csv,1,3,0,0.4323016979992949,0.3766713547587184,1.2998794687907008e-08,0.4323016979992949,0.19102693424319198
2_trans_754.csv,1,1,1,0.9926005409544825,0.9926005409544825,1.38901990107503e-15,0.007363826731596359,3.563231391989418e-05
2_trans_2069.csv,1,1,1,0.9999947303933756,0.9999947303933756,3.995169347263476e-24,2.193526663894201e-06,3.0760799603348535e-06
2_trans_740.csv,1,1,1,0.992078108261089,0.992078108261089,2.453716609680498e-13,0.007544885593784594,0.00037700614488098567
2_trans_998.csv,4,4,1,0.9504006563250655,0.047155345250556556,2.4848283575920917e-05,0.0024191501408020784,0.9504006563250655
2_trans_973.csv,1,1,1,0.9987133333581565,0.9987133333581565,2.597894272370032e-17,0.0006792134850677898,0.0006074531567757097
2_trans_2082.csv,1,1,1,0.9927310665159307,0.9927310665159307,1.6032381472059934e-18,0.007264340421347309,4.593062721875687e-06
2_trans_967.csv,1,1,1,0.9965830984275476,0.9965830984275476,6.135937646385988e-17,0.002876050071121752,0.0005408515013305322
2_trans_783.csv,3,3,1,0.6831639185645652,0.3157603563288983,2.2655764014057965e-10,0.6831639185645652,0.0010757248799786988
2_trans_2121.csv,1,1,1,0.9997928857332449,0.9997928857332449,2.713001089925799e-23,0.0002068950342903091,2.1923246476749537e-07
2_trans_2135.csv,1,1,1,0.9999952031630036,0.9999952031630036,7.636693920372466e-29,4.7921144672798905e-06,4.722528948258892e-09
2_trans_608.csv,1,1,1,0.9999966666843124,0.9999966666843124,8.276771549110308e-25,2.681996303792328e-06,6.513193837909669e-07
2_trans_620.csv,1,1,1,0.9999547576223052,0.9999547576223052,3.2662678180284844e-23,4.470754974808777e-05,5.34827946747271e-07
2_trans_79.csv,1,1,1,0.9534988288484126,0.9534988288484126,3.1318421199180606e-08,0.01840055022639806,0.02810058960676829
2_trans_2848.csv,2,2,1,0.6121538794360053,0.014672542004999728,0.6121538794360053,0.0025755002297849178,0.37059807832921005
2_trans_51.csv,4,4,1,0.810376593575249,0.09035778853088805,0.08693616519223189,0.012329452701630949,0.810376593575249
2_trans_45.csv,1,1,1,0.9998742807453226,0.9998742807453226,4.043394715631593e-22,0.00012400982878587718,1.709425891394021e-06
2_trans_2445.csv,1,1,1,0.9999676603279911,0.9999676603279911,3.994900856533586e-22,2.8969066210084134e-05,3.37060579874402e-06
2_trans_378.csv,1,1,1,0.9764008302212781,0.9764008302212781,5.7377522189576025e-15,0.020345951202519984,0.0032532185761963203
2_trans_1158.csv,1,1,1,0.9999458649384693,0.9999458649384693,1.1930675889230353e-22,9.732594924009422e-06,4.440246660670031e-05
2_trans_344.csv,1,1,1,0.9981677536774889,0.9981677536774889,4.0266977038730855e-15,0.0004138419265575874,0.0014184043959496306
2_trans_1170.csv,1,1,1,0.9765938524376051,0.9765938524376051,6.398240259294579e-15,0.022807784705585397,0.0005983628568030053
2_trans_1825.csv,4,4,1,0.6546784670650168,0.024567127392903947,0.2963171009652204,0.024437304576858943,0.6546784670650168
2_trans_387.csv,1,1,1,0.9999614110463293,0.9999614110463293,6.114613590538574e-22,7.557941297400196e-07,3.783315954092263e-05
2_trans_385.csv,1,1,1,0.9994959320675421,0.9994959320675421,4.863597756184891e-20,0.0004966254655278182,7.4424669300500965e-06
2_trans_1833.csv,1,1,1,0.9682752333763789,0.9682752333763789,3.570697221226664e-18,0.0317088046078409,1.5962015780124292e-05
2_trans_1199.csv,1,1,1,0.9999987408586017,0.9999987408586017,6.428623080373476e-29,1.100630990155672e-06,1.5851040812523444e-07
2_trans_346.csv,1,1,1,0.9999406667674018,0.9999406667674018,4.079197031995832e-20,3.623221177679783e-05,2.310102082139553e-05
2_trans_420.csv,1,1,1,0.999959962728425,0.999959962728425,1.5269668057203682e-22,7.144830658818808e-07,3.9322788509115166e-05
2_trans_2309.csv,1,1,1,0.9999843338582822,0.9999843338582822,1.0278713448865719e-27,1.526379958163194e-05,4.023421360401442e-07
2_trans_805.csv,1,1,1,0.9564090710174146,0.9564090710174146,9.075199610022614e-11,0.0024889945527027837,0.041101934339130626
2_trans_2679.csv,1,1,1,0.9994733911103874,0.9994733911103874,1.021181918727051e-17,2.9330818365029352e-06,0.0005236758077761071
2_trans_144.csv,1,1,1,0.9999868421657361,0.9999868421657361,3.488310013616282e-24,4.097360654325609e-07,1.2748098198357204e-05
2_trans_1370.csv,1,1,1,0.9934331988079508,0.9934331988079508,8.695127405641746e-11,0.0009102582639288453,0.005656542841169116
2_trans_150.csv,1,1,1,0.9382099485890902,0.9382099485890902,7.649143906279355e-10,0.06034534341579314,0.0014447072302021012
2_trans_636.csv,1,1,1,0.9996165978049462,0.9996165978049462,6.109207924579828e-25,0.0003812792343460416,2.1229607076607934e-06
2_trans_2645.csv,1,1,1,0.9972141516988191,0.9972141516988191,5.664616608920522e-17,0.002151955825491401,0.0006338924756894727
2_trans_178.csv,1,1,1,0.9989224851606651,0.9989224851606651,1.3578205766208165e-13,0.0003990473759873474,0.0006784674632119053
2_trans_795.csv,1,1,1,0.856160697603459,0.856160697603459,6.020579731484487e-08,0.12794530100810841,0.01589394118263526
2_trans_2080.csv,1,1,1,0.995672414242737,0.995672414242737,3.1440426920980004e-18,0.004207549130836545,0.00012003662642642236
2_trans_1562.csv,4,4,1,0.9249163966410379,0.06691233392958099,0.001947067301811758,0.006224202127569479,0.9249163966410379
2_trans_1576.csv,1,1,1,0.9999716712955353,0.9999716712955353,3.818433091312024e-22,5.098800009758005e-06,2.3229904454935996e-05
2_trans_2731.csv,1,1,1,0.999905110533327,0.999905110533327,2.3330566613155282e-27,9.47997845102885e-05,8.968216265481176e-08
2_trans_232.csv,1,1,1,0.9838135654689079,0.9838135654689079,1.9058264161606682e-20,0.016179021475843183,7.4130552489166325e-06
2_trans_1990.csv,4,1,0,0.6852410708317052,0.6852410708317052,6.639709429490109e-08,0.009712292370982378,0.30504657040021826
2_trans_1991.csv,1,3,0,0.8009514012328228,0.1968515472196194,9.09728175462853e-09,0.8009514012328228,0.0021970424502760644
2_trans_2526.csv,1,1,1,0.9705532636959888,0.9705532636959888,2.773323307081085e-15,0.02933281536070451,0.00011392094330391697
2_trans_2532.csv,3,4,0,0.6243488981937096,0.264446858239146,1.1251091232387313e-05,0.11119299247591195,0.6243488981937096
2_trans_2254.csv,1,1,1,0.9994384405458675,0.9994384405458675,5.424496297543094e-15,3.356431719018163e-05,0.0005279951369369659
2_trans_227.csv,1,1,1,0.8327362427774342,0.8327362427774342,2.3667727033986264e-08,0.010526234373381555,0.15673749918145716
2_trans_1007.csv,1,3,0,0.6372812830700915,0.35717446292944427,3.2223575159494824e-06,0.6372812830700915,0.005541031642948251
2_trans_1761.csv,1,1,1,0.9998447805707106,0.9998447805707106,3.7783926869114106e-23,0.000154890861377447,3.2856791214178186e-07
2_trans_596.csv,1,1,1,0.9951577468089268,0.9951577468089268,1.3979503055945957e-13,0.0030965269647368465,0.0017457262261964465
2_trans_757.csv,1,1,1,0.9708884943395124,0.9708884943395124,1.9823349843887564e-09,0.0017622164751568334,0.02734928720299577
2_trans_1205.csv,1,1,1,0.9700760896147057,0.9700760896147057,8.366007296045115e-12,0.02839794758461676,0.0015259627923115409
2_trans_1588.csv,1,1,1,0.9768472924932009,0.9768472924932009,8.254167599133817e-15,0.02277770002520383,0.0003750074815870306
2_trans_780.csv,1,1,1,0.9960913257492959,0.9960913257492959,1.961607384995632e-12,0.0020590480643704746,0.0018496261843720001
2_trans_2917.csv,2,2,1,0.8834298280977233,0.009832725667685161,0.8834298280977233,0.004844326634542371,0.10189311960004918
2_trans_2650.csv,1,1,1,0.797123926252621,0.797123926252621,1.0177646157648782e-13,0.20210420712783114,0.0007718666194461988
2_trans_2136.csv,1,1,1,0.9940422542371203,0.9940422542371203,3.5228870858291e-18,0.005954928439550022,2.8173233296438784e-06
2_trans_179.csv,3,3,1,0.5641641473780731,0.39673999273033955,7.300552738220388e-07,0.5641641473780731,0.039095129836313414
2_trans_1403.csv,1,1,1,0.9998478932897603,0.9998478932897603,8.662991741227711e-18,5.912940144491787e-05,9.297730879479162e-05
2_trans_91.csv,1,1,1,0.999995663513332,0.999995663513332,1.664910391618496e-25,1.4550852097600961e-06,2.8814014581576634e-06
2_trans_145.csv,1,1,1,0.9999962952997531,0.9999962952997531,1.1307704920418958e-30,3.700036359458383e-06,4.663887448465036e-09
2_trans_2693.csv,1,1,1,0.9992587843066918,0.9992587843066918,1.4250337097974516e-17,2.0191112592230574e-06,0.0007391965820488212
2_trans_804.csv,1,1,1,0.9947625415056446,0.9947625415056446,1.8212123197095274e-13,0.005113588233249167,0.00012387026092392693
2_trans_2687.csv,1,1,1,0.982093670452813,0.982093670452813,4.1762620755505085e-18,0.017696634231642586,0.00020969531554431022
2_trans_192.csv,1,1,1,0.9189236662810165,0.9189236662810165,3.2934327991000885e-10,0.013800498480737913,0.0672758349089024
2_trans_435.csv,1,1,1,0.9998990851305797,0.9998990851305797,9.561634771348614e-26,9.96619427032051e-05,1.2529267170569364e-06
2_trans_2308.csv,1,1,1,0.9999985473829411,0.9999985473829411,2.3030232832643008e-25,1.3641991256872037e-06,8.841793308323004e-08
2_trans_353.csv,1,1,1,0.9906461555467293,0.9906461555467293,5.400817411043277e-11,0.0013231295249280246,0.008030714874334342
2_trans_347.csv,1,1,1,0.9999882861273452,0.9999882861273452,1.0791230444719451e-24,9.198208818143298e-06,2.5156638367269847e-06
2_trans_1826.csv,1,1,1,0.9975003225120568,0.9975003225120568,1.284389712962363e-22,0.0024992936950078955,3.837929354597607e-07
2_trans_1832.csv,1,1,1,0.998404601836447,0.998404601836447,1.503042100199594e-13,0.0012296238896946378,0.00036577427370816835
2_trans_2481.csv,1,1,1,0.9917610255197185,0.9917610255197185,4.895633277619176e-18,0.007878115695524381,0.00036085878475728236
2_trans_394.csv,1,1,1,0.9989382013850521,0.9989382013850521,2.801413634678129e-20,0.001057173311488284,4.625303459613824e-06
2_trans_2442.csv,1,1,1,0.9775380290647541,0.9775380290647541,4.880825005880448e-11,0.020829646487523265,0.0016323243989143932
2_trans_2318.csv,1,3,0,0.5456694664998478,0.4533028404501577,4.579489181668898e-11,0.5456694664998478,0.0010276930041995954
2_trans_357.csv,1,1,1,0.9986438448523457,0.9986438448523457,1.8668644458847386e-23,0.0013534745889519457,2.6805587023994545e-06
2_trans_1163.csv,1,1,1,0.9999313689060354,0.9999313689060354,1.712815207105359e-23,5.9144867726764934e-05,9.486226237897974e-06
2_trans_182.csv,1,1,1,0.999975612036117,0.999975612036117,1.1512392283517937e-19,1.1264685722025079e-05,1.3123278160905702e-05
2_trans_196.csv,1,1,1,0.9978935188530895,0.9978935188530895,4.388218209698318e-19,0.002086708462420706,1.9772684489653136e-05
2_trans_2640.csv,1,1,1,0.9999877014413491,0.9999877014413491,3.1056631626107233e-26,1.2277686376425468e-05,2.087227457893643e-08
2_trans_2126.csv,1,1,1,0.946528746615829,0.946528746615829,1.9014569185105882e-10,0.04705886371242017,0.006412389481605223
2_trans_141.csv,4,4,1,0.6075867812450183,0.3839143296805433,1.5058206224633623e-06,0.008497383253815974,0.6075867812450183
2_trans_1407.csv,4,1,0,0.8554044328548231,0.8554044328548231,1.5008001222830435e-10,0.062383532394326195,0.08221203460077046
2_trans_81.csv,4,4,1,0.8096580920279982,0.11263505307203694,0.027136414232643135,0.05057044066732165,0.8096580920279982
2_trans_155.csv,3,3,1,0.8261739021431831,0.17301591064453922,9.994557722127597e-09,0.8261739021431831,0.0008101772177200774
2_trans_2091.csv,1,1,1,0.9747703235536245,0.9747703235536245,8.857016933068651e-12,0.0004163725323040364,0.024813303905214325
2_trans_974.csv,1,1,1,0.999973545461863,0.999973545461863,1.0910717985308876e-24,2.1556110911075935e-05,4.8984272258183655e-06
2_trans_2085.csv,1,1,1,0.9998190560381169,0.9998190560381169,1.2246408261586289e-16,0.00012594054163453004,5.500342024823359e-05
2_trans_2913.csv,4,4,1,0.5514581611872316,0.2377720343897233,0.18576495434937504,0.02500485007367011,0.5514581611872316
2_trans_948.csv,1,1,1,0.9818852238395057,0.9818852238395057,2.2947220480243502e-11,0.01669568325767073,0.0014190928798761579
2_trans_784.csv,1,1,1,0.9993900440029428,0.9993900440029428,5.793602396660825e-19,0.0005865012022597206,2.3454794797461616e-05
2_trans_2734.csv,4,4,1,0.5206029723159287,0.4776129781731881,6.46256022214592e-08,0.00178398488528106,0.5206029723159287
2_trans_2708.csv,1,1,1,0.9635676431183152,0.9635676431183152,7.73689711046997e-13,0.008485649718605782,0.027946707162305358
2_trans_1215.csv,1,1,1,0.9997133872832986,0.9997133872832986,1.4142317629929145e-23,0.00028545838489339113,1.1543318079411559e-06
2_trans_2293.csv,1,1,1,0.9999596150485262,0.9999596150485262,1.8998433265145148e-21,3.4501762301568434e-05,5.883189172354078e-06
2_trans_1956.csv,1,1,1,0.998421476831659,0.998421476831659,4.304100296425327e-14,0.00015369738824423803,0.001424825780053619
2_trans_586.csv,1,1,1,0.9999270261321185,0.9999270261321185,5.984385548360625e-27,7.291942485031356e-05,5.444303122023053e-08
2_trans_2522.csv,4,4,1,0.5409218036373955,0.45704775776690076,3.7729650935732034e-09,0.0020304348227386214,0.5409218036373955
2_trans_1995.csv,1,1,1,0.9839189739015742,0.9839189739015742,5.637653459761734e-15,0.01587298871590168,0.00020803738251847995
2_trans_1003.csv,1,1,1,0.9999987347499039,0.9999987347499039,1.344534378629197e-24,1.002749867804876e-06,2.625002283451663e-07
2_trans_1771.csv,1,1,1,0.999694992171913,0.999694992171913,4.76715290372989e-18,2.4248033162479136e-05,0.0002807597949243979
2_trans_2278.csv,4,4,1,0.9460453017289401,0.022107092601514732,0.030314760537837923,0.0015328451317073535,0.9460453017289401
2_trans_550.csv,1,1,1,0.5506071665150845,0.5506071665150845,0.00526017831096217,0.0434771636639879,0.4006554915099655
2_trans_1994.csv,1,1,1,0.9145021605862124,0.9145021605862124,4.895108273086937e-07,0.02544393419833558,0.06005341570462465
2_trans_578.csv,1,3,0,0.5570337846355987,0.2508784283398155,0.0002474078289135707,0.5570337846355987,0.1918403791956722
2_trans_2251.csv,3,4,0,0.4950549105496936,0.15822185634475067,0.0006114552861390291,0.3461117778194166,0.4950549105496936
2_trans_1980.csv,1,1,1,0.9874380979994295,0.9874380979994295,2.2844185438643176e-15,0.01223320892829043,0.0003286930722777461
2_trans_1758.csv,1,1,1,0.9527785377702948,0.9527785377702948,2.5210089217175807e-15,0.04712483588941436,9.662634028837322e-05
2_trans_2537.csv,1,1,1,0.9887780061638999,0.9887780061638999,3.4182959253182034e-20,0.011174207697335048,4.7786138765035696e-05
2_trans_593.csv,1,1,1,0.9999364195056418,0.9999364195056418,4.5541939590418594e-21,6.0661029248729504e-05,2.9194651093592645e-06
2_trans_752.csv,4,4,1,0.6315371900017807,0.3628355161366828,9.568626058377167e-07,0.005626336998930696,0.6315371900017807
2_trans_2053.csv,1,1,1,0.9585686140649706,0.9585686140649706,3.512815102124897e-11,9.514991969137742e-05,0.041336235980209864
2_trans_785.csv,1,1,1,0.9189602423393144,0.9189602423393144,4.2445788581259895e-12,0.00015414914514686118,0.0808856085112941
2_trans_2912.csv,2,2,1,0.902616283879612,0.0017357292668044603,0.902616283879612,0.0013895368486902522,0.09425845000489316
2_trans_2084.csv,1,3,0,0.6329143409592066,0.3667325134368277,1.6979388066404279e-12,0.6329143409592066,0.00035314560226775685
2_trans_1406.csv,3,1,0,0.8790084192532243,0.8790084192532243,6.510533368084896e-11,0.0984465511458589,0.022545029535811573
2_trans_154.csv,1,1,1,0.9999285224455048,0.9999285224455048,1.6353816601325604e-23,3.9461946319490877e-07,7.108293503200544e-05
2_trans_626.csv,1,1,1,0.9466304211598037,0.9466304211598037,1.98191408729252e-09,0.0123778516461244,0.04099172521215769
2_trans_94.csv,1,1,1,0.9996318869551953,0.9996318869551953,3.007628201508892e-17,0.0003491662040573598,1.8946840747411118e-05
2_trans_2133.csv,1,1,1,0.9998988824513804,0.9998988824513804,3.797239241574724e-18,7.864218913343709e-05,2.2475359486349496e-05
2_trans_2655.csv,1,1,1,0.9230505716710802,0.9230505716710802,6.141884989177062e-15,0.0767421463504785,0.00020728197843511063
2_trans_2899.csv,2,2,1,0.5604212855569309,0.013316216647761291,0.5604212855569309,0.002863350765258536,0.4233991470300494
2_trans_829.csv,1,1,1,0.9996031838720165,0.9996031838720165,3.524293425427795e-18,7.525151394168773e-05,0.0003215646140418487
2_trans_43.csv,1,1,1,0.9999870056400142,0.9999870056400142,9.909188624279908e-24,3.712374345912259e-07,1.2623122551086416e-05
2_trans_197.csv,1,1,1,0.9999948655574475,0.9999948655574475,4.0191921280843665e-29,4.682290299369416e-06,4.5215225315516966e-07
2_trans_2696.csv,1,1,1,0.9999800695390664,0.9999800695390664,2.7935047918826973e-28,1.9445618864085223e-05,4.848420693716736e-07
2_trans_1604.csv,1,1,1,0.8993543781879919,0.8993543781879919,6.803373660156279e-10,0.09948628353340426,0.0011593375982664313
2_trans_424.csv,1,1,1,0.9999964005164919,0.9999964005164919,2.100219832655867e-27,1.106379454285024e-06,2.493104053876432e-06
2_trans_2319.csv,1,1,1,0.9999224036669029,0.9999224036669029,6.443715500924823e-20,3.075518098036301e-05,4.6841152116842717e-05
2_trans_342.csv,1,1,1,0.999938142469743,0.999938142469743,4.849697692805884e-25,6.141211814386017e-05,4.4541211319209924e-07
2_trans_418.csv,1,4,0,0.5068096058846489,0.490316307859588,1.9791680300609503e-06,0.002872107087733041,0.5068096058846489
2_trans_1823.csv,1,1,1,0.9999701235137692,0.9999701235137692,8.230942860882654e-25,2.9281883973851135e-05,5.946022569691224e-07
2_trans_2480.csv,4,4,1,0.7883770463962054,0.04618614579252415,0.0046486763044187645,0.16078813150685173,0.7883770463962054
2_trans_1189.csv,1,1,1,0.9999083287407852,0.9999083287407852,7.801602913466131e-17,1.96711748707059e-05,7.200008434408867e-05
2_trans_1821.csv,1,1,1,0.9999990071194867,0.9999990071194867,6.262318080059712e-26,5.102687638714442e-07,4.826117491381748e-07
2_trans_2482.csv,1,1,1,0.9993735235431817,0.9993735235431817,2.524867971938766e-18,0.0004819529365074413,0.00014452352031083993
2_trans_397.csv,1,1,1,0.9999813336714442,0.9999813336714442,4.15651253442498e-24,1.2353992961727041e-05,6.31233559407131e-06
2_trans_2455.csv,1,1,1,0.9999018430719119,0.9999018430719119,4.593443157067493e-19,1.7173105833686036e-05,8.098382225456503e-05
2_trans_1160.csv,1,1,1,0.9999627876617556,0.9999627876617556,3.294892019918749e-20,3.204925057852461e-05,5.163087665794395e-06
2_trans_426.csv,1,1,1,0.9999962864245637,0.9999962864245637,2.1397881405368994e-28,3.593048777695356e-06,1.2052665867136e-07
2_trans_69.csv,4,1,0,0.9598543309461642,0.9598543309461642,9.196249340611492e-11,0.0008328679983462457,0.03931280096352708
2_trans_803.csv,1,1,1,0.9999838290278293,0.9999838290278293,1.2748448809986525e-25,1.1956450166808355e-05,4.214522004071207e-06
2_trans_2680.csv,1,1,1,0.993163418320404,0.993163418320404,5.100273714058177e-13,0.0007422184753548039,0.00609436320373117
2_trans_2870.csv,2,2,1,0.825251332667783,0.01225959432695228,0.825251332667783,0.00894624476781932,0.15354282823744536
2_trans_195.csv,1,1,1,0.9995959161838571,0.9995959161838571,8.945499720260011e-23,0.000399614815089954,4.4690010528373004e-06
2_trans_2125.csv,1,1,1,0.9845923800779132,0.9845923800779132,5.909986635906624e-13,0.014288208348179506,0.0011194115733163376
2_trans_1362.csv,1,1,1,0.9912809415541941,0.9912809415541941,3.704230474453452e-16,0.008509266094334214,0.00020979235147129105
2_trans_156.csv,1,1,1,0.8364765644478155,0.8364765644478155,7.267941875720038e-05,0.12031156880824313,0.04313918732518423
2_trans_82.csv,1,1,1,0.9999540404336248,0.9999540404336248,2.6673865972881754e-25,4.501681048753923e-05,9.427558877070425e-07
2_trans_1376.csv,1,1,1,0.9999879880258495,0.9999879880258495,8.616480784985233e-23,1.8918309293202986e-06,1.0120143221183322e-05
2_trans_977.csv,1,1,1,0.8804720577409435,0.8804720577409435,5.36229479317124e-09,0.05374426184939832,0.06578367504736338
2_trans_787.csv,1,1,1,0.9077509694905758,0.9077509694905758,2.3176370214145777e-11,0.0002706824968277864,0.09197834798942017
2_trans_1216.csv,1,1,1,0.999988003675671,0.999988003675671,1.0304059164122437e-21,5.931813387559644e-06,6.06451094132954e-06
2_trans_1564.csv,1,1,1,0.8954180692275745,0.8954180692275745,4.4519206842970484e-10,0.001341224629987918,0.10324070569724572
2_trans_750.csv,1,1,1,0.9999683594827449,0.9999683594827449,1.0292167149416195e-23,2.929611709211981e-05,2.3444001629968696e-06
2_trans_2290.csv,1,1,1,0.9940939536647176,0.9940939536647176,7.22603589862387e-18,0.005533312880806683,0.00037273345447547395
2_trans_1799.csv,1,1,1,0.999993416058056,0.999993416058056,2.3777543241465994e-21,4.100035507378351e-06,2.4839064365836875e-06
2_trans_591.csv,1,1,1,0.9966754910281974,0.9966754910281974,7.864355963004679e-18,0.003190322620790353,0.0001341863510122183
2_trans_1014.csv,1,1,1,0.9999989033499939,0.9999989033499939,6.156166559067092e-27,3.356496685295229e-07,7.610003374391339e-07
2_trans_1767.csv,1,1,1,0.9993055358795813,0.9993055358795813,5.589230349963489e-18,0.0006358332001544483,5.8630920264331576e-05
2_trans_547.csv,1,1,1,0.9774258287579838,0.9774258287579838,1.9095908750666447e-17,0.022544092811853492,3.0078430162828537e-05
2_trans_1773.csv,1,1,1,0.9900585312534056,0.9900585312534056,4.9564036475368764e-20,0.009938572187870356,2.8965587239594247e-06
2_trans_221.csv,1,1,1,0.9794802398183092,0.9794802398183092,1.1694278303824293e-18,0.020490682531723668,2.9077649967028657e-05
2_trans_209.csv,1,1,1,0.9995535774944423,0.9995535774944423,2.4547418183502313e-20,0.00024352128882448,0.0002029012167331331
2_trans_1997.csv,1,1,1,0.6516845198527337,0.6516845198527337,1.199662477538983e-07,0.006066499927154959,0.34224886025386364
2_trans_590.csv,1,1,1,0.9786554185057258,0.9786554185057258,2.0295759595419453e-14,0.007116140942089476,0.014228440552164474
2_trans_1954.csv,1,1,1,0.8642518926689353,0.8642518926689353,4.2947850718029696e-09,0.000627684214629296,0.13512041882165035
2_trans_1565.csv,3,3,1,0.7790143188480046,0.19705631843588844,4.797511995048642e-07,0.7790143188480046,0.023928882964907427
2_trans_1217.csv,1,1,1,0.9998890423938379,0.9998890423938379,8.513723765996604e-21,0.00010421796574254669,6.739640419370374e-06
2_trans_745.csv,1,1,1,0.47299759401851865,0.47299759401851865,4.9773209435672614e-05,0.05522742082455014,0.4717252119474955
2_trans_2078.csv,1,1,1,0.9997987829491284,0.9997987829491284,4.510940966589169e-24,0.0001798772091241276,2.1339841747432455e-05
2_trans_2911.csv,2,2,1,0.7974328189245877,0.002234288888245986,0.7974328189245877,0.0007791486479102873,0.19955374353925587
2_trans_2905.csv,2,2,1,0.5816071617540333,0.06428431616335245,0.5816071617540333,0.014216427362840418,0.33989209471977383
2_trans_786.csv,1,1,1,0.9997290917332748,0.9997290917332748,3.4987804503806826e-19,1.3434434642078112e-05,0.00025747383208313973
2_trans_625.csv,1,1,1,0.9999868913278634,0.9999868913278634,9.615231225012958e-23,7.397059322495382e-07,1.2368966204258919e-05
2_trans_97.csv,1,1,1,0.9999932178676867,0.9999932178676867,6.155592475305991e-28,6.614093863787034e-06,1.6803844955912777e-07
2_trans_143.csv,1,1,1,0.9885964052102002,0.9885964052102002,9.545848267962857e-15,0.0005939410714335788,0.01080965371835684
2_trans_2642.csv,1,1,1,0.9998909781600442,0.9998909781600442,4.762858075535519e-21,6.737678339517375e-05,4.164505656067789e-05
2_trans_180.csv,1,1,1,0.7439442220680933,0.7439442220680933,1.970378034332918e-09,0.003477653981995897,0.2525781219795329
2_trans_2871.csv,4,4,1,0.5247385622854753,0.2401740680593336,0.19509459470172263,0.03999277495346839,0.5247385622854753
2_trans_2681.csv,1,1,1,0.9999902658331834,0.9999902658331834,3.1249323350668875e-20,7.06711241111948e-06,2.6670544054820896e-06
2_trans_1613.csv,1,1,1,0.9999527373325299,0.9999527373325299,1.0392949702131258e-26,4.708710502040204e-05,1.755624498502007e-07
2_trans_427.csv,1,1,1,0.9734031256447562,0.9734031256447562,1.922773941953326e-13,0.00037462356174958737,0.026222250793301934
2_trans_2468.csv,1,1,1,0.9960752669296833,0.9960752669296833,2.975837630028031e-14,0.0028401172242745283,0.001084615846012428
2_trans_2332.csv,1,1,1,0.9997947481671635,0.9997947481671635,1.4279910632880865e-19,2.388095750612393e-06,0.0002028637370858679
2_trans_2454.csv,1,1,1,0.9561840418523752,0.9561840418523752,5.3068018872439874e-12,0.0012584519226553396,0.04255750621966257
2_trans_382.csv,1,1,1,0.9893115342433305,0.9893115342433305,1.3852665328769914e-12,0.0001423710878684242,0.010546094667415868
2_trans_396.csv,1,1,1,0.9999956749523431,0.9999956749523431,2.3216737209223637e-27,4.191110063447113e-06,1.3393759348299015e-07
2_trans_2483.csv,1,1,1,0.999850372307055,0.999850372307055,7.076060620114888e-20,4.865506202160232e-06,0.00014476218674306152
2_trans_1834.csv,4,1,0,0.9181577980792205,0.9181577980792205,1.8498991056740557e-11,0.007497692773663875,0.0743445091286166
2_trans_1820.csv,1,1,1,0.999782399418748,0.999782399418748,1.011292064438978e-21,0.00021605633474749327,1.544246504374599e-06
2_trans_1811.csv,1,1,1,0.5692716164911129,0.5692716164911129,0.000142465837366557,0.16970044483581792,0.2608854728357026
2_trans_370.csv,1,4,0,0.570419799184104,0.42841638354090544,5.417176263382758e-07,0.0011632755573642523,0.570419799184104
2_trans_1636.csv,1,1,1,0.9839481654858377,0.9839481654858377,5.401492621703016e-12,0.0010265524110789398,0.015025282097681801
2_trans_1178.csv,1,1,1,0.9963755944672598,0.9963755944672598,4.2463373210024994e-17,0.003611326571984206,1.3078960756015613e-05
2_trans_2698.csv,1,1,1,0.9078768745736566,0.9078768745736566,2.4130488130258174e-10,0.07878589131719448,0.013337233867844139
2_trans_1391.csv,1,1,1,0.9843126338910426,0.9843126338910426,8.146446009692052e-12,0.013018424106352261,0.0026689419944587412
2_trans_71.csv,1,1,1,0.9998195801687809,0.9998195801687809,1.0632860668153042e-17,0.0001220942885898493,5.832554262925366e-05
2_trans_59.csv,1,1,1,0.9999962468565441,0.9999962468565441,5.982299993706236e-24,2.2781828391366948e-06,1.474960616743902e-06
2_trans_833.csv,1,1,1,0.9602219164905376,0.9602219164905376,1.6215203949684235e-14,0.03926470136514316,0.0005133821443031692
2_trans_2868.csv,4,4,1,0.6185943663594822,0.015417259640252416,0.3603086606198088,0.005679713380456541,0.6185943663594822
2_trans_199.csv,1,1,1,0.999852304281348,0.999852304281348,4.257420151090883e-22,0.00014637307028351953,1.322648368618122e-06
2_trans_172.csv,1,1,1,0.9317326562179263,0.9317326562179263,7.036700205655075e-14,0.06811947230775402,0.00014787147424930115
2_trans_628.csv,1,1,1,0.9955045569001845,0.9955045569001845,2.3674485896540865e-11,0.00019391575765256174,0.004301527318488404
2_trans_2115.csv,1,1,1,0.9999973725338969,0.9999973725338969,1.9930310415556414e-26,1.1190629195493837e-06,1.5084031836393509e-06
2_trans_2101.csv,1,1,1,0.9996323340272303,0.9996323340272303,4.75523572057246e-18,0.00021650592771798298,0.00015116004505192672
2_trans_2934.csv,2,2,1,0.5971623962310763,0.0012882414258641084,0.5971623962310763,0.0002964082421026282,0.4012529541009569
2_trans_1554.csv,1,1,1,0.9996520870905982,0.9996520870905982,5.980309412492061e-17,6.927774563586059e-05,0.00027863516376589755
2_trans_1226.csv,1,1,1,0.99994667334936,0.99994667334936,5.748173875269184e-23,5.1790047492639924e-05,1.5366031474153628e-06
2_trans_2049.csv,1,3,0,0.8470647617426391,0.152159381730886,1.5999655748240858e-09,0.8470647617426391,0.0007758549265092853
2_trans_2061.csv,1,3,0,0.37971186562513626,0.34379230374724284,0.00010781768311224558,0.37971186562513626,0.27638801294450865
2_trans_1568.csv,1,1,1,0.8070609905585238,0.8070609905585238,7.846949708199411e-10,0.18442910058810907,0.008509908068672105
2_trans_990.csv,1,1,1,0.9532125674518891,0.9532125674518891,1.6153764631055163e-14,0.04662699698123457,0.0001604355668602905
2_trans_1959.csv,1,1,1,0.625321394502522,0.625321394502522,4.560353413036331e-08,0.07327605594208043,0.30140250395186347
2_trans_204.csv,1,1,1,0.9999651231637855,0.9999651231637855,6.726194713692132e-25,1.848169034042245e-05,1.6395145873979418e-05
2_trans_562.csv,1,1,1,0.9998760972935404,0.9998760972935404,7.543702523907592e-16,2.5635328228248296e-05,9.826737823055744e-05
2_trans_576.csv,1,1,1,0.9937255447841997,0.9937255447841997,4.758811713205892e-14,0.0051619658426437735,0.001112489373108925
2_trans_1024.csv,1,1,1,0.999994481383503,0.999994481383503,4.546679005935275e-21,3.1906403773482273e-06,2.3279761197636653e-06
2_trans_2511.csv,1,1,1,0.9986319205020201,0.9986319205020201,9.063000551745165e-17,0.0004542242810129719,0.0009138552169671557
2_trans_2276.csv,1,1,1,0.9999880055257038,0.9999880055257038,4.2033193726710343e-26,7.586044727651397e-06,4.408429568452328e-06
2_trans_2510.csv,1,1,1,0.9291827501855388,0.9291827501855388,1.400871073167686e-11,0.0050965414514063225,0.06572070834904616
2_trans_1743.csv,1,1,1,0.9998408248871342,0.9998408248871342,3.1575111168429667e-21,0.0001585266147079443,6.484981578799816e-07
2_trans_1025.csv,1,1,1,0.9999964015193704,0.9999964015193704,1.0071077277718825e-24,2.746294117494471e-06,8.52186511985487e-07
2_trans_211.csv,1,1,1,0.9951335880318919,0.9951335880318919,3.935764470363001e-14,0.0046387977404241205,0.0002276142276446654
2_trans_205.csv,3,1,0,0.610347931906636,0.610347931906636,3.4550581916281156e-13,0.38561882649635726,0.004033241596661182
2_trans_1757.csv,1,1,1,0.996425424554788,0.996425424554788,3.6079165798918324e-16,0.000765047433691007,0.002809528011520528
2_trans_563.csv,4,4,1,0.841083839440594,0.1382466362129897,0.002393462584411122,0.01827606176200526,0.841083839440594
2_trans_588.csv,1,1,1,0.9711052694173653,0.9711052694173653,7.755340375734263e-10,0.0007593298538919835,0.02813539995320869
2_trans_1964.csv,3,3,1,0.48480610972816107,0.3979419700715098,2.060678582651549e-07,0.48480610972816107,0.11725171413247082
2_trans_749.csv,3,1,0,0.4744535453654738,0.4744535453654738,2.253750567324192e-05,0.17866914023071365,0.3468547768981394
2_trans_2074.csv,1,1,1,0.9879790635054293,0.9879790635054293,4.70129725787496e-16,0.012012005416607909,8.931077962403421e-06
2_trans_991.csv,1,1,1,0.9988194250995831,0.9988194250995831,1.8144430031075307e-22,0.001180106911469937,4.679889470107485e-07
2_trans_2060.csv,1,1,1,0.6285614119155978,0.6285614119155978,9.974968798611762e-10,0.28559439423750993,0.0858441928493954
2_trans_985.csv,1,1,1,0.8162540133017526,0.8162540133017526,3.731942129991762e-08,0.17207865765777988,0.01166729172104622
2_trans_1555.csv,1,1,1,0.9339032162911886,0.9339032162911886,3.320601437055833e-10,0.009506322086888867,0.0565904612898625
2_trans_2909.csv,2,4,0,0.6809684299075244,0.056235777382370795,0.24968753298186314,0.01310825972824171,0.6809684299075244
2_trans_2935.csv,4,4,1,0.5813121586058758,0.297651888791472,0.040878864351699816,0.08015708825095236,0.5813121586058758
2_trans_1582.csv,1,1,1,0.9930555750410355,0.9930555750410355,7.236033089446929e-13,0.006052761904913388,0.0008916630533276076
2_trans_2921.csv,4,2,0,0.6996202585617186,0.003317753757583925,0.6996202585617186,0.000905669747925138,0.2961563179327724
2_trans_629.csv,1,1,1,0.998393608650046,0.998393608650046,5.5247926515701345e-15,0.0009253531726631795,0.0006810381772852798
2_trans_2672.csv,1,1,1,0.5306814983822086,0.5306814983822086,2.6665454749281596e-08,0.4010022534865405,0.06831622146579612
2_trans_167.csv,1,1,1,0.7984846620623686,0.7984846620623686,9.821289514388759e-09,0.04375871954106513,0.1577566085752768
2_trans_1353.csv,1,1,1,0.9999966695593171,0.9999966695593171,7.813561641883283e-26,3.2015078937628602e-06,1.2893278917966652e-07
2_trans_1435.csv,1,1,1,0.999991214171465,0.999991214171465,4.1790943782434e-23,6.988716721135803e-06,1.7971118138386332e-06
2_trans_2896.csv,2,2,1,0.6806930906261456,0.03320948679719368,0.6806930906261456,0.024837180668677062,0.26126024190798375
2_trans_70.csv,4,4,1,0.5317652540841775,0.42048215193846344,1.9256576025198433e-05,0.04773333740133381,0.5317652540841775
2_trans_2464.csv,4,1,0,0.5228329354543985,0.5228329354543985,1.9041440382390352e-06,0.12170089188341054,0.35546426851815266
2_trans_359.csv,1,1,1,0.8561602351941059,0.8561602351941059,1.6193216367575464e-12,0.14345121040641606,0.00038855439785875895
2_trans_1637.csv,1,1,1,0.9999654517847113,0.9999654517847113,2.961752418672183e-19,1.0096601757266132e-05,2.4451613531381454e-05
2_trans_371.csv,1,1,1,0.9998775941227168,0.9998775941227168,1.0156101805068991e-19,0.00010013760829637347,2.2268268986858518e-05
2_trans_1145.csv,1,1,1,0.9988311931249588,0.9988311931249588,2.976723078999977e-14,0.00010135118127017293,0.0010674556937412324
2_trans_1623.csv,1,1,1,0.6719236116913714,0.6719236116913714,1.2286338350342126e-11,0.3279357653139687,0.00014062298237352974
2_trans_417.csv,1,1,1,0.9870641429730793,0.9870641429730793,5.13237004079305e-18,0.012826637341095062,0.00010921968582556686
2_trans_1810.csv,1,1,1,0.6575202323500658,0.6575202323500658,2.2385205548874196e-12,0.33652153206398205,0.005958235583713732
2_trans_1192.csv,1,1,1,0.9610049628348516,0.9610049628348516,2.4059362599988084e-10,0.008608011205658126,0.030387025718896763
2_trans_1186.csv,1,1,1,0.7869103150771051,0.7869103150771051,6.426592933854971e-09,0.2033431188263635,0.009746559669938704
2_trans_1838.csv,1,1,1,0.9876902409961269,0.9876902409961269,3.156272935223892e-16,0.00018447267948900622,0.012125286324384029
2_trans_2328.csv,1,1,1,0.9872751128183276,0.9872751128183276,7.579018010174515e-12,0.006950535086421382,0.005774352087671964
2_trans_415.csv,1,1,1,0.9978061596141219,0.9978061596141219,5.500004392495067e-18,0.002165664042698185,2.8176343179902704e-05
2_trans_1386.csv,1,1,1,0.9921799074358103,0.9921799074358103,6.75585577833287e-11,0.0025277592451726405,0.00529233325145849
2_trans_66.csv,4,1,0,0.8606972574860258,0.8606972574860258,1.7679763099575445e-10,0.001451844119086423,0.1378508982180902
2_trans_830.csv,1,1,1,0.9994419251915146,0.9994419251915146,6.206003953496903e-19,0.00022706554701178936,0.0003310092614734196
2_trans_603.csv,1,1,1,0.9604177207624689,0.9604177207624689,1.2014089904602992e-11,0.03864398104113601,0.0009382981843808176
2_trans_1423.csv,1,1,1,0.35535648667642256,0.35535648667642256,5.8374003720665344e-05,0.30566744874522167,0.33891769057463506
2_trans_617.csv,1,1,1,0.9999234961414262,0.9999234961414262,1.2425017148838237e-20,4.399338326844911e-05,3.251047530557769e-05
2_trans_2102.csv,1,1,1,0.9999651074317946,0.9999651074317946,7.710573666921682e-19,2.1253027427111585e-05,1.3639540778380639e-05
2_trans_159.csv,1,1,1,0.9984059994498415,0.9984059994498415,4.1354910580041156e-13,0.0012258060442589664,0.00036819450548596387
2_trans_2116.csv,1,1,1,0.9999503606900483,0.9999503606900483,2.2036016495947456e-22,4.0829313464436786e-05,8.809996487354356e-06
2_trans_1580.csv,1,1,1,0.7831729083797192,0.7831729083797192,2.9149062849428636e-08,0.1346962918602316,0.0821307706109866
2_trans_1594.csv,1,1,1,0.9999977150921092,0.9999977150921092,3.9104851019427706e-29,2.2585090046149625e-06,2.639888623663195e-08
2_trans_788.csv,1,1,1,0.9998144837746004,0.9998144837746004,3.21965326454594e-21,1.5577695350345698e-06,0.00018395845586471733
2_trans_777.csv,1,1,1,0.7314310788562103,0.7314310788562103,1.353586093807217e-09,0.0007284838038336413,0.2678404359863699
2_trans_1225.csv,1,1,1,0.9600995956582752,0.9600995956582752,9.447921997853898e-14,0.03939940103756741,0.0005010033040629197
2_trans_1231.csv,1,1,1,0.9596090626183392,0.9596090626183392,1.1892134282975393e-12,5.322718704401309e-05,0.040337710193427606
2_trans_987.csv,1,1,1,0.9998414845432247,0.9998414845432247,2.277855973544795e-25,0.00015790277948611988,6.126772891049765e-07
2_trans_2062.csv,3,4,0,0.6296364865603085,0.2955818928741502,0.0001406826236458229,0.07464093794189548,0.6296364865603085
2_trans_1027.csv,1,1,1,0.9999495152636205,0.9999495152636205,3.75722344562448e-23,4.930192689504769e-05,1.182809484441918e-06
2_trans_1033.csv,1,1,1,0.9999437779775934,0.9999437779775934,5.987227717364002e-25,5.441378572984218e-05,1.808236676820116e-06
2_trans_2512.csv,4,1,0,0.6260611446499867,0.6260611446499867,9.334046992895785e-08,0.12898827371418337,0.24495048829535984
2_trans_2506.csv,1,4,0,0.5431304496160383,0.32289032324124906,1.940951037816271e-05,0.1339598176323345,0.5431304496160383
2_trans_1768.csv,1,1,1,0.9999983645775333,0.9999983645775333,2.1970303142730735e-28,9.070906343533336e-07,7.283318322064152e-07
2_trans_2513.csv,1,1,1,0.9975174909356346,0.9975174909356346,5.483982015903058e-13,0.0007369380220902035,0.0017455710417269355
2_trans_1754.csv,1,1,1,0.8973562303412067,0.8973562303412067,8.444588332863867e-13,0.10248716000967774,0.00015660964827107394
2_trans_560.csv,1,1,1,0.9841913365425999,0.9841913365425999,1.313509448225828e-09,0.013242474785243874,0.0025661873586468836
2_trans_1740.csv,1,1,1,0.9999721454036371,0.9999721454036371,8.750577270985408e-28,2.776319440074317e-05,9.140196220013473e-08
2_trans_1797.csv,1,1,1,0.9359577490252388,0.9359577490252388,1.3635840411522024e-09,0.004749329884570596,0.059292919726606434
2_trans_1783.csv,1,1,1,0.9999553532441158,0.9999553532441158,2.6497157472393908e-18,1.1812643134626858e-05,3.283411274944338e-05
2_trans_986.csv,1,1,1,0.9950516351645834,0.9950516351645834,1.726386140698083e-13,5.512634772041538e-05,0.004893238487523529
2_trans_2077.csv,4,4,1,0.8052231370491844,0.18712966224933308,0.00012882460800607592,0.007518376093476512,0.8052231370491844
2_trans_945.csv,1,4,0,0.763121048674127,0.23362295851223944,6.121499541672477e-08,0.003255931598638152,0.763121048674127
2_trans_2922.csv,2,2,1,0.809795915440899,0.0014505211435645812,0.809795915440899,0.0004846399669287714,0.18826892344860766
2_trans_2671.csv,1,1,1,0.6877070353818823,0.6877070353818823,3.9168384508056404e-08,0.01797538652953956,0.2943175389201937
2_trans_1378.csv,1,1,1,0.9996192286170762,0.9996192286170762,1.8760770496869232e-15,7.377720920640564e-05,0.00030699417371567406
2_trans_2117.csv,1,1,1,0.9999086595107783,0.9999086595107783,5.666715556455912e-20,8.1901379522728e-05,9.439109698908193e-06
2_trans_158.csv,4,4,1,0.7235861856482378,0.23157597826096596,0.002508200241102041,0.04232963584969424,0.7235861856482378
2_trans_170.csv,1,1,1,0.9938313760308021,0.9938313760308021,1.213932196146693e-09,0.0011275717164688816,0.005041051038797062
2_trans_2659.csv,1,1,1,0.9999939681155839,0.9999939681155839,2.441090841487596e-31,6.027465781039014e-06,4.418634930268848e-09
2_trans_825.csv,1,1,1,0.9999081309317303,0.9999081309317303,3.917985302695941e-24,8.855266852109245e-05,3.316399748490585e-06
2_trans_819.csv,1,1,1,0.9999973911485067,0.9999973911485067,1.4760218407357513e-26,2.3351857039455687e-06,2.7366578929565644e-07
2_trans_73.csv,3,3,1,0.6099571135763495,0.37795066580068865,1.2390835657762333e-05,0.6099571135763495,0.01207982978730405
2_trans_428.csv,4,1,0,0.783328978394344,0.783328978394344,4.349337701977407e-09,0.0011970462827682294,0.2154739709735501
2_trans_2315.csv,1,1,1,0.9993892565789019,0.9993892565789019,2.116668024467184e-17,0.00022808854925349958,0.00038265487184467616
2_trans_414.csv,1,1,1,0.9938850606126907,0.9938850606126907,4.902383125796269e-14,0.004698470549811623,0.0014164688374488342
2_trans_1634.csv,1,1,1,0.9997672269796881,0.9997672269796881,1.5828078190368525e-23,0.000231965386036226,8.076342755878239e-07
2_trans_1807.csv,1,1,1,0.9995016485727408,0.9995016485727408,7.668083381108482e-22,0.000496074945127953,2.276482131255219e-06
2_trans_1191.csv,1,1,1,0.9049764983459168,0.9049764983459168,6.357736797227757e-12,0.09447683748447613,0.0005466641632494547
2_trans_1803.csv,1,1,1,0.9961261166577762,0.9961261166577762,7.871089046240628e-14,0.00121059578833041,0.0026632875538145726
2_trans_1195.csv,1,1,1,0.72356623652741,0.72356623652741,9.827653968803114e-07,0.09262407664878226,0.1838087040584107
2_trans_2488.csv,1,1,1,0.8152154057642068,0.8152154057642068,6.772512302383095e-11,0.15916398950075678,0.025620604667311146
2_trans_1181.csv,1,1,1,0.7083664429070913,0.7083664429070913,8.664731719978176e-07,0.01991840465369961,0.27171428596603714
2_trans_2463.csv,1,1,1,0.997391004734042,0.997391004734042,4.659255907078087e-15,6.220960923442035e-05,0.0025467856567189255
2_trans_1618.csv,1,1,1,0.9988516228463974,0.9988516228463974,1.2701819876717985e-19,0.0011409655789327315,7.4115746698004155e-06
2_trans_404.csv,1,1,1,0.9999966236867233,0.9999966236867233,8.978037363919228e-29,3.3286333140285485e-06,4.76799625512333e-08
2_trans_821.csv,1,1,1,0.9986589372062633,0.9986589372062633,4.929104571706901e-18,9.492954185098987e-06,0.0013315698395516692
2_trans_1397.csv,1,1,1,0.999996592925401,0.999996592925401,1.5312075976577102e-26,5.979803535444859e-07,2.8090942455055937e-06
2_trans_63.csv,1,1,1,0.9990078310799955,0.9990078310799955,1.569950589667793e-15,0.0009276606616385675,6.450825836424654e-05
2_trans_1368.csv,1,1,1,0.846139006191003,0.846139006191003,3.796691178500642e-10,0.15089453212735476,0.0029664613019730664
2_trans_88.csv,3,3,1,0.5530192029117482,0.43546993747097673,2.8356596578789128e-08,0.5530192029117482,0.011510831260678566
2_trans_160.csv,1,3,0,0.6052366413792633,0.38984388274327153,4.393753741261117e-08,0.6052366413792633,0.004919431939927981
2_trans_2891.csv,2,4,0,0.6240905223449421,0.028451360274050923,0.33906968663783404,0.00838843074317294,0.6240905223449421
2_trans_174.csv,1,1,1,0.9999958215979394,0.9999958215979394,2.898167408830423e-26,2.2131660873585674e-06,1.965235973220907e-06
2_trans_1340.csv,1,1,1,0.999998857306933,0.999998857306933,4.4736136317387255e-25,7.18158642566584e-07,4.245344243652847e-07
2_trans_941.csv,1,1,1,0.9969408321968887,0.9969408321968887,2.6778930129303302e-14,0.0020267004829512126,0.0010324673201335588
2_trans_969.csv,1,1,1,0.9839647420445137,0.9839647420445137,1.1017243580001147e-07,0.007430987106450101,0.00860416067660046
2_trans_2098.csv,1,1,1,0.9902783712966527,0.9902783712966527,2.2572426195652392e-14,0.009051465832958225,0.0006701628703664542
2_trans_2067.csv,1,3,0,0.6942580496299671,0.3042115586149272,1.3308306167869758e-09,0.6942580496299671,0.0015303904242750673
2_trans_982.csv,1,1,1,0.9999869369786415,0.9999869369786415,6.746159295361443e-21,5.628965774154581e-06,7.434055584269545e-06
2_trans_772.csv,1,1,1,0.9085839157724961,0.9085839157724961,2.9490217243856647e-07,0.029178840416826477,0.06223694890850494
2_trans_1546.csv,1,1,1,0.9774143531093256,0.9774143531093256,2.009306343208635e-16,0.022475918659071968,0.00010972823160208563
2_trans_1234.csv,1,1,1,0.8114055189861028,0.8114055189861028,1.4939470838911077e-06,0.02409607542657291,0.16449691164024033
2_trans_1977.csv,1,4,0,0.49636488929780836,0.08205739639001378,2.795996707685723e-05,0.4215497543451011,0.49636488929780836
2_trans_558.csv,1,1,1,0.9999672996699819,0.9999672996699819,2.5459113595711337e-20,2.2929561367962396e-05,9.7707686500558e-06
2_trans_216.csv,1,1,1,0.9998352852343186,0.9998352852343186,4.1438489212267766e-21,5.327418410557936e-07,0.0001641820238403346
2_trans_1036.csv,4,4,1,0.6944167115168248,0.2838043163218468,1.545459135148691e-05,0.021763517569976864,0.6944167115168248
2_trans_202.csv,3,3,1,0.5437839603267052,0.4487641863927501,3.6384716839460194e-09,0.5437839603267052,0.007451849642073032
2_trans_203.csv,1,1,1,0.9952228503586675,0.9952228503586675,6.706221029341422e-13,0.002232846414516515,0.002544303226145264
2_trans_1037.csv,1,1,1,0.9999942969661225,0.9999942969661225,5.703703363307817e-31,5.699390354053796e-06,3.643523402269439e-09
2_trans_565.csv,3,1,0,0.590879471669655,0.590879471669655,2.114883913293899e-13,0.40851501020281367,0.0006055181273197776
2_trans_217.csv,1,1,1,0.973496549280585,0.973496549280585,1.715719432490667e-09,0.017310650635487954,0.009192798368207532
2_trans_1235.csv,1,1,1,0.9995027147473249,0.9995027147473249,5.839395504540207e-19,0.0004910879578867788,6.197294788288268e-06
2_trans_2728.csv,1,1,1,0.9999197627004159,0.9999197627004159,1.2169001926868759e-18,6.348141812363209e-06,7.388915777160535e-05
2_trans_773.csv,1,1,1,0.9998557009304972,0.9998557009304972,1.203279573684115e-18,3.960369660222269e-05,0.00010469537290059494
2_trans_2066.csv,1,1,1,0.9915706447479791,0.9915706447479791,2.054305485365648e-17,0.008266317334660309,0.00016303791736053244
2_trans_2072.csv,1,1,1,0.9999667880265701,0.9999667880265701,5.265392280058715e-26,3.2532474782733825e-05,6.79498647353941e-07
2_trans_1590.csv,1,1,1,0.9866353602151092,0.9866353602151092,2.2048404104968106e-14,0.011428028688417224,0.001936611096451486
2_trans_2927.csv,4,2,0,0.6040682524767165,0.03035062520385985,0.6040682524767165,0.005691747199152888,0.3598893751202707
2_trans_1427.csv,1,1,1,0.9999816175064714,0.9999816175064714,8.350019264502728e-24,1.5422675228640402e-05,2.9598183000694185e-06
2_trans_1341.csv,1,1,1,0.9961057456404186,0.9961057456404186,5.436679174990004e-14,0.00013948382254673632,0.0037547705369802824
2_trans_161.csv,1,1,1,0.9990493986981279,0.9990493986981279,2.364549307593301e-19,0.00041528605002429054,0.0005353152518478273
2_trans_1355.csv,1,1,1,0.9999543856340045,0.9999543856340045,3.8401898499720936e-23,4.321313960343347e-05,2.401226392015543e-06
2_trans_149.csv,1,1,1,0.9998054985284458,0.9998054985284458,7.156935991492809e-16,6.6956872570082196e-06,0.00018780578429651644
2_trans_89.csv,1,1,1,0.9996579763421876,0.9996579763421876,5.192916347279993e-18,2.138693153669307e-06,0.00033988496465857723
2_trans_2847.csv,2,2,1,0.9602484860474569,0.0006043916850933705,0.9602484860474569,0.00030786600751837157,0.038839256259931176
2_trans_76.csv,1,1,1,0.9996489532195678,0.9996489532195678,8.718505048977924e-19,5.6959257369231024e-05,0.0002940875230628735
2_trans_1143.csv,1,1,1,0.9999898233217521,0.9999898233217521,2.1205649327055556e-22,1.8947219581235172e-06,8.281956289787855e-06
2_trans_2338.csv,1,1,1,0.9715835979500723,0.9715835979500723,6.894349884737004e-11,0.000709428961259717,0.027706973019724426
2_trans_1631.csv,1,1,1,0.9996752058996681,0.9996752058996681,1.4403191941830484e-23,0.00032444705301482816,3.4704731714415626e-07
2_trans_2310.csv,1,1,1,0.9959743198248655,0.9959743198248655,2.5357427464279835e-12,0.0008633897282817849,0.0031622904443169395
2_trans_1619.csv,1,1,1,0.9999968891900894,0.9999968891900894,7.1446404396748135e-25,2.718499268575126e-06,3.923106419929565e-07
2_trans_2304.csv,3,3,1,0.660704057620528,0.31573850930913466,2.712230345118748e-07,0.660704057620528,0.023557161847302818
2_trans_1180.csv,1,1,1,0.9965615517012988,0.9965615517012988,4.2653130175072186e-15,0.00027383510202118495,0.00316461319667579
2_trans_2489.csv,1,4,0,0.5207883795687916,0.32544293428186893,0.035285736457103124,0.11848294969223623,0.5207883795687916
2_trans_388.csv,1,1,1,0.9620951802542695,0.9620951802542695,2.371180931754328e-15,0.03786385753153112,4.0962214197078794e-05
2_trans_1816.csv,3,1,0,0.7699669042893058,0.7699669042893058,1.1145437855658873e-07,0.2211460818337389,0.008886902422576764
2_trans_1182.csv,1,1,1,0.9861051480655442,0.9861051480655442,4.3576598038510257e-13,0.006872000113466793,0.00702285182055341
2_trans_2306.csv,1,1,1,0.47059603577055015,0.47059603577055015,2.6190464902198076e-05,0.2062903097397397,0.323087464024808
2_trans_361.csv,1,4,0,0.59885402000666,0.37234714961606147,4.694390747841442e-05,0.02875188646980008,0.59885402000666
2_trans_1155.csv,3,3,1,0.7984707261624799,0.19704628126188245,1.6287203960067503e-10,0.7984707261624799,0.0044829924127657034
2_trans_407.csv,1,1,1,0.9903851002962755,0.9903851002962755,4.408966723203618e-11,0.003995560618539877,0.005619339041095119
2_trans_188.csv,1,1,1,0.8676995469431631,0.8676995469431631,1.6421946128459135e-06,0.0026527265915946645,0.1296460842706294
2_trans_2879.csv,2,2,1,0.8593828842779608,0.0030832609594838227,0.8593828842779608,0.0009658427174914183,0.13656801204506394
2_trans_2845.csv,2,2,1,0.5414123979346549,0.012802288637206139,0.5414123979346549,0.005602567497454791,0.44018274593068407
2_trans_1394.csv,1,1,1,0.9806646422733458,0.9806646422733458,6.192615921898054e-12,0.00787989834522223,0.011455459375239334
2_trans_2110.csv,1,1,1,0.9999915435516122,0.9999915435516122,2.860843877573446e-27,7.598704175418143e-06,8.577442123023187e-07
2_trans_639.csv,1,1,1,0.9999965853283812,0.9999965853283812,3.85086314325089e-27,3.230960769626892e-06,1.8371084915670732e-07
2_trans_1343.csv,1,1,1,0.9999996159329304,0.9999996159329304,5.432667827093824e-25,1.435987968921581e-07,2.404682725543467e-07
2_trans_1425.csv,1,1,1,0.9855690536283691,0.9855690536283691,9.28228865993552e-11,0.0008581541786404205,0.013572792100167541
2_trans_2919.csv,4,2,0,0.6505651679136558,0.0038181752416811795,0.6505651679136558,0.0006912766167223086,0.3449253802279407
2_trans_2931.csv,2,4,0,0.4830542453100895,0.31703060558268986,0.12681252138056268,0.07310262772665792,0.4830542453100895
2_trans_981.csv,1,1,1,0.999996632932483,0.999996632932483,5.600751036612084e-29,3.197221429787367e-06,1.698460873227805e-07
2_trans_1579.csv,1,1,1,0.9999941701694434,0.9999941701694434,2.1719760603837575e-22,9.159711026184073e-07,4.913859453963983e-06
2_trans_1237.csv,4,4,1,0.75935769088206,0.16441792543229378,1.4070109636112947e-05,0.0762103135760103,0.75935769088206
2_trans_765.csv,1,1,1,0.9999914700579243,0.9999914700579243,1.279538691071249e-25,3.1683842224428607e-07,8.213103653502811e-06
2_trans_1545.csv,1,1,1,0.9999220043904923,0.9999220043904923,1.5821990958585548e-19,4.913457450606918e-05,2.8861035001748435e-05
2_trans_1223.csv,1,1,1,0.9999838981971249,0.9999838981971249,1.1436799403594205e-23,6.718880263693651e-06,9.3829226113204e-06
2_trans_1974.csv,1,1,1,0.837400932755781,0.837400932755781,2.966552939998851e-09,0.005996586573306247,0.15660247770435998
2_trans_1009.csv,1,1,1,0.9989411931737135,0.9989411931737135,1.619300259763837e-17,1.2677184354150166e-05,0.0010461296419323385
2_trans_2272.csv,1,1,1,0.9714386128440204,0.9714386128440204,1.230609965257671e-10,0.008192415726862794,0.020368971306055743
2_trans_2528.csv,1,1,1,0.7134850592165813,0.7134850592165813,1.5856828241524252e-05,0.05314659576396544,0.23335248819121177
2_trans_573.csv,3,3,1,0.8396232054309005,0.1397678737624547,1.1484177754510614e-07,0.8396232054309005,0.02060880596486729
2_trans_214.csv,1,1,1,0.9994677957139445,0.9994677957139445,1.135213476478403e-16,0.00018544750786572505,0.0003467567781895907
2_trans_2529.csv,1,1,1,0.9738825537185403,0.9738825537185403,2.860032332519059e-08,0.008651933982827662,0.01746548369830877
2_trans_1746.csv,1,1,1,0.9999989286393417,0.9999989286393417,4.812226632935261e-25,1.4576296339012906e-07,9.25597694833219e-07
2_trans_1752.csv,1,1,1,0.9981779386768417,0.9981779386768417,7.865172621759985e-17,0.001297597614090555,0.0005244637090676974
2_trans_200.csv,1,1,1,0.9672117145066104,0.9672117145066104,3.9659876711542207e-10,0.0042930479660043975,0.02849523713078655
2_trans_2515.csv,1,1,1,0.9999935268276314,0.9999935268276314,2.0877882405582794e-22,1.404903355914402e-06,5.0682690127669045e-06
2_trans_1008.csv,1,1,1,0.9477620043183,0.9477620043183,1.0380590726165792e-10,0.04828583679524149,0.003952158782652494
2_trans_1785.csv,1,1,1,0.9999833125354431,0.9999833125354431,5.945780237241982e-23,6.713743434405887e-07,1.6016090213508176e-05
2_trans_1949.csv,4,4,1,0.8399359794789887,0.14844667257975122,0.0002016867918683502,0.01141566114939182,0.8399359794789887
2_trans_1544.csv,4,4,1,0.6277806110043681,0.3709105434381598,1.8040780795140602e-05,0.0012908047766768392,0.6277806110043681
2_trans_1222.csv,1,1,1,0.9549654942052248,0.9549654942052248,2.407006382718568e-12,4.529275311490817e-05,0.044989213039253344
2_trans_1550.csv,1,1,1,0.9220941079329478,0.9220941079329478,4.033089367076032e-10,0.0001729023291543491,0.07773298933458908
2_trans_2071.csv,1,1,1,0.9999560453020145,0.9999560453020145,4.755898038551391e-21,4.6761471131070003e-07,4.348708327415688e-05
2_trans_1578.csv,1,1,1,0.9928257359698227,0.9928257359698227,5.564164591743013e-12,7.227344557455791e-05,0.007101990579038626
2_trans_2717.csv,1,1,1,0.99999120687189,0.99999120687189,7.582455321778703e-26,8.45442323090463e-06,3.3870487912511063e-07
2_trans_758.csv,1,1,1,0.9999919118976239,0.9999919118976239,1.5050837679750494e-24,5.152901327803816e-06,2.935201048230576e-06
2_trans_2930.csv,2,2,1,0.8861587424730115,0.001272104343170284,0.8861587424730115,0.0009512717728208236,0.1116178814109972
2_trans_1593.csv,1,1,1,0.9999969918801406,0.9999969918801406,1.9572094158671784e-27,2.9668476217589915e-06,4.1272237572606786e-08
2_trans_957.csv,1,1,1,0.9664997184068417,0.9664997184068417,2.1318575993150262e-10,0.018999134927662458,0.014501146452309934
2_trans_2139.csv,1,1,1,0.8902757132816529,0.8902757132816529,2.414873269633952e-06,0.023305300796854,0.08641657104822342
2_trans_2887.csv,2,4,0,0.37305860795404505,0.27234518351699455,0.28778500862145795,0.06681119990750249,0.37305860795404505
2_trans_176.csv,1,1,1,0.9999305801797893,0.9999305801797893,2.1535677284206113e-20,5.323185747638022e-05,1.618796273415492e-05
2_trans_2893.csv,2,2,1,0.9442738137041371,0.000791790851816255,0.9442738137041371,0.0003523640810507458,0.05458203136299585
2_trans_610.csv,1,1,1,0.9970654906513449,0.9970654906513449,4.922280049514782e-19,0.002928832059105745,5.677289549424803e-06
2_trans_638.csv,1,1,1,0.9999467881499137,0.9999467881499137,7.423069194353649e-20,1.1591266130494836e-06,5.2052723473352484e-05
2_trans_1418.csv,1,1,1,0.45004813770671087,0.45004813770671087,1.851461946258062e-05,0.15424629600320733,0.39568705167061924
2_trans_1154.csv,1,1,1,0.9964447790853619,0.9964447790853619,1.6717422546346127e-15,0.003492175429435781,6.304548520054176e-05
2_trans_406.csv,1,1,1,0.8669277126009138,0.8669277126009138,5.723414093506463e-09,0.002910508568396675,0.13016177310727542
2_trans_1632.csv,1,1,1,0.8857389840460077,0.8857389840460077,7.711552010555834e-12,0.11138505918079009,0.002875956765490576
2_trans_1140.csv,1,1,1,0.7832687482833351,0.7832687482833351,1.1191799863500037e-09,0.2158642602420762,0.0008669903554086292
2_trans_2313.csv,1,1,1,0.9860697753679006,0.9860697753679006,6.363014727650997e-17,0.013899417958637094,3.080667346212913e-05
2_trans_1197.csv,1,1,1,0.9999694748757552,0.9999694748757552,6.156421370922381e-26,3.0313618377526867e-05,2.115058672522418e-07
2_trans_1829.csv,1,1,1,0.999987946940283,0.999987946940283,1.998474297449844e-25,3.1725458877190094e-07,1.173580512834433e-05
2_trans_1183.csv,1,1,1,0.9984546367058813,0.9984546367058813,2.1584449680455713e-13,0.00021404702519768363,0.00133131626870495
2_trans_1696.csv,1,1,1,0.9999170797012764,0.9999170797012764,3.0527371715309597e-21,3.841292943397916e-05,4.450736928976567e-05
2_trans_461.csv,1,1,1,0.9985848186000865,0.9985848186000865,4.491028522532432e-15,0.00014218569429171773,0.0012729957056172448
2_trans_1655.csv,3,1,0,0.4729660024469076,0.4729660024469076,1.3638174058776488e-06,0.4711718214869901,0.05586081224869642
2_trans_878.csv,1,1,1,0.9999902411038746,0.9999902411038746,1.3759714044261582e-22,4.647628003963451e-06,5.111268121366521e-06
2_trans_844.csv,1,1,1,0.9999901058260698,0.9999901058260698,1.3331968602634965e-25,9.660076047231974e-06,2.3409788309318366e-07
2_trans_1325.csv,1,1,1,0.916828644687388,0.916828644687388,6.984510491995354e-13,0.0791214053055812,0.004049950006332457
2_trans_111.csv,1,1,1,0.9996731740789887,0.9996731740789887,2.2919097026619536e-19,0.00025294786734397166,7.387805366729695e-05
2_trans_663.csv,1,1,1,0.9989119559030094,0.9989119559030094,1.683747074262705e-17,0.0006870810835101408,0.00040096301348055446
2_trans_2604.csv,1,1,1,0.9728317569769652,0.9728317569769652,3.3140696565722087e-14,0.02506984732121518,0.002098395701786497
2_trans_2943.csv,4,2,0,0.7358664680812077,0.039625076222251567,0.7358664680812077,0.012160488472583336,0.21234796722395746
2_trans_918.csv,1,1,1,0.9888341593887755,0.9888341593887755,2.30707082414319e-13,0.000938894417882771,0.010226946193110898
2_trans_703.csv,3,3,1,0.6932001925629391,0.303966530297998,1.1434523879110473e-10,0.6932001925629391,0.0028332770247175214
2_trans_1245.csv,1,1,1,0.9171814953856723,0.9171814953856723,5.439058150734253e-13,0.08209731567479699,0.0007211889389867151
2_trans_2764.csv,1,1,1,0.99884044206267,0.99884044206267,4.0477044836387286e-21,0.0010668969273855112,9.266100994447314e-05
2_trans_2002.csv,1,1,1,0.9578814903327368,0.9578814903327368,4.9465997849256045e-15,0.04116779807698924,0.0009507115902690316
2_trans_528.csv,1,3,0,0.4804489974165168,0.34963804315997926,4.240290573979893e-06,0.4804489974165168,0.16990871913292993
2_trans_1708.csv,1,1,1,0.9932588494785887,0.9932588494785887,2.2791530250229894e-11,0.0034385297504739417,0.0033026207481457828
2_trans_2201.csv,4,4,1,0.8776256601320802,0.12112102944102977,4.4351972684529095e-06,0.0012488752296215733,0.8776256601320802
2_trans_1720.csv,1,1,1,0.9996727852371357,0.9996727852371357,5.582284909577287e-19,0.00028743608264154017,3.977868022283944e-05
2_trans_1052.csv,1,1,1,0.9994386701709493,0.9994386701709493,4.601215986772855e-16,6.464480552360341e-06,0.0005548653484978756
2_trans_1907.csv,4,4,1,0.859619231413713,0.05294806328518364,0.07939092111401473,0.008041784187088648,0.859619231413713
2_trans_1091.csv,1,1,1,0.9913988035031549,0.9913988035031549,1.2831970639141726e-16,0.008586700766118676,1.4495730726328743e-05
2_trans_2995.csv,2,2,1,0.8416058105609008,0.004804002559762913,0.8416058105609008,0.001430724456216279,0.1521594624231203
2_trans_1536.csv,1,1,1,0.9969408202246872,0.9969408202246872,6.083719173941307e-16,3.7909260911624594e-05,0.0030212705144005464
2_trans_931.csv,1,1,1,0.7887250726923947,0.7887250726923947,1.5492620389504801e-09,0.0006179902453648339,0.21065693551297834
2_trans_2956.csv,4,4,1,0.5779938026880042,0.02454073653020724,0.39418754869988315,0.0032779120819055275,0.5779938026880042
2_trans_919.csv,1,1,1,0.999988940802936,0.999988940802936,5.3628728239997005e-22,2.4929656746734893e-06,8.566231389233231e-06
2_trans_2163.csv,1,1,1,0.6318189072527833,0.6318189072527833,0.00033499223053977823,0.09713531482363479,0.2707107856930421
2_trans_138.csv,1,1,1,0.9997243716678343,0.9997243716678343,3.100504277416092e-23,0.0002747917574144749,8.365747509928307e-07
2_trans_110.csv,1,1,1,0.9999633955031472,0.9999633955031472,9.440849923531123e-24,3.07733766415113e-05,5.831120211350109e-06
2_trans_676.csv,1,1,1,0.9998642357475002,0.9998642357475002,4.0293959931600697e-22,6.506933569433477e-06,0.0001292573189303239
2_trans_845.csv,1,1,1,0.9999961054807233,0.9999961054807233,3.220613324631586e-27,2.7855149490105716e-06,1.1090043275598452e-06
2_trans_851.csv,1,1,1,0.9999976540261439,0.9999976540261439,7.980986028913363e-27,1.60507040946417e-06,7.409034466410049e-07
2_trans_1495.csv,4,1,0,0.9522923127169605,0.9522923127169605,3.623045685027838e-11,0.033794090801992305,0.013913596444816788
2_trans_13.csv,1,1,1,0.9984093182594961,0.9984093182594961,9.157307864479401e-18,1.4008534395099285e-05,0.0015766732061088112
2_trans_879.csv,1,1,1,0.9991569898148651,0.9991569898148651,1.3882365678584022e-18,0.0007792039849990874,6.380620013569341e-05
2_trans_1481.csv,1,1,1,0.9999741999986073,0.9999741999986073,1.9617421293297682e-19,3.6741744072262623e-06,2.2125826985474044e-05
2_trans_2407.csv,3,1,0,0.6088823766372036,0.6088823766372036,1.9452171460621954e-07,0.37261179594238697,0.018505632898694745
2_trans_2361.csv,4,4,1,0.849510308198908,0.08888827886569084,0.04923748290003345,0.012363930035367662,0.849510308198908
2_trans_448.csv,3,3,1,0.6902630577831048,0.28186223486038997,4.80326914369657e-08,0.6902630577831048,0.027874659323813795
2_trans_2375.csv,1,1,1,0.996184755561231,0.996184755561231,1.0290566340426539e-14,0.00032889169824847634,0.0034863527405102654
2_trans_306.csv,4,1,0,0.8717620684477494,0.8717620684477494,3.670874720816863e-08,0.0028385905779104628,0.12539930426559298
2_trans_1132.csv,1,3,0,0.7946137049953017,0.20120750945056648,6.866017119909603e-10,0.7946137049953017,0.004178784867530039
2_trans_460.csv,1,1,1,0.6265800722108633,0.6265800722108633,9.309528580543358e-07,0.00609691006196446,0.36732208677431416
2_trans_2349.csv,1,1,1,0.9598038382496469,0.9598038382496469,1.0277337053939086e-11,0.0033801182536086277,0.036816043486467234
2_trans_1640.csv,1,1,1,0.8788809635013963,0.8788809635013963,4.561778230174739e-16,0.12106428353651949,5.475296208391316e-05
2_trans_312.csv,4,4,1,0.4780340977957138,0.3282924126781096,0.0001337584217194643,0.19353973110445716,0.4780340977957138
2_trans_1871.csv,1,1,1,0.9884735710268637,0.9884735710268637,4.8735235120998536e-15,0.010589531031412393,0.0009368979417190899
2_trans_1865.csv,1,1,1,0.9892331071090793,0.9892331071090793,4.35823793899054e-15,0.0031074283524125004,0.007659464538503913
2_trans_1124.csv,3,1,0,0.9235158274859163,0.9235158274859163,6.271128739963968e-14,0.0743826657041155,0.0021015068099052925
2_trans_1642.csv,3,1,0,0.7515819960272629,0.7515819960272629,3.156912421455922e-12,0.2481607372076622,0.0002572667619178758
2_trans_2411.csv,1,1,1,0.9985436192555065,0.9985436192555065,2.841922078852517e-17,0.0005578388471904541,0.0008985418973031671
2_trans_2834.csv,2,2,1,0.8279816647897347,0.0007876580650434147,0.8279816647897347,0.0003373382925204017,0.17089333885270153
2_trans_1454.csv,1,1,1,0.9999919884720236,0.9999919884720236,8.905434935582569e-27,7.75539478785183e-06,2.561331886299578e-07
2_trans_660.csv,1,1,1,0.5103189291166502,0.5103189291166502,0.00038527660648811265,0.0042646464087732015,0.4850311478680884
2_trans_2954.csv,2,2,1,0.8240256377377471,0.012870021037270755,0.8240256377377471,0.01058884157445713,0.15251549965052505
2_trans_1246.csv,1,1,1,0.7422936264186594,0.7422936264186594,1.72933939999457e-05,0.05508164766423119,0.2026074325231096
2_trans_2015.csv,4,4,1,0.7503652955315658,0.1653055132075167,0.0006641409334698573,0.08366505032744755,0.7503652955315658
2_trans_1508.csv,1,1,1,0.5853064142929425,0.5853064142929425,8.867522292234482e-08,0.0003736473792721148,0.41431984965256263
2_trans_1050.csv,1,1,1,0.99973568359557,0.99973568359557,3.1132095451373684e-19,0.00019925758952073913,6.50588149090846e-05
2_trans_2571.csv,1,1,1,0.9980268361601629,0.9980268361601629,1.5871912075639487e-16,2.240698170862918e-05,0.001950756858128298
2_trans_2203.csv,1,1,1,0.9995689179852397,0.9995689179852397,1.7181825988588943e-18,0.00018696738857190337,0.0002441146261884178
2_trans_2216.csv,1,1,1,0.6867493706599478,0.6867493706599478,2.062176240956131e-10,0.30716470392870243,0.006085925205132166
2_trans_1079.csv,1,1,1,0.6171232621342289,0.6171232621342289,6.191957771988428e-05,0.18229493630535115,0.20051988198270007
2_trans_1051.csv,1,1,1,0.9999926259211469,0.9999926259211469,9.976123371703243e-29,7.332555838877768e-06,4.152301414802258e-08
2_trans_265.csv,1,1,1,0.9999818669079283,0.9999818669079283,2.0382408392793227e-19,1.1927395441818589e-05,6.2056966299192214e-06
2_trans_1737.csv,1,1,1,0.9999995562063861,0.9999995562063861,2.6366318289142825e-28,3.957161443580265e-07,4.807746964230851e-08
2_trans_1086.csv,1,1,1,0.9999807167275893,0.9999807167275893,1.7321379908700284e-22,1.6475525794555397e-05,2.8077466161868787e-06
2_trans_2000.csv,1,1,1,0.9991603556629165,0.9991603556629165,1.7132952832409722e-22,0.0008383492122415,1.2951248420785915e-06
2_trans_2772.csv,1,1,1,0.9999950655515785,0.9999950655515785,5.628318712027361e-26,4.148931829269436e-06,7.855165920976329e-07
2_trans_729.csv,1,1,1,0.9829175977533002,0.9829175977533002,1.2437699698130434e-15,0.01573808633463546,0.0013443159120631106
2_trans_2014.csv,1,1,1,0.8455149229575574,0.8455149229575574,1.8336381485371943e-08,0.0013055984468231011,0.15317946025923806
2_trans_1535.csv,4,4,1,0.7168551749369136,0.23883828144359023,0.001043601839612953,0.04326294177988312,0.7168551749369136
2_trans_2982.csv,4,4,1,0.7845256326807004,0.0033961613318039476,0.2114383676645213,0.0006398383229743723,0.7845256326807004
2_trans_1521.csv,1,1,1,0.9930657397369803,0.9930657397369803,1.1555225214889923e-11,0.0007723074255285476,0.0061619528259360115
2_trans_2799.csv,1,1,1,0.913546055208847,0.913546055208847,3.350055715543764e-14,0.08623410129068038,0.00021984350043921836
2_trans_2160.csv,4,4,1,0.7387403482197309,0.23038216932626307,2.2042684481867933e-06,0.030875278185557912,0.7387403482197309
2_trans_1327.csv,1,1,1,0.9992566186905641,0.9992566186905641,6.171582512111774e-17,5.845307257696757e-06,0.0007375360021783024
2_trans_1333.csv,1,1,1,0.9971769949887649,0.9971769949887649,1.378125380221582e-18,1.4981771463509067e-05,0.002808023239771686
2_trans_107.csv,3,4,0,0.40420031931967293,0.35201048294013765,3.8202197291816517e-07,0.24378881571821648,0.40420031931967293
2_trans_1455.csv,1,1,1,0.9998582597564581,0.9998582597564581,4.615562412137109e-22,0.00011886698162116358,2.287326192053399e-05
2_trans_38.csv,1,1,1,0.750775522142462,0.750775522142462,4.992797873013752e-06,0.24218019628274992,0.007039288776915119
2_trans_2821.csv,2,2,1,0.8814198670195474,0.006349755686318821,0.8814198670195474,0.0023957881889397873,0.10983458910519389
2_trans_10.csv,1,1,1,0.9962315073804351,0.9962315073804351,3.3882854916982622e-15,0.0011431057551275598,0.0026253868644340135
2_trans_2404.csv,1,1,1,0.9628134088322483,0.9628134088322483,2.7442528764921454e-10,0.01633596027549079,0.020850630617835604
2_trans_339.csv,1,1,1,0.9049090729195063,0.9049090729195063,1.904549911165648e-10,0.09448021640242914,0.0006107104876094837
2_trans_1125.csv,1,1,1,0.9999903617354122,0.9999903617354122,1.5373675426676575e-26,5.454745162681894e-06,4.183519425078132e-06
2_trans_477.csv,1,1,1,0.9999903456293763,0.9999903456293763,6.990813762143275e-29,7.523514861086897e-06,2.1308557627494357e-06
2_trans_1657.csv,1,1,1,0.9993755217918058,0.9993755217918058,3.444869519230258e-16,0.0005871574504744188,3.732075771955201e-05
2_trans_463.csv,1,1,1,0.9998734710919246,0.9998734710919246,1.772962330052416e-22,0.00012571740838296277,8.114996922526814e-07
2_trans_305.csv,1,1,1,0.9985642983697208,0.9985642983697208,1.1026948455457232e-16,3.7859316097396215e-05,0.0013978423141816898
2_trans_1680.csv,1,1,1,0.9997266923653492,0.9997266923653492,3.0951303210235887e-17,6.602328883257957e-05,0.00020728434581822273
2_trans_2400.csv,1,1,1,0.9995852852086132,0.9995852852086132,1.4100232791164097e-21,0.0003619086602425806,5.280613114413954e-05
2_trans_301.csv,1,4,0,0.7663909349419381,0.23196204272705223,4.404555669824714e-05,0.0016029767743113467,0.7663909349419381
2_trans_467.csv,1,1,1,0.999319595153997,0.999319595153997,2.681225777017799e-19,5.517161753691047e-06,0.0006748876842491784
2_trans_1653.csv,1,1,1,0.9897119796989101,0.9897119796989101,5.189692107109027e-17,0.010145385691691891,0.0001426346093979381
2_trans_1647.csv,1,1,1,0.9999960025361571,0.9999960025361571,5.93577809362218e-29,3.852434240585254e-06,1.4502960231744106e-07
2_trans_2428.csv,1,1,1,0.9999975914477006,0.9999975914477006,1.3683615227771218e-29,2.394657595729011e-06,1.3894703772051709e-08
2_trans_842.csv,1,1,1,0.9705586070152825,0.9705586070152825,2.8312673219276768e-11,0.0005404812343975734,0.028900911722007247
2_trans_856.csv,1,1,1,0.7709054127027535,0.7709054127027535,1.0611263737712204e-08,0.21612384972488766,0.01297072696109504
2_trans_2825.csv,2,2,1,0.8301691305761072,0.004142366692190637,0.8301691305761072,0.005495093160272426,0.16019340957142963
2_trans_2831.csv,2,2,1,0.9036101609738564,0.0008170156070039971,0.9036101609738564,0.00029580263143643836,0.09527702078770325
2_trans_2602.csv,3,1,0,0.8828056702310113,0.8828056702310113,4.374690114751415e-08,0.11309135377809665,0.004102932243990926
2_trans_1479.csv,1,1,1,0.9988401630717171,0.9988401630717171,2.1734760255433914e-18,8.020899448424018e-06,0.001151816028834602
2_trans_895.csv,1,1,1,0.9999716660471544,0.9999716660471544,4.7268289447843237e-23,2.240365511714091e-05,5.930297728402577e-06
2_trans_2170.csv,1,1,1,0.9998406229894865,0.9998406229894865,3.448349423034916e-21,2.024273144503528e-06,0.0001573527373689993
2_trans_1451.csv,4,1,0,0.6074265219692502,0.6074265219692502,4.380016381079558e-06,0.08988621104960164,0.302682886964767
2_trans_103.csv,4,1,0,0.5683772728310527,0.5683772728310527,2.0897167796026896e-07,0.04108296685615815,0.39053955134111124
2_trans_1337.csv,4,4,1,0.7008476399885444,0.2934805751687393,2.938312519964649e-06,0.0056688465301963364,0.7008476399885444
2_trans_671.csv,1,1,1,0.9999887904767317,0.9999887904767317,1.1950044604806806e-20,2.495204914445386e-06,8.714318353940449e-06
2_trans_1445.csv,1,1,1,0.8968923665150411,0.8968923665150411,4.651159175583883e-09,0.0012099564611409894,0.1018976723726587
2_trans_922.csv,1,1,1,0.999858807741433,0.999858807741433,5.440933540168118e-22,4.813616084007127e-07,0.00014071089695867628
2_trans_2010.csv,4,4,1,0.5944409374618239,0.383643839454116,5.2579921561661413e-05,0.021862643162498335,0.5944409374618239
2_trans_2004.csv,3,1,0,0.9154141623040258,0.9154141623040258,1.6049809724775155e-10,0.08179844765898209,0.0027873898764940743
2_trans_711.csv,1,1,1,0.7731572164349856,0.7731572164349856,1.365258945955652e-09,0.20710160210634898,0.01974118009340645
2_trans_1.csv,3,3,1,0.762145899871457,0.19619551509473887,2.28278709514555e-05,0.762145899871457,0.041635757162852824
2_trans_1257.csv,1,1,1,0.9999081379438645,0.9999081379438645,4.7975113885800785e-27,9.17809833121263e-05,8.107282347291416e-08
2_trans_2986.csv,2,2,1,0.6512117682662515,0.004083585506545751,0.6512117682662515,0.0018215506496759592,0.34288309557752683
2_trans_2038.csv,3,1,0,0.7690250543315728,0.7690250543315728,1.2873231542505783e-11,0.23060354203579642,0.0003714036197575211
2_trans_705.csv,1,3,0,0.4999046468529964,0.4132471777356953,3.578099314790401e-05,0.4999046468529964,0.08681239441816045
2_trans_1531.csv,1,1,1,0.9999875338156197,0.9999875338156197,6.857098192498843e-22,1.7964982228393562e-07,1.2286534558108611e-05
2_trans_1096.csv,1,1,1,0.9756343825435861,0.9756343825435861,7.040699305424794e-19,0.024354681402307607,1.0936054106259322e-05
2_trans_2212.csv,1,1,1,0.996556564674513,0.996556564674513,3.113814219639469e-17,5.6444855166661094e-05,0.0033869904703201724
2_trans_2206.csv,1,1,1,0.9995008942512429,0.9995008942512429,1.4293484497820347e-17,0.00048200319780246294,1.7102550954665022e-05
2_trans_1733.csv,1,1,1,0.9945588296748504,0.9945588296748504,9.381177865755484e-20,0.005397704037963363,4.346628718624033e-05
2_trans_261.csv,1,1,1,0.987688512115112,0.987688512115112,1.1671036665056652e-15,0.011155124885089483,0.0011563629997975243
2_trans_1055.csv,1,1,1,0.9901446210314278,0.9901446210314278,3.1088506610318197e-15,8.094170441710124e-05,0.009774437264152117
2_trans_1732.csv,1,1,1,0.9999136040465918,0.9999136040465918,2.538761899187832e-24,8.265744257062454e-05,3.738510837429755e-06
2_trans_1040.csv,1,1,1,0.9966293415229027,0.9966293415229027,3.33729097556785e-13,0.0024722885479902808,0.0008983699287731397
2_trans_1726.csv,1,1,1,0.9999881687055212,0.9999881687055212,6.938989817794328e-24,1.5856749661925894e-06,1.0245619512481458e-05
2_trans_2207.csv,1,1,1,0.9997915655108978,0.9997915655108978,2.9814976478537187e-22,0.0001700103121243876,3.842417697785466e-05
2_trans_248.csv,1,1,1,0.9793714176911661,0.9793714176911661,6.460694461872327e-14,0.0022148806424066698,0.018413701666362567
2_trans_2575.csv,1,1,1,0.9999976190254882,0.9999976190254882,3.6706627536429785e-25,9.85340240496827e-07,1.3956342711272283e-06
2_trans_2213.csv,1,1,1,0.9999422341753135,0.9999422341753135,1.45930281242517e-20,2.25875608762158e-05,3.517826381051424e-05
2_trans_1929.csv,1,1,1,0.567708682782966,0.567708682782966,5.877076762526288e-08,0.0030907556916134524,0.4292005027546529
2_trans_1915.csv,1,1,1,0.9998899314476537,0.9998899314476537,1.8952247511653794e-18,5.2649694923072323e-05,5.74188574234491e-05
2_trans_1256.csv,3,1,0,0.6309588644769508,0.6309588644769508,4.012547638336177e-10,0.3619063750880585,0.007134760033735899
2_trans_1530.csv,1,1,1,0.9989737751422494,0.9989737751422494,1.6854793796370183e-20,0.0010245922384201204,1.632619330384782e-06
2_trans_1524.csv,1,1,1,0.9996384502430525,0.9996384502430525,2.0833968184436736e-21,0.0002986778947924746,6.287186215491689e-05
2_trans_2993.csv,4,2,0,0.7643565688459306,0.03307198226518246,0.7643565688459306,0.01359008803521899,0.1889813608536679
2_trans_2005.csv,1,1,1,0.9999901464677612,0.9999901464677612,4.3035170473308236e-23,7.79580590245677e-06,2.0577263364233374e-06
2_trans_1518.csv,1,1,1,0.9999466538236939,0.9999466538236939,1.370367685090121e-20,7.975490634235422e-06,4.53706856718369e-05
2_trans_1281.csv,1,1,1,0.9540804621372433,0.9540804621372433,3.884710371545635e-09,0.006490577907712366,0.039428956070334024
2_trans_664.csv,1,1,1,0.9999419673530293,0.9999419673530293,2.807168309640005e-21,9.472251105241145e-07,5.7085421860111324e-05
2_trans_102.csv,1,1,1,0.9990653024248252,0.9990653024248252,1.810512475612522e-21,0.0009327009206928439,1.9966544820584022e-06
2_trans_2171.csv,1,1,1,0.9999339670991266,0.9999339670991266,9.825190368461832e-22,5.993019208531007e-05,6.10270878809064e-06
2_trans_1493.csv,1,1,1,0.911441719934612,0.911441719934612,4.607443683191246e-10,0.05949538686964275,0.02906289273500089
2_trans_29.csv,1,1,1,0.9990705941698901,0.9990705941698901,1.2602894788699746e-14,5.211339331110828e-05,0.0008772924367860221
2_trans_472.csv,1,1,1,0.9998386851774818,0.9998386851774818,3.087619194273534e-22,3.864783388820061e-06,0.00015745003912950728
2_trans_300.csv,1,1,1,0.4722657295267619,0.4722657295267619,0.001029899904404481,0.05653261567716582,0.47017175489166785
2_trans_1134.csv,1,3,0,0.29065848900859054,0.2696101383801936,0.18694278226716288,0.29065848900859054,0.25278859034405293
2_trans_2373.csv,1,1,1,0.9791839674376243,0.9791839674376243,1.142579380678959e-13,2.1429206548151508e-05,0.02079460335571323
2_trans_2415.csv,1,1,1,0.9828788082214895,0.9828788082214895,5.1398537894572614e-14,0.00015638022428316828,0.01696481155417586
2_trans_1685.csv,3,1,0,0.7017686892178538,0.7017686892178538,5.314571761662803e-09,0.07636415118323522,0.22186715428433912
2_trans_2398.csv,1,1,1,0.9999937460774204,0.9999937460774204,3.659161714878591e-26,1.2045393932503236e-06,5.049383186272794e-06
2_trans_1687.csv,1,1,1,0.997838025898625,0.997838025898625,4.622445564851264e-17,0.002122064500568927,3.990960080607167e-05
2_trans_1693.csv,1,1,1,0.9999779017157091,0.9999779017157091,1.237084919627912e-20,1.3466972328229887e-06,2.075158705800277e-05
2_trans_2371.csv,1,1,1,0.9983985987051631,0.9983985987051631,3.1223033502525054e-14,0.00029033162685417757,0.001311069667951396
2_trans_2365.csv,1,1,1,0.6522514523863145,0.6522514523863145,3.7145647012772726e-06,0.019053553198266803,0.32869127985071733
2_trans_316.csv,1,1,1,0.9809705151140196,0.9809705151140196,2.8740156202305317e-15,0.018924330993206614,0.0001051538927711869
2_trans_470.csv,1,1,1,0.9953570471734783,0.9953570471734783,1.2908942317850175e-16,0.0024568718889697518,0.002186080937551747
2_trans_2359.csv,1,1,1,0.7824368545943289,0.7824368545943289,9.006921192981222e-10,0.21603071532364143,0.0015324291813375765
2_trans_464.csv,1,1,1,0.9869191728513883,0.9869191728513883,5.063589708993346e-14,0.01246658870763347,0.0006142384409274901
2_trans_1136.csv,1,1,1,0.9997238718753221,0.9997238718753221,4.8332372822153e-24,0.00026861259992693305,7.515524751015581e-06
2_trans_1485.csv,1,1,1,0.8931166297103298,0.8931166297103298,4.5002284979640824e-07,0.05873914534713468,0.048143774919685786
2_trans_2198.csv,1,1,1,0.9947395508460432,0.9947395508460432,4.684694737547196e-12,0.00022734356461262908,0.005033105584659522
2_trans_17.csv,3,3,1,0.5115370225311464,0.47317174159473596,3.510521575135133e-08,0.5115370225311464,0.015291200768901912
2_trans_1491.csv,1,1,1,0.9999715196724378,0.9999715196724378,1.2159350180025502e-23,4.633841100377696e-06,2.3846486461746253e-05
2_trans_128.csv,4,4,1,0.767017259818817,0.220735109363118,0.00010935743263171866,0.012138273385433296,0.767017259818817
2_trans_2601.csv,1,1,1,0.9891772828669616,0.9891772828669616,2.0877036332671244e-14,6.682610236268075e-05,0.010755891030654966
2_trans_1446.csv,1,1,1,0.6242464943950705,0.6242464943950705,1.7821692752220565e-13,0.37534040657349965,0.00041309903125166396
2_trans_1320.csv,1,1,1,0.9909812597836115,0.9909812597836115,7.579466096330222e-16,0.008616585010715733,0.0004021552056721356
2_trans_2946.csv,4,2,0,0.7240497047675747,0.01677152580163901,0.7240497047675747,0.007412030748710005,0.2517667386820762
2_trans_1283.csv,1,1,1,0.8876638714655174,0.8876638714655174,1.68740077433206e-09,0.10601240429708557,0.006323722549996338
2_trans_909.csv,1,1,1,0.9449983347166366,0.9449983347166366,2.381817037836494e-09,0.000527969980421927,0.05447369292112452
2_trans_2749.csv,1,1,1,0.9638511478496173,0.9638511478496173,1.2684674095735197e-13,0.03216867366628193,0.003980178483973681
2_trans_1095.csv,1,1,1,0.9994166252195541,0.9994166252195541,1.0887372622273734e-16,6.0417160559294546e-05,0.0005229576198864066
2_trans_1081.csv,4,4,1,0.6855075614293222,0.3094038997161346,1.4821236090624954e-05,0.005073717618452628,0.6855075614293222
2_trans_1056.csv,1,1,1,0.9979609930774003,0.9979609930774003,1.476230884592736e-12,0.0003376575400857176,0.0017013493810376164
2_trans_504.csv,1,1,1,0.8977533788565976,0.8977533788565976,8.411409440673492e-08,0.08730155928425835,0.014944977745049617
2_trans_2239.csv,1,1,1,0.8148624435259016,0.8148624435259016,2.4379196704900917e-08,0.01338384705206673,0.17175368504283503
2_trans_510.csv,1,1,1,0.5548934967357326,0.5548934967357326,1.9070699446801495e-05,0.1295050591877492,0.31558237337707135
2_trans_276.csv,1,1,1,0.9831907949562195,0.9831907949562195,2.0667622200720555e-17,0.016742440659301732,6.67643844787835e-05
2_trans_1725.csv,1,1,1,0.9980637892645162,0.9980637892645162,1.5499085423620803e-17,0.001838806826515073,9.740390896881171e-05
2_trans_511.csv,1,1,1,0.9999922425748375,0.9999922425748375,2.593136498653513e-23,5.217146271135075e-06,2.5402788912253047e-06
2_trans_2238.csv,1,3,0,0.6060441572475964,0.39108558087511985,6.24787132655605e-08,0.6060441572475964,0.0028701993985705914
2_trans_1731.csv,1,1,1,0.9999454374373645,0.9999454374373645,1.9390353696996758e-26,5.448465373101614e-05,7.790890424365171e-08
2_trans_2562.csv,1,1,1,0.9821731630706654,0.9821731630706654,3.8349186232358783e-16,0.017725467811171503,0.00010136911816275527
2_trans_1080.csv,1,1,1,0.9996244436091359,0.9996244436091359,8.794478139564143e-23,0.00037541072844436544,1.4566241982063494e-07
2_trans_1902.csv,3,1,0,0.5842316644586273,0.5842316644586273,3.3961444523502597e-08,0.411527134484296,0.004241167095632257
2_trans_288.csv,1,1,1,0.6925217948328192,0.6925217948328192,0.00015043332329487216,0.25335106763376647,0.05397670421011951
2_trans_1527.csv,1,1,1,0.9998800081658447,0.9998800081658447,3.7468124307357486e-20,6.0709656346354785e-06,0.0001139208685208469
2_trans_2984.csv,2,2,1,0.6277645815326289,0.0034041639360901893,0.6277645815326289,0.00155746655154055,0.3672737879797402
2_trans_2760.csv,1,1,1,0.9999084117574832,0.9999084117574832,8.029787085065063e-25,9.11125665308498e-05,4.756759858613494e-07
2_trans_2953.csv,4,4,1,0.4120888529665542,0.4063913455890843,0.0997882870514085,0.08173151439295305,0.4120888529665542
2_trans_1296.csv,1,4,0,0.5722854451170657,0.41852436877492855,0.00014655734768120797,0.009043628760324683,0.5722854451170657
2_trans_1335.csv,1,1,1,0.9999963853212721,0.9999963853212721,9.18889958436219e-28,2.398471215919299e-06,1.2162075120529e-06
2_trans_2628.csv,1,1,1,0.9904216924415995,0.9904216924415995,8.243259158377038e-18,0.009482257507725975,9.605005067444891e-05
2_trans_1321.csv,1,1,1,0.9999348517214679,0.9999348517214679,3.8182666203375084e-22,5.994518959479473e-05,5.2030889373716994e-06
2_trans_883.csv,1,1,1,0.9999744470636607,0.9999744470636607,2.0010201861881668e-24,2.2802447368307333e-05,2.7504889711348714e-06
2_trans_2172.csv,1,1,1,0.6384210160054026,0.6384210160054026,2.702163794161165e-07,0.01105143956612397,0.3505272742120942
2_trans_897.csv,1,1,1,0.9999987641849197,0.9999987641849197,2.6488085920574317e-24,9.019841066117997e-07,3.3383097346554667e-07
2_trans_129.csv,3,3,1,0.5139144455502984,0.4855736815893363,4.337660493232183e-10,0.5139144455502984,0.0005118724265993272
2_trans_2827.csv,2,2,1,0.8346480854167523,0.002258963510910395,0.8346480854167523,0.0004536571989917303,0.1626392938733455
2_trans_16.csv,1,1,1,0.9947652433873326,0.9947652433873326,6.434528838099101e-15,3.503966647944178e-05,0.005199716946181456
2_trans_868.csv,4,4,1,0.8546859901270307,0.07871919462870391,0.03844500981037078,0.028149805433894556,0.8546859901270307
2_trans_698.csv,1,1,1,0.9999612117265256,0.9999612117265256,1.8425110231049728e-19,1.1782782077362481e-05,2.700549139695591e-05
2_trans_840.csv,1,1,1,0.998761447965118,0.998761447965118,4.193269378069472e-20,0.0012346565360626138,3.895498819485759e-06
2_trans_1889.csv,1,1,1,0.9887987320376013,0.9887987320376013,7.574078674319215e-13,0.009047397629626185,0.002153870332015001
2_trans_2358.csv,1,1,1,0.9893985258298821,0.9893985258298821,2.189574420883471e-12,0.0022015333103319623,0.008399940857596183
2_trans_317.csv,1,1,1,0.9967111219118182,0.9967111219118182,3.512163131138893e-16,5.770847642916402e-06,0.0032831072405385816
2_trans_459.csv,1,1,1,0.9997621600055655,0.9997621600055655,4.008321621527954e-18,9.065043795271512e-05,0.00014718955648189064
2_trans_1686.csv,1,1,1,0.9999837274624137,0.9999837274624137,1.591051090641503e-24,1.5352172501230142e-05,9.203650850044157e-07
