id,true_label,predicted_label,correct,confidence,p_class_1,p_class_2,p_class_3,p_class_4
2_trans_1853.csv,1,1,1,0.9999999203019153,0.9999999203019153,7.829953865789537e-42,4.6393937292047935e-08,3.3304147472942615e-08
2_trans_1106.csv,1,1,1,0.9981133028608895,0.9981133028608895,2.202245576689499e-20,3.184109636119606e-06,0.0018835130294744037
2_trans_1112.csv,1,1,1,0.9999999984209913,0.9999999984209913,3.3841413779439655e-49,1.0989608089721528e-09,4.800479379341262e-10
2_trans_1674.csv,1,1,1,0.9999959454815711,0.9999959454815711,3.7587794611072145e-40,9.98890691373188e-10,4.053519538100853e-06
2_trans_1890.csv,1,1,1,0.8759460843233541,0.8759460843233541,2.9261628963493037e-21,0.11753406507622119,0.006519850600424726
2_trans_1648.csv,1,3,0,0.7019016908207618,0.2980390670467296,6.4179769483713385e-24,0.7019016908207618,5.9242132508681456e-05
2_trans_33.csv,1,1,1,0.9999999987680981,0.9999999987680981,1.0843842097246573e-48,3.3009011569023897e-12,1.2286010296158562e-09
2_trans_871.csv,1,1,1,0.9997189735019381,0.9997189735019381,5.986759337005453e-24,5.782757620131464e-06,0.00027524374044187713
2_trans_1462.csv,1,1,1,0.9981479543601388,0.9981479543601388,1.4524268734755494e-24,0.0018512444852267762,8.011546344473344e-07
2_trans_1476.csv,1,1,1,0.5134142131630142,0.5134142131630142,1.466956451467039e-07,0.4439839398281586,0.04260170031318206
2_trans_2619.csv,1,1,1,0.9780084943241831,0.9780084943241831,5.75007001922891e-17,0.0007115603230409324,0.02127994535277597
2_trans_1338.csv,1,1,1,0.9999999976474785,0.9999999976474785,1.69981971318795e-53,2.090411338158121e-09,2.6211021409893067e-10
2_trans_2631.csv,1,1,1,0.9999243357092842,0.9999243357092842,1.1405195668210593e-30,6.794182626616521e-05,7.722464449667377e-06
2_trans_2625.csv,1,1,1,0.9979360401614321,0.9979360401614321,1.827708371009389e-27,0.0015948294170826864,0.00046913042148530597
2_trans_939.csv,4,1,0,0.8196142636092232,0.8196142636092232,2.2015723656894323e-17,0.16563635441926655,0.01474938197151037
2_trans_722.csv,1,1,1,0.998552843258814,0.998552843258814,1.0794437431752023e-31,0.0013999800791483204,4.717666203756351e-05
2_trans_1258.csv,4,4,1,0.7922891601777219,0.20753092466156256,9.588669830263932e-08,0.00017981927401739567,0.7922891601777219
2_trans_285.csv,1,1,1,0.9999219003326669,0.9999219003326669,1.9999712605342583e-35,1.5639191170770313e-07,7.794327542136475e-05
2_trans_1933.csv,1,1,1,0.9218783433981393,0.9218783433981393,2.0612440445447775e-20,0.06955208222183505,0.00856957438002543
2_trans_1927.csv,1,1,1,0.9999730438169934,0.9999730438169934,3.3539357664903456e-26,1.1853811431367075e-06,2.5770801863325074e-05
2_trans_1700.csv,1,1,1,0.9999981886504413,0.9999981886504413,1.53489365301632e-36,2.485494343201506e-07,1.5628001244004462e-06
2_trans_534.csv,1,1,1,0.9986335314993423,0.9986335314993423,1.2185778008795022e-20,0.0013321548262093896,3.4313674448255736e-05
2_trans_2209.csv,1,1,1,0.9978760052705641,0.9978760052705641,1.0804590685025743e-26,0.0015111584532303188,0.0006128362762055557
2_trans_2221.csv,1,1,1,0.9982496966922899,0.9982496966922899,9.464675829322911e-27,7.919739313042725e-05,0.0016711059145796442
2_trans_2547.csv,1,1,1,0.9980340570697157,0.9980340570697157,4.6338384457521365e-21,2.5024128135435452e-05,0.0019409188021489953
2_trans_2220.csv,1,4,0,0.8892462876997139,0.1096613347850827,2.1146537521574816e-10,0.0010923773037379834,0.8892462876997139
2_trans_1729.csv,1,1,1,0.9999999981405916,0.9999999981405916,2.99840364057017e-47,2.2139245439094197e-13,1.8591870302150488e-09
2_trans_2546.csv,1,1,1,0.9677577160718862,0.9677577160718862,6.3390815762945725e-18,0.03218088204116342,6.140188695041919e-05
2_trans_2208.csv,1,1,1,0.9432418822570834,0.9432418822570834,3.527190750599203e-23,3.353508656084029e-05,0.05672458265635587
2_trans_1701.csv,1,1,1,0.9999998836912505,0.9999998836912505,5.8680046693020145e-39,3.3219010594755454e-10,1.1597655943228423e-07
2_trans_247.csv,1,1,1,0.9999991423284988,0.9999991423284988,2.2332277750171e-44,8.541601984558481e-07,3.511302622739824e-09
2_trans_2591.csv,1,1,1,0.9999999769886768,0.9999999769886768,2.82009449082144e-52,2.3009943680123564e-08,1.3795615072247206e-12
2_trans_1926.csv,1,1,1,0.9999999943157047,0.9999999943157047,1.6293054328972972e-58,5.637559612578808e-09,4.6735430116413086e-11
2_trans_1932.csv,1,1,1,0.9728326650825053,0.9728326650825053,4.059888728164085e-19,0.027157149168280888,1.0185749213893521e-05
2_trans_1259.csv,1,1,1,0.9984519138405247,0.9984519138405247,4.861234603266369e-19,0.00016375640244465308,0.0013843297570307177
2_trans_2744.csv,1,1,1,0.9966309460521012,0.9966309460521012,4.8116724582056415e-28,8.5407155362437e-05,0.0032836467925363775
2_trans_1503.csv,1,1,1,0.9999999854167938,0.9999999854167938,1.0723288930071188e-53,1.4439377038394404e-08,1.4382912786570541e-10
2_trans_2787.csv,1,1,1,0.9999999466770213,0.9999999466770213,2.954845839816815e-32,4.1887556120827786e-11,5.3281091183230655e-08
2_trans_2977.csv,2,4,0,0.716468812941513,0.002072598579561373,0.2805193083973086,0.0009392800816170033,0.716468812941513
2_trans_938.csv,1,1,1,0.9999999201333291,0.9999999201333291,1.273481701855801e-41,5.9507980983147485e-09,7.391587294481787e-08
2_trans_2142.csv,3,3,1,0.7747050193206519,0.22523762881268325,1.2727964729093363e-11,0.7747050193206519,5.7351853937035795e-05
2_trans_119.csv,3,1,0,0.8878438615308037,0.8878438615308037,7.517314973365361e-14,0.056381040134048994,0.05577509833507216
2_trans_2156.csv,1,1,1,0.9895924864847635,0.9895924864847635,5.0969127390986465e-15,0.010283882364170294,0.0001236311510610973
2_trans_125.csv,1,1,1,0.9999980540635202,0.9999980540635202,7.197871747465034e-39,7.845900852372014e-07,1.161346394593792e-06
2_trans_864.csv,1,1,1,0.9999979786272787,0.9999979786272787,1.0446391182233884e-39,8.301887491601438e-07,1.191183972076653e-06
2_trans_2181.csv,1,1,1,0.9999989753530175,0.9999989753530175,1.8682483663784624e-37,8.362906314544846e-09,1.0162840763238082e-06
2_trans_680.csv,1,1,1,0.8804379571474326,0.8804379571474326,4.640340957592417e-08,0.0158141318082077,0.10374786464095008
2_trans_1891.csv,1,1,1,0.9516471752309936,0.9516471752309936,3.863399436420493e-27,0.04784169093311443,0.000511133835891947
2_trans_2432.csv,1,1,1,0.9999483789374355,0.9999483789374355,9.857303277987511e-26,2.1434714432329538e-08,5.159962785010625e-05
2_trans_327.csv,3,3,1,0.7096785838990397,0.026577112906060334,1.365676739993264e-13,0.7096785838990397,0.26374430319476333
2_trans_455.csv,1,1,1,0.9995786485729854,0.9995786485729854,9.43511999562379e-20,0.000234895694969301,0.00018645573204536874
2_trans_2368.csv,1,1,1,0.9836981570919521,0.9836981570919521,6.655826486964797e-19,0.012572741226351002,0.0037291016816970337
2_trans_1852.csv,1,3,0,0.8429470245303585,0.09672864162119288,1.585389783040825e-11,0.8429470245303585,0.06032433383259458
2_trans_482.csv,1,1,1,0.9999999972544933,0.9999999972544933,2.3390947045773846e-39,1.3129737812801806e-09,1.4325330703130236e-09
2_trans_496.csv,1,1,1,0.8647258739970565,0.8647258739970565,3.470140577346862e-13,0.08579432545471705,0.04947980054787932
2_trans_1688.csv,1,1,1,0.986685594354901,0.986685594354901,4.51565041588364e-17,2.292011194119999e-05,0.013291485533157813
2_trans_2395.csv,1,1,1,0.9999999981213379,0.9999999981213379,1.244750298537405e-47,3.511644250944808e-10,1.527497622248447e-09
2_trans_1111.csv,4,4,1,0.6879701063796583,0.2821077310573079,6.684619666404982e-11,0.029922162496187652,0.6879701063796583
2_trans_1105.csv,1,1,1,0.9999672758432628,0.9999672758432628,8.798080792136796e-34,1.0681725459149214e-06,3.16559841913961e-05
2_trans_331.csv,1,1,1,0.999999498775675,0.999999498775675,7.382310751373663e-43,4.987467096867064e-08,4.5134965420518896e-07
2_trans_1663.csv,1,1,1,0.9999991855775467,0.9999991855775467,3.390979990670728e-44,2.0804864762259005e-10,8.142144045816902e-07
2_trans_2430.csv,1,1,1,0.9999938318447906,0.9999938318447906,1.5966622216660354e-42,3.212871593687866e-07,5.846868049965661e-06
2_trans_1139.csv,3,3,1,0.7606094405503897,0.2386982706165048,1.1623460956069547e-14,0.7606094405503897,0.0006922888330938619
2_trans_682.csv,1,1,1,0.9986135559891803,0.9986135559891803,6.695436223798298e-22,0.0011392659199529523,0.00024717809086662317
2_trans_696.csv,1,1,1,0.6990898172143618,0.6990898172143618,9.631496622099844e-07,0.0861273785812324,0.21478184105474346
2_trans_2815.csv,2,2,1,0.985770491257497,5.6315164513990125e-06,0.985770491257497,9.305370850693727e-06,0.014214571855200907
2_trans_2197.csv,1,1,1,0.9999990909054546,0.9999990909054546,1.277040252686211e-36,9.058504879551481e-07,3.2440573030467614e-09
2_trans_872.csv,1,1,1,0.9553930215219039,0.9553930215219039,9.376107487732617e-19,0.037190678133395876,0.007416300344700199
2_trans_641.csv,1,1,1,0.9999810533780951,0.9999810533780951,3.324227001193265e-36,1.8732346133843724e-05,2.142757711457594e-07
2_trans_899.csv,1,1,1,0.999999346411458,0.999999346411458,5.845309537515584e-38,4.051653524159532e-07,2.4842318957511766e-07
2_trans_1475.csv,3,3,1,0.9770935247935902,0.02267826428018316,1.4492191973597557e-11,0.9770935247935902,0.00022821091173449716
2_trans_2975.csv,4,4,1,0.9213280270198028,0.0752725604688422,0.0015106584731172977,0.0018887540382376152,0.9213280270198028
2_trans_2949.csv,2,2,1,0.719787639773388,5.644291011301721e-05,0.719787639773388,4.7566441919320194e-05,0.2801083508745796
2_trans_2785.csv,1,1,1,0.9999999864065423,0.9999999864065423,1.0562667738791645e-47,1.3435095248209375e-08,1.5836243283434021e-10
2_trans_2008.csv,4,4,1,0.7289209349820481,0.2699988349864082,2.3066818001607244e-16,0.0010802300315435436,0.7289209349820481
2_trans_1515.csv,1,3,0,0.5489807487936725,0.4510118800880963,3.650841097188971e-22,0.5489807487936725,7.371118231119695e-06
2_trans_721.csv,1,1,1,0.9999977224045988,0.9999977224045988,1.5880077998262416e-42,1.7429836142987944e-06,5.34611786827072e-07
2_trans_1273.csv,1,1,1,0.9999999999797118,0.9999999999797118,2.208688333651174e-57,4.6500009172604445e-12,1.56381185723625e-11
2_trans_2593.csv,1,1,1,0.999612567431454,0.999612567431454,6.1861788620527545e-34,5.041941610752875e-10,0.0003874320643518901
2_trans_1065.csv,1,1,1,0.9999999402168676,0.9999999402168676,5.648858203174819e-36,5.920808263437691e-12,5.977721151960759e-08
2_trans_2578.csv,1,1,1,0.9999999313373367,0.9999999313373367,7.332195167269472e-34,6.525352170007641e-09,6.213731109741306e-08
2_trans_2236.csv,1,1,1,0.842745199222828,0.842745199222828,6.200425463768542e-18,0.15725105127085146,3.7495063205388793e-06
2_trans_2551.csv,1,1,1,0.9999637726452866,0.9999637726452866,2.5189619283500767e-26,1.8373946539908534e-05,1.7853408173430758e-05
2_trans_1716.csv,1,1,1,0.9999973490710072,0.9999973490710072,1.3812367879529136e-40,6.495594578920977e-11,2.6508640368525995e-06
2_trans_522.csv,4,4,1,0.8999636354393289,0.09744812028533428,1.241122438828713e-10,0.0025882441512245866,0.8999636354393289
2_trans_536.csv,1,1,1,0.999988753755945,0.999988753755945,1.493413507588689e-39,1.0852098188173103e-05,3.9414586690586034e-07
2_trans_1064.csv,1,1,1,0.9999999854619852,0.9999999854619852,3.1169074822320053e-38,4.587650474006848e-09,9.950364334812955e-09
2_trans_1925.csv,1,1,1,0.9971477805810809,0.9971477805810809,4.725953041499138e-21,0.000455259125832358,0.002396960293086566
2_trans_2592.csv,4,4,1,0.9920801820521049,0.0075281279278773434,1.037799038954115e-11,0.0003916900096396469,0.9920801820521049
2_trans_1919.csv,1,1,1,0.9998199096915331,0.9998199096915331,4.532507199312426e-41,0.0001800627394812619,2.7568985610591795e-08
2_trans_293.csv,1,1,1,0.9977132033584443,0.9977132033584443,1.7507233597460438e-14,2.7568137204255983e-06,0.0022840398278177413
2_trans_708.csv,1,1,1,0.9999999428152081,0.9999999428152081,2.6694208027841103e-38,5.64274246753629e-10,5.6620517590259994e-08
2_trans_907.csv,1,1,1,0.9974275607220635,0.9974275607220635,5.067893946355389e-34,0.002559283448545931,1.3155829390563119e-05
2_trans_1299.csv,1,1,1,0.9902012264628295,0.9902012264628295,2.9249915676615016e-22,0.009760010170895774,3.87633662747405e-05
2_trans_913.csv,1,1,1,0.9999306961765853,0.9999306961765853,3.991365946430837e-45,6.929993705993551e-05,3.8863548642191105e-09
2_trans_2627.csv,1,1,1,0.9999999987566723,0.9999999987566723,3.428955692530744e-48,2.3543211469321764e-13,1.2430922618850977e-09
2_trans_132.csv,1,1,1,0.9999999913947236,0.9999999913947236,1.1108467273120156e-48,3.884394983934461e-09,4.7208813437226115e-09
2_trans_873.csv,3,3,1,0.9170489054560851,0.08295004021970792,1.2291826154485136e-19,0.9170489054560851,1.0543242069499423e-06
2_trans_683.csv,1,1,1,0.9997147989862933,0.9997147989862933,7.277548967187799e-21,7.954774740300369e-05,0.00020565326630358027
2_trans_2357.csv,4,4,1,0.772253375785495,0.22732253981508987,2.7407785422297483e-09,0.0004240816586365052,0.772253375785495
2_trans_2343.csv,3,3,1,0.8826848342138147,0.11731379237106321,2.2951903348581979e-23,0.8826848342138147,1.3734151219474997e-06
2_trans_318.csv,1,1,1,0.9392765339991587,0.9392765339991587,1.2466690978171766e-19,0.060614991455021375,0.00010847454582001473
2_trans_324.csv,1,1,1,0.9999999999763631,0.9999999999763631,3.163398535567543e-47,1.940094697595286e-11,4.235892399723439e-12
2_trans_2394.csv,1,1,1,0.653453407360001,0.653453407360001,1.6000255128913227e-10,0.33314020476170897,0.01340638771828762
2_trans_1851.csv,3,3,1,0.5906951564618256,0.4046259306772264,4.639798913065754e-14,0.5906951564618256,0.004678912860901712
2_trans_1689.csv,1,3,0,0.6687088539692513,0.3310864172549995,2.4578940880598265e-14,0.6687088539692513,0.00020472877572467272
2_trans_495.csv,1,1,1,0.9999960065572673,0.9999960065572673,1.1719685559452354e-44,3.9934349840994e-06,7.74855750440615e-12
2_trans_1855.csv,1,1,1,0.9498245390838802,0.9498245390838802,1.9723240059529805e-19,0.04982619218364404,0.0003492687324757335
2_trans_1699.csv,1,1,1,0.9999919271356332,0.9999919271356332,4.267219489029678e-37,2.1340471073407676e-08,8.051523895822503e-06
2_trans_1841.csv,1,1,1,0.9999999944824036,0.9999999944824036,8.225099339678855e-45,3.0786990845555208e-09,2.4388973972805886e-09
2_trans_485.csv,1,1,1,0.9999812298466462,0.9999812298466462,6.744333302011337e-46,1.8770151205922777e-05,2.1481237559989045e-12
2_trans_491.csv,1,1,1,0.9999937890906367,0.9999937890906367,1.0091458890093508e-41,6.2105616119845065e-06,3.4775128153113414e-10
2_trans_1128.csv,1,1,1,0.9992663751814477,0.9992663751814477,7.892165920818007e-31,4.624924879145423e-09,0.0007336201936272919
2_trans_1896.csv,1,1,1,0.9999981151338324,0.9999981151338324,5.009689363930691e-38,2.406630325811995e-09,1.8824595371182325e-06
2_trans_1882.csv,1,1,1,0.9999999985893051,0.9999999985893051,3.362994508637933e-46,1.1230107346755542e-10,1.2983939362285873e-09
2_trans_2435.csv,1,1,1,0.940743628449386,0.940743628449386,5.915271637280316e-09,1.9806509983678348e-05,0.05923655912535879
2_trans_320.csv,1,1,1,0.9999999902049322,0.9999999902049322,2.0026864580795606e-43,7.6634967587099e-09,2.1315710654851667e-09
2_trans_1672.csv,4,4,1,0.8237034728336752,0.17604484543475696,1.2353559101740856e-17,0.00025168173156779936,0.8237034728336752
2_trans_446.csv,1,1,1,0.9999813764862137,0.9999813764862137,1.5523350419715502e-33,6.523002455249389e-09,1.8616990783740952e-05
2_trans_1100.csv,1,1,1,0.999997664357247,0.999997664357247,5.025683267526135e-40,2.2447382926390477e-06,9.09044603638555e-08
2_trans_334.csv,4,4,1,0.8177567198763668,0.07569134976154646,2.7833626587211135e-05,0.10652409673549956,0.8177567198763668
2_trans_877.csv,3,3,1,0.8574388768944641,0.04040425157663371,2.4236157062131055e-05,0.8574388768944641,0.10213263537183997
2_trans_2804.csv,4,4,1,0.9851697182911057,0.013643511648562902,7.177736000526387e-05,0.001114992700326197,0.9851697182911057
2_trans_693.csv,1,1,1,0.9828132023506347,0.9828132023506347,3.0268891978240174e-19,0.004538056836649643,0.012648740812715845
2_trans_1458.csv,4,1,0,0.5862503778558639,0.5862503778558639,2.917999370910827e-11,0.00019990047779932873,0.4135497216371569
2_trans_2179.csv,4,2,0,0.5766036778967424,0.00040765556463724,0.5766036778967424,2.6370026139991708e-05,0.42296229651248046
2_trans_1470.csv,1,1,1,0.9999587701205657,0.9999587701205657,1.3321307320464408e-35,1.3515588796636113e-06,3.9878320554476185e-05
2_trans_136.csv,1,1,1,0.9999493435214812,0.9999493435214812,1.514410049409153e-31,4.8092255072432895e-05,2.5642234462580525e-06
2_trans_888.csv,1,1,1,0.9961061595269399,0.9961061595269399,6.842990869836536e-23,1.1907067220508998e-05,0.003881933405839329
2_trans_1538.csv,1,1,1,0.9999999998148572,0.9999999998148572,7.887261544302694e-54,1.5589564173454244e-13,1.8498684241142056e-10
2_trans_2757.csv,1,1,1,0.9517695166747393,0.9517695166747393,7.144895491285626e-21,0.04735401606017911,0.0008764672650816212
2_trans_2743.csv,1,1,1,0.9982980723326013,0.9982980723326013,1.5768417414190213e-19,0.0011838038159338682,0.0005181238514648335
2_trans_730.csv,4,4,1,0.8843589521382359,0.013434889980189704,0.0023785557501189232,0.09982760213145539,0.8843589521382359
2_trans_2019.csv,1,1,1,0.999999656202916,0.999999656202916,5.039633635830776e-46,8.67971773787866e-12,3.437884043328437e-07
2_trans_1921.csv,1,1,1,0.9999975877545999,0.9999975877545999,3.7728782501364585e-36,5.364448241686259e-07,1.8758005758109074e-06
2_trans_2582.csv,1,1,1,0.9992345400425426,0.9992345400425426,3.453088429249884e-28,0.0007532076231713086,1.2252334286125491e-05
2_trans_2233.csv,1,1,1,0.9999890874877574,0.9999890874877574,2.3045778771720945e-37,1.0802284893856793e-05,1.1022734882466637e-07
2_trans_1048.csv,1,1,1,0.9991620711437704,0.9991620711437704,1.0539121397511947e-22,0.00037928598531284904,0.00045864287091683213
2_trans_1706.csv,1,1,1,0.9999999999997762,0.9999999999997762,6.944557794847371e-61,1.3393232892981715e-13,8.995599584718023e-14
2_trans_1074.csv,1,1,1,0.9999999905717377,0.9999999905717377,2.632079410701188e-48,9.279461469117672e-09,1.4880064152172974e-10
2_trans_527.csv,1,1,1,0.9999957999573544,0.9999957999573544,3.432070868207651e-30,4.315326588195775e-08,4.156889379850769e-06
2_trans_241.csv,1,1,1,0.9994207387721336,0.9994207387721336,2.4505144830909805e-19,0.00011539875082332361,0.0004638624770432581
2_trans_1061.csv,1,1,1,0.9998115221984324,0.9998115221984324,1.0956601984178042e-30,0.00018841419895154442,6.360261612809542e-08
2_trans_255.csv,2,2,1,0.5063518755852393,0.0009858849584808928,0.5063518755852393,0.00013352424181058527,0.49252871521446917
2_trans_533.csv,4,4,1,0.8243354137495894,0.17488381435097167,2.763060202516535e-10,0.0007807716231329673,0.8243354137495894
2_trans_2226.csv,1,1,1,0.998089710740648,0.998089710740648,1.803494960800287e-25,4.8125041602916e-06,0.0019054767551915806
2_trans_1049.csv,1,1,1,0.9999925295419904,0.9999925295419904,1.691173476273051e-43,9.186947118056771e-12,7.47044882267786e-06
2_trans_2540.csv,1,1,1,0.9999999275757238,0.9999999275757238,4.979564134262673e-46,6.925443402182534e-08,3.169842073357722e-09
2_trans_269.csv,1,1,1,0.9999996961746881,0.9999996961746881,4.9580956836148236e-39,3.0279051064029383e-07,1.0348011715612875e-09
2_trans_2232.csv,1,1,1,0.5133717232158419,0.5133717232158419,7.710780535726965e-08,0.0029431139650511907,0.48368508571130164
2_trans_1934.csv,1,1,1,0.8487289452044537,0.8487289452044537,2.8417549272913523e-20,4.1354305840353074e-05,0.15122970048970588
2_trans_2018.csv,4,4,1,0.972257272742615,0.00026895685263869233,0.027168798027328703,0.0003049723774176357,0.972257272742615
2_trans_731.csv,1,1,1,0.9765456586474466,0.9765456586474466,6.595178461575632e-19,0.022622965851960233,0.0008313755005932203
2_trans_9.csv,1,1,1,0.5605031315056634,0.5605031315056634,7.571999331049662e-11,0.19982840510931213,0.2396684633093045
2_trans_719.csv,1,1,1,0.9961995737718528,0.9961995737718528,1.1680764893465037e-24,6.493435622533644e-07,0.0037997768845849543
2_trans_2030.csv,3,1,0,0.5225073760070116,0.5225073760070116,9.748300442768697e-09,0.4738221124779442,0.0036705017667436426
2_trans_1539.csv,1,1,1,0.9999984677898963,0.9999984677898963,5.098372685567605e-39,1.502195414098219e-06,3.001468948850322e-08
2_trans_2756.csv,1,1,1,0.9999999290557519,0.9999999290557519,1.6880873215944622e-49,7.094139706637302e-08,2.851002783858934e-12
2_trans_2965.csv,4,2,0,0.9850154542600696,0.0009476059842008257,0.9850154542600696,0.0015131431593539996,0.012523796596375505
2_trans_916.csv,1,1,1,0.999995369570199,0.999995369570199,4.196115283700952e-31,5.564213185338439e-11,4.630374158952478e-06
2_trans_1459.csv,1,1,1,0.9999999367540615,0.9999999367540615,8.297935010738873e-45,6.219045515994888e-08,1.05548342881288e-09
2_trans_2150.csv,1,1,1,0.9999256901278355,0.9999256901278355,1.2824529506279537e-32,7.26016330027407e-05,1.7082391616790672e-06
2_trans_2805.csv,2,2,1,0.897106369432968,3.724831113093457e-05,0.897106369432968,3.152780275774306e-05,0.10282485445314331
2_trans_876.csv,1,1,1,0.9999999993988999,0.9999999993988999,5.316411895723095e-51,1.1066938821959975e-11,5.90033028285179e-10
2_trans_335.csv,1,1,1,0.7541108060488249,0.7541108060488249,5.170687730475973e-16,0.0001230721309396013,0.2457661218202351
2_trans_1115.csv,1,1,1,0.9999875532673433,0.9999875532673433,2.1476239663698556e-34,1.2442874667523255e-05,3.857989259982134e-09
2_trans_447.csv,1,1,1,0.99999998507652,0.99999998507652,8.637739623212485e-46,5.0310951455834625e-11,1.4873169121769742e-08
2_trans_2352.csv,1,1,1,0.998539577478588,0.998539577478588,4.338054002619251e-31,4.5238255038622793e-07,0.0014599701388615914
2_trans_309.csv,4,4,1,0.8185023730324003,0.13794732201565826,4.535617288132372e-10,0.04355030449837966,0.8185023730324003
2_trans_1129.csv,1,1,1,0.9999938407937905,0.9999938407937905,5.274817184293436e-37,4.57075357156644e-13,6.159205752610615e-06
2_trans_2346.csv,1,1,1,0.9999958003938578,0.9999958003938578,7.550276791919394e-40,3.1538206460183425e-08,4.168067935828881e-06
2_trans_1868.csv,1,1,1,0.9998525364188225,0.9998525364188225,6.1495771925287325e-28,0.00014699213129158012,4.7144988583440835e-07
2_trans_2385.csv,1,1,1,0.9999756843090486,0.9999756843090486,3.263518134389614e-26,1.6199485101704847e-05,8.116205849797863e-06
2_trans_1854.csv,1,1,1,0.9996009896936802,0.9996009896936802,1.4519897244175296e-28,4.047800502417849e-05,0.00035853230129576075
2_trans_1842.csv,1,1,1,0.9994210028649199,0.9994210028649199,6.112209718328687e-27,1.0227068947503057e-05,0.0005687700661326292
2_trans_1856.csv,1,1,1,0.9999950320917497,0.9999950320917497,2.3896278849795354e-38,4.836235413135265e-06,1.316728373475047e-07
2_trans_2387.csv,4,4,1,0.8778359358603314,0.12215633570997356,2.647967780973558e-11,7.728403215341996e-06,0.8778359358603314
2_trans_486.csv,3,3,1,0.534880215404843,0.4650924523420042,2.9994515700881193e-21,0.534880215404843,2.7332253152776508e-05
2_trans_1881.csv,1,1,1,0.9999946847467778,0.9999946847467778,1.0386825798176108e-25,2.0388186554228256e-06,3.2764345667748623e-06
2_trans_2344.csv,1,1,1,0.9999572746329247,0.9999572746329247,3.4661723477279894e-35,4.829774264077528e-10,4.2724884097873394e-05
2_trans_1665.csv,1,1,1,0.9990711738980584,0.9990711738980584,4.669881640534521e-34,1.5879722964624592e-06,0.000927238129645072
2_trans_323.csv,1,1,1,0.9623002948121864,0.9623002948121864,5.362103287748029e-19,0.03768889328184341,1.0811905970090381e-05
2_trans_2185.csv,1,1,1,0.9999987909662886,0.9999987909662886,3.942062072673563e-37,1.0965271846975807e-06,1.12506526736616e-07
2_trans_684.csv,1,1,1,0.9940129775738303,0.9940129775738303,2.215926803332374e-19,6.678302672871397e-06,0.005980344123496675
2_trans_2152.csv,1,1,1,0.999898798090926,0.999898798090926,1.4844198955652203e-36,9.626694758430463e-05,4.934961489758272e-06
2_trans_2634.csv,1,1,1,0.9999808670513233,0.9999808670513233,2.3248576255611195e-27,1.521478774812809e-05,3.918160928522206e-06
2_trans_2620.csv,1,1,1,0.7934331408940482,0.7934331408940482,4.3887360884916344e-14,0.0007528849942717889,0.20581397411163618
2_trans_2146.csv,1,1,1,0.9589419754559457,0.9589419754559457,5.53914022868366e-24,0.004034815784666167,0.03702320875938792
2_trans_1467.csv,1,1,1,0.999999661908507,0.999999661908507,3.443997798947801e-48,2.102652879752847e-07,1.2782620493172467e-07
2_trans_2608.csv,1,1,1,0.9999999685056137,0.9999999685056137,5.116985914964459e-46,3.81465678244931e-13,3.149400490181118e-08
2_trans_900.csv,1,1,1,0.9962581261291477,0.9962581261291477,4.99850060410567e-24,4.6734179028562553e-07,0.003741406529062001
2_trans_2797.csv,1,1,1,0.9993477962738484,0.9993477962738484,3.215663902990786e-30,8.274229515101205e-08,0.0006521209838564578
2_trans_2967.csv,2,2,1,0.8479288918659316,0.000736629160990479,0.8479288918659316,0.000819619439894464,0.15051485953318353
2_trans_1513.csv,1,1,1,0.9999999217573962,0.9999999217573962,9.751272583426988e-40,2.5068739679852876e-09,7.573572971179804e-08
2_trans_2768.csv,1,1,1,0.9999989541682319,0.9999989541682319,1.3888848815025073e-36,4.1198588231596337e-07,6.338458856380537e-07
2_trans_733.csv,1,1,1,0.9999989433958316,0.9999989433958316,1.828010492863548e-44,1.056216519992129e-06,3.8764845905668464e-10
2_trans_2595.csv,1,1,1,0.9997600635618883,0.9997600635618883,1.1180454038281163e-24,4.132079223934202e-07,0.00023952323018920486
2_trans_294.csv,1,1,1,0.9999999983314034,0.9999999983314034,5.048321142668174e-46,1.6606872909769542e-09,7.909232701544537e-12
2_trans_519.csv,1,1,1,0.999911003182596,0.999911003182596,3.928403630679326e-37,2.247042835584453e-08,8.897434697551076e-05
2_trans_2556.csv,1,3,0,0.8376380564374643,0.16227148124970733,1.380694537089931e-13,0.8376380564374643,9.046231269031228e-05
2_trans_1077.csv,1,1,1,0.9966508517123676,0.9966508517123676,1.7646169205210017e-22,5.500737986721555e-05,0.0032941409077652103
2_trans_243.csv,1,1,1,0.9999999975857874,0.9999999975857874,4.7411182251707755e-43,2.1146783750448227e-09,2.995341118813327e-10
2_trans_2218.csv,1,1,1,0.9997915779521498,0.9997915779521498,5.461872671685241e-22,7.9885394285672e-06,0.00020043350842154417
2_trans_1711.csv,1,1,1,0.9999675063363207,0.9999675063363207,1.1978465473497476e-23,4.6751980986385676e-07,3.2026143869344004e-05
2_trans_1063.csv,1,1,1,0.999999999978255,0.999999999978255,5.10074703545951e-52,5.334497269242041e-13,2.1211756106975e-11
2_trans_1076.csv,1,1,1,0.9999994662059282,0.9999994662059282,7.311140756031388e-39,4.945629990327119e-07,3.923107269359763e-08
2_trans_2231.csv,1,1,1,0.9998435038235505,0.9998435038235505,2.12445749523102e-29,5.6381402442930955e-08,0.00015643979504707058
2_trans_295.csv,4,1,0,0.5817998514110351,0.5817998514110351,3.964727798791528e-13,0.019017343853429895,0.39918280473513856
2_trans_2594.csv,3,3,1,0.764541982062641,0.19053015333454276,5.884940838593613e-09,0.764541982062641,0.04492785871787532
2_trans_1937.csv,1,1,1,0.9999999799677266,0.9999999799677266,3.283449668225378e-45,1.5227094023135002e-08,4.805179490523716e-09
2_trans_1260.csv,1,1,1,0.994177710569257,0.994177710569257,1.0464545441724073e-22,0.005381761668038425,0.00044052776270470383
2_trans_1506.csv,1,1,1,0.9998661459389306,0.9998661459389306,6.284837020577524e-39,7.591586298864353e-11,0.0001338539851536902
2_trans_2755.csv,1,1,1,0.9999912772479035,0.9999912772479035,2.2640275390330645e-39,1.1492852853323172e-07,8.60782356806988e-06
2_trans_2027.csv,1,1,1,0.9959442038308367,0.9959442038308367,3.512124658147492e-24,0.003984962252481534,7.083391668182752e-05
2_trans_2966.csv,2,2,1,0.99989237651698,2.589203433387684e-08,0.99989237651698,6.388091512692333e-08,0.00010753371007038711
2_trans_2796.csv,1,1,1,0.795737868190285,0.795737868190285,1.471991190647975e-11,0.1391177503071841,0.06514438148781082
2_trans_120.csv,1,1,1,0.9999999713718196,0.9999999713718196,1.2442640770474589e-50,2.8564604215760273e-08,6.357606622438981e-11
2_trans_134.csv,1,1,1,0.9999999641156307,0.9999999641156307,9.993160053645365e-35,1.260450158546538e-11,3.587176474370101e-08
2_trans_2621.csv,1,1,1,0.9990558426987487,0.9990558426987487,1.8425922421510375e-32,0.0008627813992052545,8.13759020459145e-05
2_trans_2806.csv,2,2,1,0.7680035412344862,2.1130714265939796e-05,0.7680035412344862,1.97084924557566e-05,0.23195561955879207
2_trans_23.csv,4,3,0,0.3936586579673348,0.23478218738071346,5.8491503139826725e-12,0.3936586579673348,0.3715591546461025
2_trans_1116.csv,1,1,1,0.9873573292469598,0.9873573292469598,1.3161823616313559e-12,0.004424860665752783,0.008217810085971385
2_trans_2437.csv,1,1,1,0.9999999203272848,0.9999999203272848,1.447501266797384e-36,6.965883548111387e-08,1.0013879563386309e-08
2_trans_2351.csv,1,1,1,0.9987829398185655,0.9987829398185655,9.2750134261394e-19,0.0008909609090008217,0.00032609927243366037
2_trans_493.csv,4,4,1,0.8448378745602116,0.1546190516356215,1.2641915877790415e-08,0.000543061162251051,0.8448378745602116
2_trans_1857.csv,1,1,1,0.9999944066189899,0.9999944066189899,5.1878211706913065e-33,2.437334637496366e-07,5.3496475465550555e-06
2_trans_1603.csv,1,1,1,0.7491102205629311,0.7491102205629311,5.966211836731187e-10,0.040690373076858556,0.21019940576358923
2_trans_1617.csv,1,1,1,0.9763244968435679,0.9763244968435679,3.4238623973477175e-19,0.0012374148975985758,0.02243808825883347
2_trans_1171.csv,1,1,1,0.9999673727243511,0.9999673727243511,2.872816511173138e-38,4.954127449562376e-09,3.262232152134057e-05
2_trans_1159.csv,4,1,0,0.5070118568146812,0.5070118568146812,1.2823352698052366e-12,0.0038882039105983704,0.48909993927343803
2_trans_2450.csv,1,1,1,0.9995608961624199,0.9995608961624199,3.555194671757287e-30,0.00043910067786683937,3.1597130888224467e-09
2_trans_2444.csv,1,1,1,0.9945365072699373,0.9945365072699373,1.2904016103388028e-20,0.0021447169490489662,0.0033187757810138946
2_trans_190.csv,1,1,1,0.9999999934626387,0.9999999934626387,5.508384123139223e-42,4.58547510838029e-09,1.951886193274939e-09
2_trans_2875.csv,4,4,1,0.9683768544865868,0.0005164219127265535,0.031087214660510874,1.9508940175725487e-05,0.9683768544865868
2_trans_50.csv,4,4,1,0.6666406808451323,0.2589607892392148,2.8963289687250776e-10,0.07439852962602,0.6666406808451323
2_trans_2691.csv,1,1,1,0.9999647996298469,0.9999647996298469,5.301003139331897e-23,2.61633845452697e-05,9.03698560771429e-06
2_trans_2685.csv,1,1,1,0.9994846939316995,0.9994846939316995,6.231661404163111e-29,0.00011959778962033684,0.0003957082786800957
2_trans_635.csv,1,1,1,0.9381869137676442,0.9381869137676442,1.2061210486776602e-12,0.006691765445681117,0.0551213207854685
2_trans_147.csv,1,1,1,0.9999999932237464,0.9999999932237464,1.052608942124075e-40,4.926985607902715e-10,6.283554884929532e-09
2_trans_1429.csv,1,1,1,0.9990020492736281,0.9990020492736281,2.7374403939188003e-18,0.0009468604672460846,5.109025912563112e-05
2_trans_2901.csv,2,4,0,0.8359148187426906,0.0005974269578206253,0.16316938550502327,0.0003183687944654747,0.8359148187426906
2_trans_966.csv,1,1,1,0.9999967744169628,0.9999967744169628,1.9586950618212316e-52,3.225580168508752e-06,2.8687403822090377e-12
2_trans_2929.csv,2,2,1,0.9637026906013529,1.7934876468822373e-06,0.9637026906013529,5.873174666872749e-07,0.03629492859353339
2_trans_2097.csv,1,1,1,0.994164697219869,0.994164697219869,1.4518192691233486e-30,0.005833634352176469,1.66842795465764e-06
2_trans_999.csv,1,1,1,0.9990150391008882,0.9990150391008882,2.3525880555658183e-22,2.717756165678537e-05,0.0009577833374552095
2_trans_2726.csv,1,1,1,0.9999994412039269,0.9999994412039269,2.3154294541327257e-43,5.584756321435493e-07,3.204410924140678e-10
2_trans_2054.csv,1,1,1,0.999993165343158,0.999993165343158,4.2457871783621603e-41,6.808738727414427e-06,2.5918114587390678e-08
2_trans_1944.csv,3,3,1,0.46398712364040584,0.31451455317192906,0.09004034960317206,0.46398712364040584,0.13145797358449313
2_trans_2518.csv,1,1,1,0.9999687536401799,0.9999687536401799,2.8142885420576464e-31,7.3476114793157425e-09,3.123901220874132e-05
2_trans_1011.csv,4,4,1,0.9739087271181128,0.026090277955262555,2.0882325825723173e-14,9.949266037054849e-07,0.9739087271181128
2_trans_1005.csv,1,1,1,0.49480606269119987,0.49480606269119987,2.0516693714985844e-12,0.06687519460224321,0.4383187427045053
2_trans_1993.csv,1,1,1,0.9999801530842473,0.9999801530842473,2.446615937037445e-28,1.6625903663437734e-05,3.2210120892653677e-06
2_trans_218.csv,1,1,1,0.9846782494247209,0.9846782494247209,8.2702092044538785e-22,0.0001775588679707147,0.015144191707308368
2_trans_1992.csv,1,1,1,0.9991789451531274,0.9991789451531274,6.855609171844087e-29,0.0008209798170750984,7.502979752771812e-08
2_trans_2243.csv,1,1,1,0.9999978486026646,0.9999978486026646,1.2209806983536806e-31,2.096818132031932e-09,2.1493005171611205e-06
2_trans_1762.csv,1,1,1,0.9999279625204253,0.9999279625204253,2.917582462954246e-29,1.0633870433133443e-05,6.140360914151983e-05
2_trans_1004.csv,3,3,1,0.797383344200633,0.20193492788530748,1.1010696285856508e-16,0.797383344200633,0.0006817279140596276
2_trans_1951.csv,1,1,1,0.9999809054482224,0.9999809054482224,2.1944966960071073e-26,4.970546731276436e-08,1.9044846310191878e-05
2_trans_2055.csv,1,1,1,0.9999999508274491,0.9999999508274491,6.831065419368133e-48,4.9120003573876445e-08,5.254736378291116e-11
2_trans_2041.csv,1,1,1,0.9991886800013509,0.9991886800013509,2.903841311873961e-27,1.3128388804712e-05,0.0007981916098445482
2_trans_1206.csv,1,3,0,0.9093467037070835,0.07434910505674067,1.1887585068049624e-16,0.9093467037070835,0.016304191236175734
2_trans_754.csv,1,1,1,0.999512765803201,0.999512765803201,1.1102184384920189e-26,0.00048623012833526764,1.00406846367964e-06
2_trans_2069.csv,1,1,1,0.9999999745514505,0.9999999745514505,1.6322002025224057e-45,5.383926818836094e-10,2.4910156962167746e-08
2_trans_740.csv,1,1,1,0.9938381143363524,0.9938381143363524,1.3436308709196355e-23,0.005728915935297094,0.00043296972835056287
2_trans_998.csv,4,4,1,0.993088353449783,0.0035078163096673065,1.5171623767194793e-10,0.003403830088833519,0.993088353449783
2_trans_973.csv,1,1,1,0.9994485606853127,0.9994485606853127,7.532963463342237e-29,7.441925634420111e-05,0.00047702005834303834
2_trans_2082.csv,1,1,1,0.9992177649136026,0.9992177649136026,8.885918182060126e-34,0.0007822248319624747,1.025443482437643e-08
2_trans_967.csv,1,1,1,0.9994872703939296,0.9994872703939296,9.379073380316575e-32,0.00045834090661598753,5.438869945448453e-05
2_trans_783.csv,3,3,1,0.9600354387991705,0.03992946496652208,1.2230185514805657e-15,0.9600354387991705,3.509623430598063e-05
2_trans_2121.csv,1,1,1,0.9999977352067665,0.9999977352067665,5.186535877798365e-38,2.2645628702837023e-06,2.303632481619337e-10
2_trans_2135.csv,1,1,1,0.999999999998072,0.999999999998072,4.1227067103443135e-61,1.7822166293184861e-12,1.4579937764145004e-13
2_trans_608.csv,1,1,1,0.9999999998844367,0.9999999998844367,8.021741449959646e-49,6.959400114205072e-12,1.0860395298537053e-10
2_trans_620.csv,1,1,1,0.9999994869345904,0.9999994869345904,5.884445557284765e-44,5.125382089863366e-07,5.272005912681767e-10
2_trans_79.csv,1,1,1,0.9980877823048252,0.9980877823048252,1.7274305710335734e-14,0.00035864797793058284,0.0015535697172269045
2_trans_2848.csv,2,2,1,0.9208570555648127,0.00037231853628066333,0.9208570555648127,9.014482917083941e-05,0.07868048106973596
2_trans_51.csv,4,4,1,0.977506305394344,0.020866848464411367,0.0008009662489857626,0.0008258798922588362,0.977506305394344
2_trans_45.csv,1,1,1,0.9999990406252994,0.9999990406252994,3.94481298649621e-39,9.593380553350159e-07,3.6645397153190485e-11
2_trans_2445.csv,1,1,1,0.9999999578358703,0.9999999578358703,1.0886463340380273e-39,1.0840304414401594e-09,4.108009940469098e-08
2_trans_378.csv,1,1,1,0.9994303880434987,0.9994303880434987,2.9398705367532973e-28,1.529517749956705e-05,0.0005543167790016956
2_trans_1158.csv,1,1,1,0.9999999307398156,0.9999999307398156,2.5015593376085587e-47,1.2671776218386586e-08,5.6588407994373016e-08
2_trans_344.csv,1,1,1,0.9982002799406616,0.9982002799406616,2.0001643599020005e-26,1.1287481161976295e-06,0.0017985913112221797
2_trans_1170.csv,1,1,1,0.9693231635386502,0.9693231635386502,2.509151969407049e-21,0.029810817976808266,0.0008660184845416111
2_trans_1825.csv,4,4,1,0.9949968368474169,0.0030597393215785573,0.0010231429939238804,0.0009202808370806255,0.9949968368474169
2_trans_387.csv,1,1,1,0.9999975298915299,0.9999975298915299,1.9508645963775875e-37,1.608548176915698e-08,2.4540229883109827e-06
2_trans_385.csv,1,1,1,0.9999999844591232,0.9999999844591232,2.9090656955367946e-38,2.6403162222111484e-09,1.2900560647169713e-08
2_trans_1833.csv,1,1,1,0.9999743207771796,0.9999743207771796,2.999358752089345e-34,2.3855663634613504e-05,1.8235591855424298e-06
2_trans_1199.csv,1,1,1,0.9999999993973636,0.9999999993973636,3.443098056112696e-54,2.376854194121052e-10,3.649508536305276e-10
2_trans_346.csv,1,1,1,0.9999980405479995,0.9999980405479995,1.692268141529255e-35,8.163349652071735e-07,1.143117035278808e-06
2_trans_420.csv,1,1,1,0.9999818119065724,0.9999818119065724,9.371982288790932e-39,7.124385980120984e-09,1.8180969041476828e-05
2_trans_2309.csv,1,1,1,0.9999996773644251,0.9999996773644251,5.631080894937311e-50,3.2177164680548015e-07,8.639281060780796e-10
2_trans_805.csv,1,1,1,0.9985216821468695,0.9985216821468695,2.240338575114703e-21,0.0010628207490226893,0.00041549710410776003
2_trans_2679.csv,1,1,1,0.9998252505693463,0.9998252505693463,3.307048902335446e-33,1.7773414345300395e-11,0.0001747494128802395
2_trans_144.csv,1,1,1,0.999999668215003,0.999999668215003,4.9663644585400084e-42,4.5199782807743895e-10,3.313329993482367e-07
2_trans_1370.csv,1,1,1,0.9948518283289155,0.9948518283289155,2.5317625083439828e-20,0.00011801051631191301,0.005030161154772602
2_trans_150.csv,1,1,1,0.9999929986864782,0.9999929986864782,8.431509376894898e-26,2.0858715691178963e-06,4.915441952766466e-06
2_trans_636.csv,1,1,1,0.999976352559123,0.999976352559123,4.767060585922046e-45,2.3630988352519373e-05,1.645252440573185e-08
2_trans_2645.csv,1,1,1,0.9999249301773566,0.9999249301773566,1.7382407039468702e-30,2.5881815499548016e-05,4.918800714391719e-05
2_trans_178.csv,1,1,1,0.999982703368685,0.999982703368685,8.037196503160162e-26,1.0571254226212662e-06,1.6239505892442268e-05
2_trans_795.csv,1,1,1,0.9975992926448118,0.9975992926448118,7.693616963164036e-19,0.001543485125376864,0.0008572222298111801
2_trans_2080.csv,1,1,1,0.9996947857600978,0.9996947857600978,4.030882180200926e-35,0.00030512774460542103,8.649529673494412e-08
2_trans_1562.csv,4,4,1,0.5778547419717908,0.42212889517864405,4.417402665249569e-12,1.636284514776625e-05,0.5778547419717908
2_trans_1576.csv,1,1,1,0.9999984326543129,0.9999984326543129,1.4614635650254005e-38,1.0000054785350707e-07,1.4673451393163923e-06
2_trans_2731.csv,1,1,1,0.9999999954515555,0.9999999954515555,3.245946975998834e-53,4.521416495048723e-09,2.702782769244216e-11
2_trans_232.csv,1,1,1,0.9991332643803463,0.9991332643803463,2.1587996548818467e-35,0.0008666806902212177,5.492943256121915e-08
2_trans_1990.csv,4,4,1,0.9533044281306315,0.04561844270508208,1.4337051654140794e-13,0.0010771291641429655,0.9533044281306315
2_trans_1991.csv,1,3,0,0.8254592702906711,0.1739803350453958,5.874297377988831e-16,0.8254592702906711,0.0005603946639325493
2_trans_2526.csv,1,1,1,0.999999238740747,0.999999238740747,6.1180222085027816e-30,4.559603851830013e-07,3.052988678877584e-07
2_trans_2532.csv,3,4,0,0.9941448416950209,0.0012775074038435226,2.0403147626424023e-07,0.0045774468696592255,0.9941448416950209
2_trans_2254.csv,1,1,1,0.9999981163660014,0.9999981163660014,5.141891731943821e-34,5.716372154057724e-11,1.8835768349075806e-06
2_trans_227.csv,1,1,1,0.7328401628480307,0.7328401628480307,7.455001234014423e-13,0.002314612624591236,0.2648452245266327
2_trans_1007.csv,1,1,1,0.9944141956883715,0.9944141956883715,3.790201636703871e-12,0.002779068040426191,0.0028067362674121243
2_trans_1761.csv,1,1,1,0.99999486044991,0.99999486044991,6.945472412707473e-36,5.1312424589180784e-06,8.307631033963861e-09
2_trans_596.csv,1,1,1,0.9996997366517599,0.9996997366517599,8.220042952056759e-26,6.0615577854687645e-05,0.0002396477703853497
2_trans_757.csv,1,1,1,0.9983317995063242,0.9983317995063242,3.1109147594038496e-20,0.0016065949205005946,6.160557317505733e-05
2_trans_1205.csv,1,1,1,0.9999956338581751,0.9999956338581751,3.981426919045987e-32,6.544644297565892e-07,3.711677395036452e-06
2_trans_1588.csv,1,1,1,0.994701634526383,0.994701634526383,5.003047700417311e-27,0.005283976290854622,1.4389182762418401e-05
2_trans_780.csv,1,1,1,0.9992236702956914,0.9992236702956914,1.2783238734997115e-23,0.0005506285203890085,0.00022570118391959247
2_trans_2917.csv,2,2,1,0.9920956325016066,2.0200900055793276e-05,0.9920956325016066,2.536590359129855e-06,0.007881630007978476
2_trans_2650.csv,1,1,1,0.7169717147607386,0.7169717147607386,1.364932345023547e-26,0.28301496708577173,1.3318153489638809e-05
2_trans_2136.csv,1,1,1,0.9999984853934017,0.9999984853934017,1.6330747711752035e-35,1.5044696370540268e-06,1.0136961340430493e-08
2_trans_179.csv,3,3,1,0.9976660324663794,0.002265217332330143,1.6372503357998077e-13,0.9976660324663794,6.87502011266806e-05
2_trans_1403.csv,1,1,1,0.9999960054929764,0.9999960054929764,1.0644493308801069e-33,3.063733030926845e-07,3.68813372046883e-06
2_trans_91.csv,1,1,1,0.9999999873910875,0.9999999873910875,4.429953546743349e-45,1.1925878417600456e-08,6.830341451934173e-10
2_trans_145.csv,1,1,1,0.9999999918226986,0.9999999918226986,6.471177188692134e-54,8.161904127873664e-09,1.539723356461883e-11
2_trans_2693.csv,1,1,1,0.9999942308772582,0.9999942308772582,1.7958856748691157e-36,1.344978910876622e-10,5.768988243924996e-06
2_trans_804.csv,1,1,1,0.9999978600443289,0.9999978600443289,6.149750082153692e-31,2.0467489120984877e-06,9.320675916841803e-08
2_trans_2687.csv,1,1,1,0.9999905589087842,0.9999905589087842,1.2066390380635068e-36,4.449169712357087e-06,4.991921503607376e-06
2_trans_192.csv,1,1,1,0.8974794323310463,0.8974794323310463,2.080606188674226e-15,0.016088441929335513,0.08643212573961616
2_trans_435.csv,1,1,1,0.9999999728923407,0.9999999728923407,7.167305781249075e-48,1.8756013959515184e-08,8.351645456631498e-09
2_trans_2308.csv,1,1,1,0.9999999985357162,0.9999999985357162,6.040156288231488e-45,1.3875408649128567e-09,7.674273243711241e-11
2_trans_353.csv,1,1,1,0.999776995340175,0.999776995340175,9.964554163456716e-21,7.812268437885791e-05,0.00014488197544631118
2_trans_347.csv,1,1,1,0.9999999025366522,0.9999999025366522,1.9800677651538432e-42,9.066498325551452e-08,6.7983645376681055e-09
2_trans_1826.csv,1,1,1,0.9999833709290855,0.9999833709290855,9.873144776755588e-38,1.658322051688826e-05,4.585039759688701e-08
2_trans_1832.csv,1,1,1,0.999988115010143,0.999988115010143,4.739691462628135e-24,7.1673156545449245e-06,4.717674202566332e-06
2_trans_2481.csv,1,1,1,0.9983041302820378,0.9983041302820378,5.387108107774211e-29,0.0014954182531399327,0.00020045146482217525
2_trans_394.csv,1,1,1,0.9999145979838577,0.9999145979838577,3.402090595942654e-34,8.539245890186125e-05,9.557240574347676e-09
2_trans_2442.csv,1,1,1,0.9955935688309123,0.9955935688309123,2.9684721065860645e-17,0.004122449217226467,0.0002839819518611588
2_trans_2318.csv,1,3,0,0.9309512188737363,0.06896937854897772,8.896062505329228e-20,0.9309512188737363,7.940257728579752e-05
2_trans_357.csv,1,1,1,0.9999834846839187,0.9999834846839187,3.26891299703907e-41,1.643327350706322e-05,8.204257425148794e-08
2_trans_1163.csv,1,1,1,0.999999993328464,0.999999993328464,2.0741080377022697e-42,4.632392963118996e-09,2.0391430221985305e-09
2_trans_182.csv,1,1,1,0.9999999999873532,0.9999999999873532,9.342149533720112e-47,1.5535080274310394e-15,1.264528308945253e-11
2_trans_196.csv,1,1,1,0.9631984872672198,0.9631984872672198,5.068915399440061e-29,0.03680124888012128,2.6385265883808513e-07
2_trans_2640.csv,1,1,1,0.9999998535616105,0.9999998535616105,1.2644568974350256e-43,1.4643595560639575e-07,2.43385334994601e-12
2_trans_2126.csv,1,1,1,0.9997856042815458,0.9997856042815458,1.2636140984521236e-19,0.00017596724940962844,3.84284690444998e-05
2_trans_141.csv,4,4,1,0.8317808100297641,0.16749360649285658,1.0268262773942764e-12,0.0007255834763525309,0.8317808100297641
2_trans_1407.csv,4,3,0,0.5681527122041344,0.4175082342898769,2.188858986930872e-19,0.5681527122041344,0.014339053505988741
2_trans_81.csv,4,4,1,0.5818841698983841,0.0010447377364967753,0.4128397280499362,0.0042313643151830555,0.5818841698983841
2_trans_155.csv,3,3,1,0.7007403843192507,0.29924856909089964,5.426114673931363e-16,0.7007403843192507,1.1046589849045259e-05
2_trans_2091.csv,1,1,1,0.9980007504575364,0.9980007504575364,3.815648185139347e-21,0.0005728845705885606,0.0014263649718748823
2_trans_974.csv,1,1,1,0.9999960053117875,0.9999960053117875,1.347497721876293e-39,3.864418365055992e-06,1.302698473653064e-07
2_trans_2085.csv,1,1,1,0.9999996400656609,0.9999996400656609,1.8106752535782239e-37,3.059597546083682e-07,5.397458448906714e-08
2_trans_2913.csv,4,2,0,0.9624476008891446,0.00011150405726189638,0.9624476008891446,9.669727494618631e-05,0.03734419777864729
2_trans_948.csv,1,1,1,0.9890990467024794,0.9890990467024794,2.110492059242184e-21,0.010811978699549732,8.897459797092403e-05
2_trans_784.csv,1,1,1,0.9999938152199565,0.9999938152199565,1.507781231997497e-34,6.083351703495808e-06,1.0142834003425106e-07
2_trans_2734.csv,4,4,1,0.9951746034254149,0.004823069767790089,5.310443168309262e-15,2.3268067897117278e-06,0.9951746034254149
2_trans_2708.csv,1,1,1,0.9915616833198133,0.9915616833198133,6.350334313377291e-23,0.0006624929794169575,0.007775823700769784
2_trans_1215.csv,1,1,1,0.9999999821369577,0.9999999821369577,2.2407348677417312e-44,5.068388290006493e-09,1.2794654068014961e-08
2_trans_2293.csv,1,1,1,0.9999999313754986,0.9999999313754986,1.6254382532534248e-38,6.829150557999828e-08,3.329958470884166e-10
2_trans_1956.csv,1,1,1,0.9999225404543811,0.9999225404543811,1.0739706625720668e-17,2.2489206684456138e-05,5.497033893443673e-05
2_trans_586.csv,1,1,1,0.9999999995292645,0.9999999995292645,2.9518820474478947e-53,4.6341403626183186e-10,7.321403535202095e-12
2_trans_2522.csv,4,4,1,0.9891373711225171,0.010855217488350184,1.867011540200953e-15,7.411389130873453e-06,0.9891373711225171
2_trans_1995.csv,1,1,1,0.9938746325348753,0.9938746325348753,8.336969580717715e-25,0.006096773556171636,2.8593908952985465e-05
2_trans_1003.csv,1,1,1,0.9999999997243905,0.9999999997243905,5.166089154221408e-47,1.7398749128474385e-11,2.582107902734121e-10
2_trans_1771.csv,1,1,1,0.9996257149218724,0.9996257149218724,3.202148190641515e-29,4.275932573561188e-07,0.00037385748487034473
2_trans_2278.csv,4,4,1,0.9662698336986123,0.0064554927767308855,0.025607387075607495,0.0016672864490491815,0.9662698336986123
2_trans_550.csv,1,1,1,0.7629515570837235,0.7629515570837235,1.1434395405959537e-08,0.0003847746993206922,0.23666365678256043
2_trans_1994.csv,1,1,1,0.967212668963643,0.967212668963643,4.365407670534157e-15,9.043866606896633e-05,0.03269689237028363
2_trans_578.csv,1,3,0,0.8290773195978401,0.07339235289363791,3.494379225537105e-07,0.8290773195978401,0.09752997807059943
2_trans_2251.csv,3,4,0,0.6789030979297314,0.1072313367236652,3.936300479350445e-05,0.21382620234180988,0.6789030979297314
2_trans_1980.csv,1,1,1,0.998073445518162,0.998073445518162,3.931037679899019e-25,0.0018508121296824946,7.574235215561482e-05
2_trans_1758.csv,1,1,1,0.9809123517600686,0.9809123517600686,7.886838677585918e-31,0.019087328542422063,3.196975093752536e-07
2_trans_2537.csv,1,1,1,0.9944789629421582,0.9944789629421582,6.373507198164584e-37,0.0055205396783683655,4.97379473376492e-07
2_trans_593.csv,1,1,1,0.999997661169216,0.999997661169216,7.189568159558847e-39,2.334917123784621e-06,3.913660226848842e-09
2_trans_752.csv,4,4,1,0.6359658235151622,0.3571601356959473,6.492459353077962e-13,0.0068740407882412775,0.6359658235151622
2_trans_2053.csv,1,1,1,0.9825593625851221,0.9825593625851221,4.020450828294443e-23,5.749853370796301e-08,0.017440579916344158
2_trans_785.csv,1,1,1,0.9998864537541544,0.9998864537541544,5.508260213925581e-31,3.06265761938259e-13,0.00011354624553945658
2_trans_2912.csv,2,2,1,0.9925477102012439,1.997174632268738e-06,0.9925477102012439,6.348539761386871e-07,0.00744965777014784
2_trans_2084.csv,1,3,0,0.9969093742172903,0.0030900318278719503,1.3887034500935577e-20,0.9969093742172903,5.939548376320318e-07
2_trans_1406.csv,3,1,0,0.8001939780941699,0.8001939780941699,1.136457163845233e-22,0.1993525929124505,0.00045342899337976513
2_trans_154.csv,1,1,1,0.9999972521886674,0.9999972521886674,1.3261192708871492e-44,1.7112444957513234e-11,2.747794220025823e-06
2_trans_626.csv,1,1,1,0.969205326132591,0.969205326132591,1.190585762891782e-17,0.018543517545761633,0.012251156321647333
2_trans_94.csv,1,1,1,0.9999999901551712,0.9999999901551712,2.0291104523043635e-34,5.778322687594629e-09,4.066506147648436e-09
2_trans_2133.csv,1,1,1,0.9999999898102808,0.9999999898102808,4.071047723624216e-33,2.1458776700254078e-10,9.975131525887129e-09
2_trans_2655.csv,1,1,1,0.8141438698838268,0.8141438698838268,1.7319912753813817e-26,0.18583761972630738,1.8510389865741823e-05
2_trans_2899.csv,2,2,1,0.9481086885753525,4.3828093128100786e-05,0.9481086885753525,3.5173525447562844e-05,0.051812309806071814
2_trans_829.csv,1,1,1,0.9999802008591727,0.9999802008591727,6.186945596993523e-31,1.9439416122200883e-07,1.9604746665972426e-05
2_trans_43.csv,1,1,1,0.99999986322124,0.99999986322124,2.1066257619335434e-45,1.9123946901890925e-10,1.3658752054311457e-07
2_trans_197.csv,1,1,1,0.9999999376433283,0.9999999376433283,2.237359916798128e-51,6.157875317230215e-08,7.779185316205518e-10
2_trans_2696.csv,1,1,1,0.9999823054619315,0.9999823054619315,1.901711984636598e-43,1.7694421080853153e-05,1.169876502126234e-10
2_trans_1604.csv,1,1,1,0.9414415368223211,0.9414415368223211,2.2773129448526334e-21,0.058550975420100855,7.487757578042893e-06
2_trans_424.csv,1,1,1,0.9999999968386062,0.9999999968386062,4.314721846316294e-53,4.4034243205214025e-12,3.1569904867986814e-09
2_trans_2319.csv,1,1,1,0.9999991708157848,0.9999991708157848,7.400595848096027e-40,3.4720692947964286e-09,8.257121459540039e-07
2_trans_342.csv,1,1,1,0.9999758319772754,0.9999758319772754,8.250430072053406e-43,2.4163933572418246e-05,4.089152200948818e-09
2_trans_418.csv,1,1,1,0.9833964038066831,0.9833964038066831,1.0484482207292716e-20,1.718080704664682e-05,0.016586415386270162
2_trans_1823.csv,1,1,1,0.9999987326436649,0.9999987326436649,1.6705511702643737e-48,1.2673473615058712e-06,8.973368458753788e-12
2_trans_2480.csv,4,4,1,0.9644810435408421,0.020661606010919244,3.363501297878666e-05,0.014823715435259992,0.9644810435408421
2_trans_1189.csv,1,1,1,0.9999999458436284,0.9999999458436284,1.2416995823681835e-36,2.630535305629063e-12,5.4153741050598793e-08
2_trans_1821.csv,1,1,1,0.9999999997993925,0.9999999997993925,2.5174108125687758e-52,4.805125724441496e-12,1.958024366675594e-10
2_trans_2482.csv,1,1,1,0.99999895454831,0.99999895454831,1.4614201712940369e-36,1.1117558733042824e-08,1.0343341311575554e-06
2_trans_397.csv,1,1,1,0.9999998684875715,0.9999998684875715,1.452589606600642e-44,1.1164041238563172e-08,1.203483872318204e-07
2_trans_2455.csv,1,1,1,0.9999998698808797,0.9999998698808797,6.356588388975448e-33,1.330164028870502e-09,1.2878895639142473e-07
2_trans_1160.csv,1,1,1,0.9999987909286238,0.9999987909286238,5.2313430511914017e-36,1.1932742858572897e-06,1.5797090201620217e-08
2_trans_426.csv,1,1,1,0.9999999941709194,0.9999999941709194,1.0737861118787823e-49,3.66513339689936e-09,2.1639472741257103e-09
2_trans_69.csv,4,1,0,0.9306235156426458,0.9306235156426458,5.711580528357782e-18,0.00013817810671225796,0.06923830625064202
2_trans_803.csv,1,1,1,0.9999994835063438,0.9999994835063438,1.6362199901397503e-42,1.7454090192122074e-07,3.419527543239472e-07
2_trans_2680.csv,1,1,1,0.9999973822356374,0.9999973822356374,1.8507432954784827e-28,7.165715626158647e-09,2.6105986469681023e-06
2_trans_2870.csv,2,2,1,0.9996363263267934,8.73299700791317e-07,0.9996363263267934,2.675043397247762e-06,0.0003601253301084365
2_trans_195.csv,1,1,1,0.9997316793741172,0.9997316793741172,2.877770233384842e-40,0.0002683129779812946,7.64790135973397e-09
2_trans_2125.csv,1,1,1,0.999931860784765,0.999931860784765,1.999733774789509e-24,8.436555778764662e-06,5.970265945607387e-05
2_trans_1362.csv,1,1,1,0.9959316612077646,0.9959316612077646,3.1643614376379556e-31,0.004066486498585651,1.8522936499201452e-06
2_trans_156.csv,1,1,1,0.9558769201762326,0.9558769201762326,1.1037356787250525e-06,0.021717178009916478,0.022404798078172267
2_trans_82.csv,1,1,1,0.9999999473731142,0.9999999473731142,1.2968918045601005e-45,4.847373970311618e-08,4.153146081768316e-09
2_trans_1376.csv,1,1,1,0.9999814486591078,0.9999814486591078,1.5045091361554066e-34,7.986472023751334e-08,1.8471476171876994e-05
2_trans_977.csv,1,1,1,0.9943282406216792,0.9943282406216792,4.109855479261463e-16,0.0006525075947788643,0.005019251783541682
2_trans_787.csv,1,1,1,0.8658744902146868,0.8658744902146868,6.587798630725886e-23,1.556865985265005e-06,0.13412395291932813
2_trans_1216.csv,1,1,1,0.9999999980309462,0.9999999980309462,3.4252617423072906e-50,2.719775027608583e-10,1.6970763320574745e-09
2_trans_1564.csv,1,1,1,0.9791660524821741,0.9791660524821741,5.1491347184961e-16,0.00026227019995982435,0.020571677317865508
2_trans_750.csv,1,1,1,0.9999999751562183,0.9999999751562183,1.3816792415645974e-40,1.8022213872929387e-08,6.821567772439264e-09
2_trans_2290.csv,1,1,1,0.9995228217293025,0.9995228217293025,1.0398317860082974e-34,0.000469630625358344,7.547645339164246e-06
2_trans_1799.csv,1,1,1,0.9999999287639747,0.9999999287639747,3.060045485272443e-37,6.991083053339885e-09,6.42449423837689e-08
2_trans_591.csv,1,1,1,0.9995362033698579,0.9995362033698579,3.280385702813091e-31,0.0004632570879134939,5.395422286275717e-07
2_trans_1014.csv,1,1,1,0.9999999999992575,0.9999999999992575,9.345271570946116e-57,1.972048367596984e-15,7.404173045598318e-13
2_trans_1767.csv,1,1,1,0.9999997494542398,0.9999997494542398,2.0446058720512433e-35,2.2378581803140604e-07,2.6759942316806678e-08
2_trans_547.csv,1,1,1,0.999953017788488,0.999953017788488,9.02599027301824e-37,4.693437507096533e-05,4.7836441093665324e-08
2_trans_1773.csv,1,1,1,0.9990501993601653,0.9990501993601653,1.0150105467201796e-32,0.0009497089314335922,9.170840106728376e-08
2_trans_221.csv,1,1,1,0.9999892885423017,0.9999892885423017,1.3579751644760589e-33,1.0691406613355096e-05,2.0051085040387275e-08
2_trans_209.csv,1,1,1,0.9997805740739663,0.9997805740739663,7.036292332764332e-34,0.00010284105006139818,0.00011658487597237762
2_trans_1997.csv,1,1,1,0.7945511927292945,0.7945511927292945,8.456483370039981e-17,7.517022832335482e-06,0.2054412902478731
2_trans_590.csv,1,1,1,0.9122362721137796,0.9122362721137796,5.1280651011878694e-23,0.016676438663459605,0.07108728922276093
2_trans_1954.csv,1,1,1,0.9803430703549534,0.9803430703549534,9.19201626824619e-23,1.2152042739542895e-08,0.019656917493003884
2_trans_1565.csv,3,3,1,0.9594552924196414,0.025849598454546225,8.905951767007319e-10,0.9594552924196414,0.014695108235217125
2_trans_1217.csv,1,1,1,0.9999851999851017,0.9999851999851017,7.502878535915882e-37,1.4758231238267719e-05,4.178366005309771e-08
2_trans_745.csv,1,1,1,0.7973703293200562,0.7973703293200562,8.639343131270286e-10,0.1844635661840903,0.018166103631919096
2_trans_2078.csv,1,1,1,0.9999999997492619,0.9999999997492619,7.024310582799436e-53,7.852441665677022e-11,1.7221354027469564e-10
2_trans_2911.csv,2,2,1,0.9880393064092421,1.3273994565541924e-06,0.9880393064092421,1.699126700610338e-06,0.011957667064600856
2_trans_2905.csv,2,2,1,0.8945139779114144,0.004548716611483691,0.8945139779114144,0.0025948946860513797,0.09834241079105067
2_trans_786.csv,1,1,1,0.9999987787438092,0.9999987787438092,7.63999691845188e-37,8.332131472493209e-08,1.1379348760721827e-06
2_trans_625.csv,1,1,1,0.9999997003811921,0.9999997003811921,1.150713173358192e-41,1.7426194789479934e-09,2.978761883932602e-07
2_trans_97.csv,1,1,1,0.9999999999663214,0.9999999999663214,6.919992488895699e-57,6.980727507274254e-12,2.669800222203494e-11
2_trans_143.csv,1,1,1,0.9973919006022351,0.9973919006022351,2.2748365807584347e-26,1.4686789045953783e-05,0.0025934126087188178
2_trans_2642.csv,1,1,1,0.9999938493776941,0.9999938493776941,9.883166859301382e-38,5.790478703468319e-06,3.6014360250046125e-07
2_trans_180.csv,1,1,1,0.9996997952841753,0.9996997952841753,1.646994944088401e-24,6.573052009620835e-08,0.0003001389853046328
2_trans_2871.csv,4,4,1,0.8137281398844433,0.07248161964311985,0.10803074346957553,0.005759497002861325,0.8137281398844433
2_trans_2681.csv,1,1,1,0.9999999996342503,0.9999999996342503,6.539280782146285e-45,3.143741936517399e-10,5.137538433276399e-11
2_trans_1613.csv,1,1,1,0.9999999967819806,0.9999999967819806,4.603275210692053e-50,2.864389119996506e-09,3.536301622331295e-10
2_trans_427.csv,1,1,1,0.989187268383379,0.989187268383379,2.3904386652787132e-23,0.00017591255640761737,0.010636819060213498
2_trans_2468.csv,1,1,1,0.999937377137644,0.999937377137644,7.002371968872677e-27,3.465898289364291e-05,2.7963879462356144e-05
2_trans_2332.csv,1,1,1,0.9999995021874379,0.9999995021874379,4.035130119674898e-41,5.369153345981823e-09,4.924434086403837e-07
2_trans_2454.csv,1,1,1,0.9740992813224368,0.9740992813224368,1.4184860284563352e-23,2.7349757846431367e-05,0.025873368919716755
2_trans_382.csv,1,1,1,0.9899457626048916,0.9899457626048916,1.406226473102808e-24,6.631712949293298e-07,0.01005357422381343
2_trans_396.csv,1,1,1,0.9999999700785966,0.9999999700785966,9.484863941078575e-49,2.8160466271008524e-08,1.7609371696224249e-09
2_trans_2483.csv,1,1,1,0.9999999160042095,0.9999999160042095,4.278164014278099e-42,7.662865407871639e-12,8.39881278992161e-08
2_trans_1834.csv,4,1,0,0.6194531693167178,0.6194531693167178,4.893396773219371e-16,0.046477876819403144,0.3340689538638785
2_trans_1820.csv,1,1,1,0.9999995484625201,0.9999995484625201,1.010170559548171e-37,4.489064761089994e-07,2.631003826330923e-09
2_trans_1811.csv,1,1,1,0.7026223076978086,0.7026223076978086,8.356850322110315e-10,0.0790821459286282,0.2182955455378782
2_trans_370.csv,1,4,0,0.7545555382365542,0.24531370645601838,1.8653112324073583e-13,0.00013075530724094891,0.7545555382365542
2_trans_1636.csv,1,1,1,0.9975008427128332,0.9975008427128332,3.774693902058327e-24,2.2010133237904307e-07,0.0024989371858344786
2_trans_1178.csv,1,1,1,0.9999445232275063,0.9999445232275063,4.003414025084556e-30,5.534998950520655e-05,1.267829885344886e-07
2_trans_2698.csv,1,1,1,0.9999875199715061,0.9999875199715061,3.9728466294537493e-25,1.2385075969259273e-07,1.2356177734168623e-05
2_trans_1391.csv,1,1,1,0.9993149877335098,0.9993149877335098,3.945635492583651e-23,7.656274690492089e-05,0.0006084495195851781
2_trans_71.csv,1,1,1,0.9999937808926169,0.9999937808926169,4.7434169753425276e-32,1.3367685301306213e-07,6.085430529952056e-06
2_trans_59.csv,1,1,1,0.9999999961808881,0.9999999961808881,2.977102768691118e-41,3.5736309710780874e-11,3.783375586712495e-09
2_trans_833.csv,1,1,1,0.5091045345142564,0.5091045345142564,6.898393903121825e-21,0.4908848938383764,1.057164736711655e-05
2_trans_2868.csv,4,4,1,0.9878134307071176,0.0021369472309466578,0.00974416799732766,0.0003054540646081401,0.9878134307071176
2_trans_199.csv,1,1,1,0.9999982550578349,0.9999982550578349,2.943381138986547e-36,1.7400642325616935e-06,4.877932384376859e-09
2_trans_172.csv,1,1,1,0.9983584837503277,0.9983584837503277,4.525902293967161e-28,0.0016414252506532707,9.099901899904887e-08
2_trans_628.csv,1,1,1,0.9998469354870051,0.9998469354870051,8.889378271498224e-24,4.986394549660989e-07,0.00015256587353981152
2_trans_2115.csv,1,1,1,0.9999999300540396,0.9999999300540396,4.1773963078467215e-46,2.1132039950235332e-08,4.881392038694765e-08
2_trans_2101.csv,1,1,1,0.9999474934947798,0.9999474934947798,3.2348052186972125e-34,5.1874121058330845e-05,6.323841617188552e-07
2_trans_2934.csv,2,2,1,0.9974209895257515,5.1931612997553594e-08,0.9974209895257515,9.715878637645226e-09,0.0025789488267569773
2_trans_1554.csv,1,1,1,0.9999848633821198,0.9999848633821198,5.367433400399157e-32,5.330334232157973e-07,1.4603584457142177e-05
2_trans_1226.csv,1,1,1,0.9999992333991411,0.9999992333991411,1.0043906702876925e-38,7.430596328149772e-07,2.354122595425762e-08
2_trans_2049.csv,1,3,0,0.8364429606207253,0.1635047001015328,5.658092778567709e-15,0.8364429606207253,5.233927773613745e-05
2_trans_2061.csv,1,1,1,0.7168583635571044,0.7168583635571044,1.6642596884640716e-13,0.008270777344316456,0.27487085909841275
2_trans_1568.csv,1,1,1,0.7723810096609844,0.7723810096609844,6.293253398090823e-17,0.22757249438002414,4.6495958991434265e-05
2_trans_990.csv,1,1,1,0.9999985670030527,0.9999985670030527,4.18679859023594e-31,1.1661309337152965e-06,2.668660135799025e-07
2_trans_1959.csv,1,1,1,0.9504260916316054,0.9504260916316054,3.0193420838213165e-18,0.004217834429732173,0.04535607393866227
2_trans_204.csv,1,1,1,0.9999999763726236,0.9999999763726236,2.5057896919737322e-46,4.526909408389908e-10,2.3174685305394863e-08
2_trans_562.csv,1,1,1,0.9998953659253994,0.9998953659253994,7.149752843464445e-27,1.7822474904863644e-06,0.00010285182711020556
2_trans_576.csv,1,1,1,0.9999999141143685,0.9999999141143685,9.183420595563375e-34,7.592392703294803e-08,9.961704330881951e-09
2_trans_1024.csv,1,1,1,0.9999999882802934,0.9999999882802934,3.762958081319611e-38,1.0751912065222338e-09,1.0644515310401602e-08
2_trans_2511.csv,1,1,1,0.9998247919481893,0.9998247919481893,1.7389966457184195e-31,2.5785741231332806e-06,0.0001726294776876804
2_trans_2276.csv,1,1,1,0.9999996237427909,0.9999996237427909,1.275429532546096e-44,1.8132903720584246e-08,3.5812430536110225e-07
2_trans_2510.csv,1,1,1,0.9690520945699497,0.9690520945699497,5.1138790550579685e-26,2.0679698723902394e-06,0.03094583746017799
2_trans_1743.csv,1,1,1,0.9999999997979276,0.9999999997979276,3.3555176764596915e-42,1.8212125727782022e-10,1.9951205504896622e-11
2_trans_1025.csv,1,1,1,0.9999999999822731,0.9999999999822731,8.883957045479565e-52,4.836520915212021e-12,1.2890365536332882e-11
2_trans_211.csv,1,1,1,0.9999475449640891,0.9999475449640891,5.715138826637488e-28,5.0497619217692354e-05,1.9574166931483523e-06
2_trans_205.csv,3,3,1,0.7830842392702776,0.21669814638288742,5.0722584210652386e-21,0.7830842392702776,0.0002176143468351055
2_trans_1757.csv,1,1,1,0.9992455426881229,0.9992455426881229,7.049351852476638e-26,1.845190890005318e-05,0.0007360054029771962
2_trans_563.csv,4,4,1,0.9658550587201147,0.02482565862351769,2.897378308831502e-06,0.009316385278058871,0.9658550587201147
2_trans_588.csv,1,1,1,0.998024360180231,0.998024360180231,6.46658839010607e-21,0.001261066719397333,0.0007145731003716777
2_trans_1964.csv,3,3,1,0.8203605591819834,0.0629480243343621,6.172150428731738e-13,0.8203605591819834,0.11669141648303726
2_trans_749.csv,3,3,1,0.6246208346890717,0.2698367483312628,3.055448569893657e-08,0.6246208346890717,0.10554238642517975
2_trans_2074.csv,1,1,1,0.9999812849912902,0.9999812849912902,2.692358642658396e-28,1.870593791046468e-05,9.070799383861388e-09
2_trans_991.csv,1,1,1,0.99957443489062,0.99957443489062,2.3272797933449267e-40,0.0004255640246430822,1.0847367333928732e-09
2_trans_2060.csv,1,1,1,0.8102576119276881,0.8102576119276881,2.5477148222105744e-19,0.009682743667895255,0.18005964440441669
2_trans_985.csv,1,3,0,0.743466369956664,0.2562601444124445,2.277827582435016e-18,0.743466369956664,0.00027348563089145227
2_trans_1555.csv,1,4,0,0.5351760876802849,0.45790459165793074,2.823859840608078e-15,0.006919320661781559,0.5351760876802849
2_trans_2909.csv,2,4,0,0.6107014065403733,0.0008133555240411208,0.38791580542857124,0.0005694325070143585,0.6107014065403733
2_trans_2935.csv,4,4,1,0.9801060998425335,0.012687953812892231,0.005729819787645954,0.0014761265569281994,0.9801060998425335
2_trans_1582.csv,1,1,1,0.9998169925713137,0.9998169925713137,2.5376947202250846e-23,0.0001807362490021833,2.2711796840487645e-06
2_trans_2921.csv,4,4,1,0.8434159849037098,0.00023305217383247308,0.15629470238184137,5.626054061624737e-05,0.8434159849037098
2_trans_629.csv,1,1,1,0.9996928270275934,0.9996928270275934,4.060144419090246e-27,0.00030692139020791403,2.5158219859765937e-07
2_trans_2672.csv,1,1,1,0.5413565181553626,0.5413565181553626,3.0833054687516e-15,0.01454242381457506,0.4441010580300593
2_trans_167.csv,1,1,1,0.8786806636639316,0.8786806636639316,2.3208546680504614e-17,0.0001547838525777575,0.12116455248349056
2_trans_1353.csv,1,1,1,0.999999997236596,0.999999997236596,9.202850013418176e-45,2.6292147612393117e-09,1.3418901629742965e-10
2_trans_1435.csv,1,1,1,0.9999999949818148,0.9999999949818148,7.116022829015041e-42,3.602773757138367e-09,1.4154112282984436e-09
2_trans_2896.csv,2,4,0,0.6074953041825211,0.0103258582758331,0.3796042598060124,0.0025745777356332654,0.6074953041825211
2_trans_70.csv,4,4,1,0.521685585378149,0.3577111776969676,3.424671366954449e-11,0.1206032368906368,0.521685585378149
2_trans_2464.csv,4,4,1,0.733202147770577,0.22565948152162404,1.3706651004700341e-08,0.041138357001147804,0.733202147770577
2_trans_359.csv,1,1,1,0.9621104213120898,0.9621104213120898,1.0527692178644622e-22,0.03788393176237788,5.6469255322433136e-06
2_trans_1637.csv,1,1,1,0.9999989543811658,0.9999989543811658,5.626712377210391e-38,2.326149976449689e-08,1.0223573344174805e-06
2_trans_371.csv,1,1,1,0.9999999839443652,0.9999999839443652,2.2116822160379856e-41,1.1385723227194585e-09,1.4917062428436217e-08
2_trans_1145.csv,1,1,1,0.9999905570076999,0.9999905570076999,6.680026603373211e-37,1.7072731285411525e-11,9.442975227317906e-06
2_trans_1623.csv,1,1,1,0.9785484590887752,0.9785484590887752,4.665833625944364e-20,0.021450022918705812,1.517992518873599e-06
2_trans_417.csv,1,1,1,0.9999993574364995,0.9999993574364995,1.400623939221275e-38,6.304891549127594e-07,1.2074345611537221e-08
2_trans_1810.csv,1,1,1,0.8542294765426134,0.8542294765426134,9.511866000219287e-19,0.09662515895495868,0.04914536450242787
2_trans_1192.csv,1,1,1,0.9938089758214437,0.9938089758214437,1.1330312539172306e-17,8.01560239305187e-06,0.006183008576163184
2_trans_1186.csv,1,3,0,0.7311363382101119,0.2685505718803395,5.725350175503127e-17,0.7311363382101119,0.00031308990954841267
2_trans_1838.csv,1,1,1,0.9999299595603962,0.9999299595603962,5.218174385391143e-34,2.333184136881953e-08,7.001710776244051e-05
2_trans_2328.csv,1,1,1,0.9783604031693298,0.9783604031693298,6.80177302616287e-20,0.01689307908507822,0.004746517745592047
2_trans_415.csv,1,1,1,0.9999462910063351,0.9999462910063351,7.87785778148379e-34,5.370169679618764e-05,7.296868622994376e-09
2_trans_1386.csv,1,1,1,0.9985277923424442,0.9985277923424442,1.8691395716307514e-18,6.595282289511043e-05,0.0014062548346605672
2_trans_66.csv,4,1,0,0.7610765804568652,0.7610765804568652,1.668768011251744e-17,0.0015582664536168008,0.2373651530895181
2_trans_830.csv,1,1,1,0.9999293992741148,0.9999293992741148,6.862351109622363e-29,1.0781302908586171e-05,5.981942297657874e-05
2_trans_603.csv,1,1,1,0.9800332817325405,0.9800332817325405,6.83542652514631e-24,0.019916259231401463,5.045903605795888e-05
2_trans_1423.csv,1,3,0,0.6762379465936758,0.31083975544768844,1.3063246225719052e-10,0.6762379465936758,0.012922297828003318
2_trans_617.csv,1,1,1,0.9999998470821022,0.9999998470821022,1.207058435345079e-39,1.70586258700354e-08,1.3585927197550254e-07
2_trans_2102.csv,1,1,1,0.9999992369905202,0.9999992369905202,3.672662438319556e-34,3.82407254442121e-07,3.80602225389792e-07
2_trans_159.csv,1,1,1,0.9999960325015352,0.9999960325015352,8.777270873689178e-27,1.1462599388279395e-08,3.956035865370184e-06
2_trans_2116.csv,1,1,1,0.9999997338982227,0.9999997338982227,7.713342093309754e-43,1.357988943419675e-07,1.3030288299907387e-07
2_trans_1580.csv,1,1,1,0.8838964072204425,0.8838964072204425,1.831497606725624e-16,0.0023404366805906338,0.11376315609896659
2_trans_1594.csv,1,1,1,0.999999998139516,0.999999998139516,1.567856858423319e-52,1.8307301526179855e-09,2.975386140905971e-11
2_trans_788.csv,1,1,1,0.9999461823934652,0.9999461823934652,1.510080449496915e-41,7.864203133865358e-12,5.3817598670603634e-05
2_trans_777.csv,1,1,1,0.8590693425866128,0.8590693425866128,1.2254595784122344e-16,7.909459916710468e-05,0.14085156281421982
2_trans_1225.csv,1,1,1,0.8095758177427352,0.8095758177427352,9.390133398476831e-23,0.19040434806062498,1.9834196639773566e-05
2_trans_1231.csv,1,1,1,0.9745191160513472,0.9745191160513472,3.224686467387121e-26,1.8615542627351486e-09,0.025480882087098422
2_trans_987.csv,1,1,1,0.9999994914887224,0.9999994914887224,4.0804769724951214e-45,4.610282194341219e-07,4.74830582261972e-08
2_trans_2062.csv,3,4,0,0.7147668674277651,0.09965816202447506,8.477749005970903e-09,0.1855749620700108,0.7147668674277651
2_trans_1027.csv,1,1,1,0.9999999999850646,0.9999999999850646,7.524639570408672e-54,1.3686868982632012e-11,1.2484871795618193e-12
2_trans_1033.csv,1,1,1,0.9999977130242355,0.9999977130242355,5.2385561230205195e-43,2.286817307342292e-06,1.584570224243268e-10
2_trans_2512.csv,4,1,0,0.6829663932683915,0.6829663932683915,1.5241078641321574e-15,0.06845182113897195,0.248581785592635
2_trans_2506.csv,1,1,1,0.6937642376579907,0.6937642376579907,6.695377871131249e-13,0.26112197300758305,0.04511378933375689
2_trans_1768.csv,1,1,1,0.999999992634099,0.999999992634099,5.389120568282769e-50,3.6373990668131787e-10,7.002161022848672e-09
2_trans_2513.csv,1,1,1,0.9999996948361408,0.9999996948361408,1.1611722123931715e-30,2.067741901952972e-08,2.8448644016524986e-07
2_trans_1754.csv,1,1,1,0.9984862727299815,0.9984862727299815,1.3035039994928237e-26,0.0015132182498675147,5.09020150997285e-07
2_trans_560.csv,1,1,1,0.9999577908320394,0.9999577908320394,6.198833293700618e-24,2.5193570493631013e-06,3.96898109109919e-05
2_trans_1740.csv,1,1,1,0.9999999955705994,0.9999999955705994,4.813985912191454e-54,4.404034270250481e-09,2.5366307321259398e-11
2_trans_1797.csv,1,1,1,0.9816262570294482,0.9816262570294482,2.651619512952377e-20,0.00011410546473352145,0.018259637505818372
2_trans_1783.csv,1,1,1,0.9999999284083105,0.9999999284083105,2.1960560165655902e-39,2.1029428709522674e-08,5.0562260709301e-08
2_trans_986.csv,1,1,1,0.9993684019473321,0.9993684019473321,9.493331874832434e-29,1.03321164901549e-07,0.0006314947315029964
2_trans_2077.csv,4,4,1,0.9722177492049837,0.026196642323459057,4.4695210005112224e-09,0.0015856040020361302,0.9722177492049837
2_trans_945.csv,1,1,1,0.509748533143053,0.509748533143053,2.558026222686061e-20,8.246503674103498e-08,0.49025138439191024
2_trans_2922.csv,2,2,1,0.9758623237560963,2.70555730281901e-06,0.9758623237560963,2.094562574547015e-06,0.024132876124026315
2_trans_2671.csv,1,1,1,0.5997803647670591,0.5997803647670591,9.838158261585219e-20,1.247647309033525e-05,0.4002071587598506
2_trans_1378.csv,1,1,1,0.999981720401856,0.999981720401856,3.3553201166816836e-30,1.3621694400362886e-07,1.814338120013562e-05
2_trans_2117.csv,1,1,1,0.9999999553745356,0.9999999553745356,7.3288670985927825e-40,6.60562544190516e-10,4.396490189983521e-08
2_trans_158.csv,4,4,1,0.9888058335925078,0.010885179159060355,5.20453791582786e-06,0.00030378271051599765,0.9888058335925078
2_trans_170.csv,1,1,1,0.9975200059503447,0.9975200059503447,7.471548940154222e-20,0.0024442855962390746,3.5708453416094524e-05
2_trans_2659.csv,1,1,1,0.9999999999363332,0.9999999999363332,2.3620011610430087e-65,6.366248732197332e-11,4.380922460470698e-15
2_trans_825.csv,1,1,1,0.9999996359540715,0.9999996359540715,4.680137414266929e-39,3.0141129298632606e-07,6.263463562607455e-08
2_trans_819.csv,1,1,1,0.9999999845856171,0.9999999845856171,1.488643736977634e-47,1.51862967081126e-08,2.2808610370242147e-10
2_trans_73.csv,3,3,1,0.9658878683084683,0.034022003957078856,1.1564573972326017e-11,0.9658878683084683,9.012772288842429e-05
2_trans_428.csv,4,4,1,0.8503447750965544,0.14955241620837506,1.639931807151176e-13,0.00010280869490649733,0.8503447750965544
2_trans_2315.csv,1,1,1,0.9999558232713409,0.9999558232713409,4.6701480329085973e-32,3.702168622515944e-05,7.1550424340196805e-06
2_trans_414.csv,1,1,1,0.9993183729917202,0.9993183729917202,1.3499527735099722e-25,0.0003649752564405567,0.00031665175183902917
2_trans_1634.csv,1,1,1,0.999994380187742,0.999994380187742,9.031508154072461e-41,5.6102920071812504e-06,9.520250908618511e-09
2_trans_1807.csv,1,1,1,0.999997658782796,0.999997658782796,1.5490428812951384e-39,2.3244907374653676e-06,1.6726466634091994e-08
2_trans_1191.csv,1,1,1,0.9999251770902248,0.9999251770902248,4.789663876552732e-25,6.61269780326275e-05,8.695931742505803e-06
2_trans_1803.csv,1,1,1,0.9999083190882007,0.9999083190882007,1.967471870970875e-21,4.4703256828865984e-05,4.697765497061736e-05
2_trans_1195.csv,1,1,1,0.7937191213839186,0.7937191213839186,3.963775277642885e-11,0.0034763337260330443,0.20280454485041058
2_trans_2488.csv,1,3,0,0.7862263174489383,0.21364171453857927,4.071152221020201e-20,0.7862263174489383,0.00013196801248238518
2_trans_1181.csv,1,1,1,0.876740903990142,0.876740903990142,1.5724005778435828e-16,0.002233610610725278,0.12102548539913238
2_trans_2463.csv,1,1,1,0.9994062452357698,0.9994062452357698,3.97466804157413e-25,4.3896944828202235e-07,0.0005933157947820776
2_trans_1618.csv,1,1,1,0.9999630628553842,0.9999630628553842,4.3022736807347245e-39,3.6932515362450745e-05,4.629253294509304e-09
2_trans_404.csv,1,1,1,0.9999998944566519,0.9999998944566519,3.872971033932021e-52,1.0550976082944268e-07,3.358723073843152e-11
2_trans_821.csv,1,1,1,0.9995717661153847,0.9995717661153847,3.42034389170066e-34,4.402761268521183e-09,0.0004282294818540787
2_trans_1397.csv,1,1,1,0.9999999845888761,0.9999999845888761,3.0915562938907802e-50,1.1688559543502896e-08,3.7225644908636654e-09
2_trans_63.csv,1,1,1,0.9999930242486069,0.9999930242486069,5.318302112215077e-27,3.658124567337568e-06,3.317626825642907e-06
2_trans_1368.csv,1,1,1,0.9859355801307365,0.9859355801307365,1.970592767289165e-20,0.013987876092268148,7.654377699542224e-05
2_trans_88.csv,3,1,0,0.7637980489476845,0.7637980489476845,2.0244045148452137e-13,0.23240936595648473,0.0037925850956281623
2_trans_160.csv,1,1,1,0.7825348806663631,0.7825348806663631,7.994992149096378e-16,0.21351211283032956,0.003953006503306573
2_trans_2891.csv,2,2,1,0.9696317235885831,1.6101600420799915e-05,0.9696317235885831,7.849330343841253e-05,0.030273681507557954
2_trans_174.csv,1,1,1,0.9999997340706851,0.9999997340706851,1.5864077896471502e-44,8.426731941940928e-08,1.816619956270424e-07
2_trans_1340.csv,1,1,1,0.9999999997025242,0.9999999997025242,6.8577158158359275e-46,2.3016572215786972e-11,2.7445939701359666e-10
2_trans_941.csv,1,1,1,0.9985711564998295,0.9985711564998295,2.607224880569731e-25,0.0012400279762551265,0.00018881552391558748
2_trans_969.csv,1,1,1,0.9876358186516203,0.9876358186516203,2.8239928739461205e-11,0.0012627261614763608,0.011101455158663313
2_trans_2098.csv,1,1,1,0.9998876876549906,0.9998876876549906,3.0671447137444206e-28,9.012935652602496e-05,2.2182988483501675e-05
2_trans_2067.csv,1,3,0,0.7525792473538118,0.24121349968810812,8.005002876684869e-13,0.7525792473538118,0.006207252957279524
2_trans_982.csv,1,1,1,0.9999998599966676,0.9999998599966676,2.1088642310863864e-35,3.6070907072093316e-08,1.0393242536796872e-07
2_trans_772.csv,1,1,1,0.6858648526708335,0.6858648526708335,2.682255402244926e-12,0.00562864281408939,0.3085065045123947
2_trans_1546.csv,1,1,1,0.9996070921522523,0.9996070921522523,6.422565100745116e-30,0.0003898927181022293,3.0151296454431223e-06
2_trans_1234.csv,1,1,1,0.7784802690456303,0.7784802690456303,1.3616733004128832e-11,0.013890226358078276,0.20762950458267485
2_trans_1977.csv,1,4,0,0.6629028805142188,0.31741151896609293,1.168148813986355e-12,0.019685600518520193,0.6629028805142188
2_trans_558.csv,1,1,1,0.9999999222635036,0.9999999222635036,4.202516373795928e-40,2.8081740533510898e-08,4.965475582908763e-08
2_trans_216.csv,1,1,1,0.9999788866304867,0.9999788866304867,2.293066870384635e-37,1.6416062373728434e-09,2.111172790705194e-05
2_trans_1036.csv,4,4,1,0.9469970208735679,0.05181947319297823,2.7510530516308684e-10,0.0011835056583486914,0.9469970208735679
2_trans_202.csv,3,3,1,0.7415017789857048,0.24300291060423118,3.274502319540117e-13,0.7415017789857048,0.015495310409736627
2_trans_203.csv,1,1,1,0.9999921524012493,0.9999921524012493,4.3646146554146354e-21,1.1205877179944441e-06,6.727011032703518e-06
2_trans_1037.csv,1,1,1,0.9999999991134112,0.9999999991134112,2.8681045430230674e-56,8.860488481492429e-10,5.400402838003912e-13
2_trans_565.csv,3,1,0,0.5005343546379775,0.5005343546379775,2.879855042926188e-24,0.4994079376561551,5.7707705867278976e-05
2_trans_217.csv,1,1,1,0.9989589261571714,0.9989589261571714,3.0804935350106355e-24,5.374956904227936e-06,0.0010356988859243862
2_trans_1235.csv,1,1,1,0.9999997630513366,0.9999997630513366,1.2939838577640566e-37,2.320752308222451e-07,4.873432480952491e-09
2_trans_2728.csv,1,1,1,0.9999996639839833,0.9999996639839833,1.1428286871221903e-37,1.6881994682859502e-09,3.343278172645637e-07
2_trans_773.csv,1,1,1,0.999994611106201,0.999994611106201,1.5559021552384877e-33,8.055190138526959e-08,5.3083418976264845e-06
2_trans_2066.csv,1,1,1,0.9999980081056615,0.9999980081056615,9.497279732251903e-31,1.6067686336754126e-08,1.9758266521467844e-06
2_trans_2072.csv,1,1,1,0.9999999999766374,0.9999999999766374,4.795893884135296e-55,3.32203060561393e-13,2.3030364524642167e-11
2_trans_1590.csv,1,1,1,0.977157376844049,0.977157376844049,7.656719120222841e-22,0.0223082079909597,0.0005344151649912828
2_trans_2927.csv,4,4,1,0.95568110225374,0.017961896145798444,0.024413305144611073,0.0019436964558504836,0.95568110225374
2_trans_1427.csv,1,1,1,0.9999998860750073,0.9999998860750073,3.587371660646384e-42,9.510834721259803e-08,1.881664535599109e-08
2_trans_1341.csv,1,1,1,0.9998781795900281,0.9998781795900281,5.448989873966735e-23,5.049320848493994e-06,0.00011677108912341897
2_trans_161.csv,1,1,1,0.999987177192406,0.999987177192406,6.562707277862475e-35,7.599026750982181e-06,5.223780843122768e-06
2_trans_1355.csv,1,1,1,0.9999999945753075,0.9999999945753075,1.7008360621181574e-42,1.1436762648160178e-09,4.281016092613452e-09
2_trans_149.csv,1,1,1,0.9999842090229375,0.9999842090229375,7.688090649323468e-31,6.388124498273704e-08,1.5727095817484342e-05
2_trans_89.csv,1,1,1,0.9999999536636363,0.9999999536636363,5.632573025725492e-43,1.5838198575582818e-15,4.6336362128588166e-08
2_trans_2847.csv,2,2,1,0.998899185203858,2.860654582008237e-07,0.998899185203858,1.0203497457174164e-07,0.0011004266957093725
2_trans_76.csv,1,1,1,0.9999997882663214,0.9999997882663214,8.985732577207145e-37,1.934511898375388e-12,2.1173174426166185e-07
2_trans_1143.csv,1,1,1,0.9999998765388874,0.9999998765388874,4.2710309648593897e-38,3.8031446025116404e-09,1.1965796792480834e-07
2_trans_2338.csv,1,1,1,0.9997679989225081,0.9997679989225081,8.719543712846844e-31,1.0478395865974731e-08,0.00023199059909586778
2_trans_1631.csv,1,1,1,0.9999974493425308,0.9999974493425308,7.259834286145067e-40,2.5491228728037994e-06,1.534596472134025e-09
2_trans_2310.csv,1,1,1,0.9994900553415073,0.9994900553415073,4.1356926621842e-23,3.087577744076502e-05,0.0004790688810520532
2_trans_1619.csv,1,1,1,0.9999999985789012,0.9999999985789012,9.592764424902609e-47,1.2603142812146628e-09,1.6078456646991174e-10
2_trans_2304.csv,3,3,1,0.6582574240847194,0.3375761307867793,3.19616878079356e-12,0.6582574240847194,0.0041664451253051495
2_trans_1180.csv,1,1,1,0.999995653111923,0.999995653111923,1.7161714011853771e-31,2.6207936943114406e-06,1.7260943827080207e-06
2_trans_2489.csv,1,1,1,0.8726558764306397,0.8726558764306397,5.0204884632949626e-08,0.030533308927126666,0.0968107644373491
2_trans_388.csv,1,1,1,0.9667062872197497,0.9667062872197497,1.6100355718851258e-28,0.03329341851534461,2.9426490558937854e-07
2_trans_1816.csv,3,1,0,0.7331369753588224,0.7331369753588224,1.845791916753026e-12,0.26002082728146736,0.0068421973578644095
2_trans_1182.csv,1,1,1,0.9993933308528491,0.9993933308528491,1.0416949400789566e-23,8.979629795948133e-05,0.0005168728491913768
2_trans_2306.csv,1,1,1,0.9925250851541898,0.9925250851541898,2.8491687961472344e-12,0.0016474613959264845,0.005827453447034567
2_trans_361.csv,1,4,0,0.6104987850239099,0.3594995671902282,6.630750374577889e-10,0.030001647122786978,0.6104987850239099
2_trans_1155.csv,3,3,1,0.9949515511357002,0.005047658117058709,1.292307050649644e-22,0.9949515511357002,7.907472410757892e-07
2_trans_407.csv,1,1,1,0.9999072973682267,0.9999072973682267,2.234256419176029e-25,2.166736644176485e-05,7.103526533152654e-05
2_trans_188.csv,1,1,1,0.8809558113752574,0.8809558113752574,8.535230974410746e-13,0.00039275450760409134,0.11865143411628509
2_trans_2879.csv,2,4,0,0.6511089432526064,0.00021290536864673073,0.3486530038646726,2.5147514074220982e-05,0.6511089432526064
2_trans_2845.csv,2,4,0,0.9498372712488424,0.0006021763496594552,0.04935649181338525,0.00020406058811281137,0.9498372712488424
2_trans_1394.csv,1,1,1,0.9866763788911334,0.9866763788911334,4.284316664483782e-18,0.011974073921932213,0.0013495471869343076
2_trans_2110.csv,1,1,1,0.9999999875007745,0.9999999875007745,8.577614853232386e-47,3.5871785312731396e-09,8.912046916530519e-09
2_trans_639.csv,1,1,1,0.9999999841170057,0.9999999841170057,4.532606915128329e-47,1.5476538802141818e-08,4.0645546373722713e-10
2_trans_1343.csv,1,1,1,0.9999999956430332,0.9999999956430332,7.969851800322851e-43,3.474278247150797e-10,4.009538954678841e-09
2_trans_1425.csv,1,1,1,0.9997633735155806,0.9997633735155806,1.2715688596040355e-25,4.44180899695272e-09,0.00023662204261032981
2_trans_2919.csv,4,4,1,0.9324778113284192,0.00045024182845029886,0.06703315855990344,3.878828322708966e-05,0.9324778113284192
2_trans_2931.csv,2,2,1,0.9817049176305204,0.0009706325062538527,0.9817049176305204,8.779397156470448e-05,0.017236655891660957
2_trans_981.csv,1,1,1,0.9999999907696987,0.9999999907696987,8.207210072231521e-51,8.889723485388485e-09,3.4057784556040007e-10
2_trans_1579.csv,1,1,1,0.9999999999284785,0.9999999999284785,6.581647254541218e-47,4.516727115634799e-13,7.106971419344364e-11
2_trans_1237.csv,4,4,1,0.9768029165792761,0.00742797537179765,2.2364854188222436e-06,0.015766871563507496,0.9768029165792761
2_trans_765.csv,1,1,1,0.9999997824449134,0.9999997824449134,1.0783013833020436e-51,7.39776078061415e-12,2.1754768873007934e-07
2_trans_1545.csv,1,1,1,0.9999998609281437,0.9999998609281437,2.7969805143604958e-39,2.4990596643643514e-08,1.1408125967818331e-07
2_trans_1223.csv,1,1,1,0.9999998734172246,0.9999998734172246,1.5466807708892963e-39,1.0956499132735043e-08,1.1562627621899366e-07
2_trans_1974.csv,1,1,1,0.7709297056696879,0.7709297056696879,1.3880485458098182e-15,0.00010397395288469684,0.228966320377426
2_trans_1009.csv,1,1,1,0.9999961701905008,0.9999961701905008,3.2379778649430683e-44,9.234403731815781e-12,3.8298002647684895e-06
2_trans_2272.csv,1,1,1,0.9986200226565831,0.9986200226565831,1.6305523484065548e-24,3.3277346463229294e-08,0.0013799440660704845
2_trans_2528.csv,1,1,1,0.9223248460392246,0.9223248460392246,4.723313769925626e-13,0.00041291920739178976,0.0772622347529113
2_trans_573.csv,3,3,1,0.967910703078674,0.019343718138053013,2.661207331413241e-10,0.967910703078674,0.012745578517152254
2_trans_214.csv,1,1,1,0.9999938777844963,0.9999938777844963,6.644794928701673e-33,1.9644630022107704e-06,4.157752501490549e-06
2_trans_2529.csv,1,1,1,0.997870137873478,0.997870137873478,9.023513419887484e-15,0.0009386865806737345,0.0011911755458393505
2_trans_1746.csv,1,1,1,0.9999999999281319,0.9999999999281319,1.80769782424949e-55,6.830894404272159e-15,7.186108735541716e-11
2_trans_1752.csv,1,1,1,0.9999107006597261,0.9999107006597261,3.1611700410705027e-31,8.8622864968397e-06,8.043705377723453e-05
2_trans_200.csv,1,1,1,0.9969030449829167,0.9969030449829167,8.848960688780178e-23,0.00203328411423961,0.0010636709028434869
2_trans_2515.csv,1,1,1,0.9999999998667697,0.9999999998667697,5.264033725323448e-47,9.644191375003213e-13,1.3226590487309292e-10
2_trans_1008.csv,1,1,1,0.8886195615360795,0.8886195615360795,3.0433801110025196e-19,0.10773238201991485,0.003648056444005623
2_trans_1785.csv,1,1,1,0.9999999914991583,0.9999999914991583,7.61273039675622e-46,1.967694026058891e-13,8.500645108604755e-09
2_trans_1949.csv,4,4,1,0.994243849713702,0.005519526985056124,2.621623520494992e-08,0.00023659708500669104,0.994243849713702
2_trans_1544.csv,4,4,1,0.8614494123845348,0.1384902051791065,2.8537285252787144e-06,5.752870783346483e-05,0.8614494123845348
2_trans_1222.csv,1,1,1,0.9969837450370853,0.9969837450370853,8.135099329982062e-26,8.191663014857949e-11,0.0030162548809980413
2_trans_1550.csv,1,1,1,0.9927917062998161,0.9927917062998161,1.3628054403676763e-18,3.562359411602826e-06,0.007204731340772117
2_trans_2071.csv,1,1,1,0.99999956941681,0.99999956941681,3.943878207368469e-37,7.354807937909481e-09,4.2322838201384445e-07
2_trans_1578.csv,1,1,1,0.999235208440749,0.999235208440749,1.4104440476659187e-24,5.819578282291452e-08,0.0007647333634682689
2_trans_2717.csv,1,1,1,0.9999998839581102,0.9999998839581102,1.587661567174404e-43,1.0752878408307102e-07,8.513105608551303e-09
2_trans_758.csv,1,1,1,0.9999999269836377,0.9999999269836377,1.1874154544031631e-44,4.8887430827797965e-08,2.4128931486880677e-08
2_trans_2930.csv,2,2,1,0.9996173065284285,2.2169133870986663e-08,0.9996173065284285,5.250195734819235e-08,0.00038261880048033
2_trans_1593.csv,1,1,1,0.9999999485663373,0.9999999485663373,1.956008480586253e-47,5.1219415216426646e-08,2.1424750980409153e-10
2_trans_957.csv,1,1,1,0.9999689762584542,0.9999689762584542,2.782495253151035e-26,2.2209576726037653e-06,2.880278387328999e-05
2_trans_2139.csv,1,1,1,0.9456735136358602,0.9456735136358602,2.2314838748595834e-14,0.01919302256051353,0.035133463803604055
2_trans_2887.csv,2,2,1,0.6878840978150574,0.05291184910311045,0.6878840978150574,0.005895652046755431,0.2533084010350765
2_trans_176.csv,1,1,1,0.9999998024628679,0.9999998024628679,1.430268330934835e-37,3.3413094428734746e-08,1.6412403778116396e-07
2_trans_2893.csv,2,2,1,0.9968263721426992,1.6056074212880277e-06,0.9968263721426992,1.434019286444843e-06,0.0031705882305931347
2_trans_610.csv,1,1,1,0.962298353543188,0.962298353543188,1.8576179387561855e-31,0.037701633335346,1.3121465813733733e-08
2_trans_638.csv,1,1,1,0.9999996951633455,0.9999996951633455,4.160293169700988e-35,2.003847011468046e-08,2.8479818443210956e-07
2_trans_1418.csv,1,4,0,0.8612160440232296,0.13867208880404752,1.3335991791020854e-16,0.00011186717272279427,0.8612160440232296
2_trans_1154.csv,1,1,1,0.9942558428448696,0.9942558428448696,1.0701919842366357e-23,0.005742477229457215,1.6799256732049234e-06
2_trans_406.csv,1,1,1,0.9995864370240931,0.9995864370240931,5.343116757495855e-27,2.7300996698387045e-10,0.00041356270289706913
2_trans_1632.csv,1,1,1,0.9996739587535307,0.9996739587535307,2.8911935762306542e-24,0.00030186882091083275,2.4172425558324218e-05
2_trans_1140.csv,1,1,1,0.9998881443605958,0.9998881443605958,7.623924494148944e-25,8.511060499133425e-05,2.6745034412621745e-05
2_trans_2313.csv,1,1,1,0.9999998562871943,0.9999998562871943,1.5015632741300993e-34,1.186997860224259e-07,2.5013019718806135e-08
2_trans_1197.csv,1,1,1,0.9999994814402275,0.9999994814402275,4.3451582136440367e-48,5.182108933791065e-07,3.4887900054441805e-10
2_trans_1829.csv,1,1,1,0.9999758382080959,0.9999758382080959,3.8307587234050417e-44,4.9984864165606866e-11,2.4161741919315217e-05
2_trans_1183.csv,1,1,1,0.9999999396618967,0.9999999396618967,3.264718164460411e-37,3.850250064258847e-10,5.995307830043123e-08
2_trans_1696.csv,1,1,1,0.9999999923985156,0.9999999923985156,4.989042708497219e-45,1.3843129232179664e-09,6.217171675063358e-09
2_trans_461.csv,1,1,1,0.999990127523573,0.999990127523573,1.0232839118971607e-28,2.458179858873933e-08,9.847894628338686e-06
2_trans_1655.csv,3,3,1,0.5702722821647447,0.389672394304986,7.784642366880322e-10,0.5702722821647447,0.04005532275180511
2_trans_878.csv,1,1,1,0.9999998315356879,0.9999998315356879,9.948753029927995e-38,2.2969741163504643e-08,1.4549457107937863e-07
2_trans_844.csv,1,1,1,0.9999999674956204,0.9999999674956204,2.692263649943467e-46,3.243566129645275e-08,6.871827049934345e-11
2_trans_1325.csv,1,1,1,0.8205606750950892,0.8205606750950892,2.8647625005782005e-25,0.00011007760141538872,0.17932924730349534
2_trans_111.csv,1,1,1,0.9999997677403272,0.9999997677403272,2.8626236553450467e-38,3.467320868166376e-08,1.9758646425701576e-07
2_trans_663.csv,1,1,1,0.9997142129832618,0.9997142129832618,3.201474441686684e-29,0.00012701484135485758,0.00015877217538348828
2_trans_2604.csv,1,1,1,0.9999887298839055,0.9999887298839055,1.5247143044123815e-31,1.0868575084144596e-05,4.01541010173241e-07
2_trans_2943.csv,4,4,1,0.7246768534708925,0.02570328922595243,0.23390593204844204,0.0157139252547131,0.7246768534708925
2_trans_918.csv,1,1,1,0.9978468981496386,0.9978468981496386,5.479199364760335e-26,9.463552060003269e-05,0.002058466329761538
2_trans_703.csv,3,3,1,0.9878341503660931,0.012162128058324184,1.0376119225108657e-20,0.9878341503660931,3.721575582851914e-06
2_trans_1245.csv,1,1,1,0.9836135012479642,0.9836135012479642,2.114762387793378e-25,0.01636821634042661,1.828241160933976e-05
2_trans_2764.csv,1,1,1,0.9999966760950215,0.9999966760950215,2.4062034338878162e-39,2.334104486829222e-06,9.898004916668055e-07
2_trans_2002.csv,1,1,1,0.9998837507421915,0.9998837507421915,1.1588705537886616e-28,7.873374052936366e-06,0.00010837588375554405
2_trans_528.csv,1,3,0,0.8924604050690456,0.006301219275728404,4.985841207810901e-07,0.8924604050690456,0.10123787707110536
2_trans_1708.csv,1,1,1,0.999999895830415,0.999999895830415,1.3147992949737337e-27,1.9280052397902367e-09,1.0224157964772482e-07
2_trans_2201.csv,4,4,1,0.9973966612022731,0.0025914315773933505,6.357733707628072e-12,1.1907213975763435e-05,0.9973966612022731
2_trans_1720.csv,1,1,1,0.9999932292474677,0.9999932292474677,2.5979215609540714e-28,6.642927996440019e-06,1.278245359201527e-07
2_trans_1052.csv,1,1,1,0.9999949549670604,0.9999949549670604,3.3796417677812385e-32,1.3310186431601906e-08,5.031722753322159e-06
2_trans_1907.csv,4,4,1,0.9650099378803105,0.03496663813276784,2.1494342915915937e-06,2.127455263004937e-05,0.9650099378803105
2_trans_1091.csv,1,1,1,0.9999171386569264,0.9999171386569264,4.623765963757721e-28,8.283341357752153e-05,2.7929496275199123e-08
2_trans_2995.csv,2,2,1,0.9990606340038913,1.9713090575869842e-07,0.9990606340038913,3.708902343928008e-07,0.0009387979749685911
2_trans_1536.csv,1,1,1,0.9997643872950375,0.9997643872950375,6.936226119834572e-31,1.4064875958304198e-09,0.00023561129847480267
2_trans_931.csv,1,1,1,0.953701174051033,0.953701174051033,7.601914466887796e-23,4.899388248148549e-07,0.046298336010142126
2_trans_2956.csv,4,4,1,0.9837956231046763,0.00161612045385844,0.014389072090244362,0.00019918435122104613,0.9837956231046763
2_trans_919.csv,1,1,1,0.9999999917439865,0.9999999917439865,3.848397852653163e-42,1.2298747050784275e-09,7.026138843524907e-09
2_trans_2163.csv,1,1,1,0.677680964445105,0.677680964445105,3.031274193890483e-09,0.002955649192636681,0.31936338333098424
2_trans_138.csv,1,1,1,0.9999712316200318,0.9999712316200318,5.065207629569034e-41,2.876779347060583e-05,5.86497664890689e-10
2_trans_110.csv,1,1,1,0.9999993455956765,0.9999993455956765,2.140316820365523e-38,4.2995563033803465e-07,2.2444869299024996e-07
2_trans_676.csv,1,1,1,0.9999987585718918,0.9999987585718918,3.9438125683001364e-41,4.887143889755746e-07,7.527137193737593e-07
2_trans_845.csv,1,1,1,0.9999999982181889,0.9999999982181889,9.426088679359508e-53,7.095544155202678e-13,1.7811014121458213e-09
2_trans_851.csv,1,1,1,0.9999999972212072,0.9999999972212072,1.6519894021877108e-51,2.7189292788649994e-09,5.986346206658135e-11
2_trans_1495.csv,4,1,0,0.984877194250594,0.984877194250594,1.0426620474890084e-16,0.004971386476759933,0.010151419272646147
2_trans_13.csv,1,1,1,0.9999540673205792,0.9999540673205792,1.0029469355434174e-35,9.610754205953588e-08,4.583657187846508e-05
2_trans_879.csv,1,1,1,0.9999999462505604,0.9999999462505604,2.0097592432319652e-39,1.644252758627514e-08,3.730691208929311e-08
2_trans_1481.csv,1,1,1,0.9999998480070149,0.9999998480070149,5.392722256866605e-40,5.115447643498956e-10,1.5148144035252808e-07
2_trans_2407.csv,3,1,0,0.8782593299561925,0.8782593299561925,4.639488629744204e-13,0.11406424550894023,0.007676424534403376
2_trans_2361.csv,4,4,1,0.8829893734433375,0.11610827302572206,0.00018048399998638512,0.0007218695309541068,0.8829893734433375
2_trans_448.csv,3,3,1,0.8734839122185811,0.12122600171524198,2.5152389907877676e-14,0.8734839122185811,0.005290086066151682
2_trans_2375.csv,1,1,1,0.9992670601701352,0.9992670601701352,7.227415899422873e-27,1.8977376874886108e-05,0.0007139624529899385
2_trans_306.csv,4,1,0,0.863812416376779,0.863812416376779,5.82682388800758e-17,7.413178622452681e-05,0.13611345183699652
2_trans_1132.csv,1,1,1,0.6379309182559996,0.6379309182559996,9.762621114917727e-19,0.3607943267958576,0.0012747549481427621
2_trans_460.csv,1,1,1,0.6926816224544785,0.6926816224544785,5.653897884895845e-12,0.014610802226353537,0.2927075753135141
2_trans_2349.csv,1,1,1,0.9920760661202243,0.9920760661202243,9.644943963275294e-22,7.243274683181314e-06,0.007916690605092522
2_trans_1640.csv,1,1,1,0.9993852452645898,0.9993852452645898,6.509614333383823e-32,0.0006147266916573037,2.8043752979033374e-08
2_trans_312.csv,4,4,1,0.7519882454330897,0.17448841715918034,4.156953202388028e-07,0.07352292171240955,0.7519882454330897
2_trans_1871.csv,1,1,1,0.9999866309821022,0.9999866309821022,1.6173721444457888e-30,8.891604177537417e-07,1.2479857480016151e-05
2_trans_1865.csv,1,1,1,0.963667052468229,0.963667052468229,1.3915822410040995e-24,0.00012613666948169884,0.03620681086228924
2_trans_1124.csv,3,1,0,0.5549773634794826,0.5549773634794826,1.2732195800463069e-20,0.4415306996873486,0.003491936833168743
2_trans_1642.csv,3,3,1,0.9459697101990092,0.05402987355761616,1.992608385342511e-21,0.9459697101990092,4.162433746614504e-07
2_trans_2411.csv,1,1,1,0.9994692776433841,0.9994692776433841,1.1343628317835182e-28,0.00013118959116000515,0.0003995327654559577
2_trans_2834.csv,2,2,1,0.9311558647723558,3.2428523743443046e-06,0.9311558647723558,1.5972735908779281e-06,0.068839295101679
2_trans_1454.csv,1,1,1,0.9999999999438425,0.9999999999438425,5.2267814894421534e-52,1.116646843613077e-11,4.4991111930554284e-11
2_trans_660.csv,1,1,1,0.9455280529219902,0.9455280529219902,5.915413063296187e-13,3.21439138746674e-07,0.054471625638279425
2_trans_2954.csv,2,2,1,0.9960446171697489,1.4019687305602711e-05,0.9960446171697489,2.2943240299649167e-05,0.003918419902645891
2_trans_1246.csv,1,1,1,0.8425242411541025,0.8425242411541025,8.416700016242727e-10,0.00018050227380644778,0.1572952557304211
2_trans_2015.csv,4,1,0,0.6464034106750953,0.6464034106750953,8.114374158349222e-09,6.452202601704727e-05,0.35353205918451325
2_trans_1508.csv,1,1,1,0.7357249850051942,0.7357249850051942,1.1533215331477962e-14,5.019941126009124e-06,0.26426999505366816
2_trans_1050.csv,1,1,1,0.999994297458871,0.999994297458871,2.1865850027108972e-34,2.6387211844536796e-07,5.438669010666629e-06
2_trans_2571.csv,1,1,1,0.9973696688582993,0.9973696688582993,6.057735342464317e-28,5.492874688606677e-07,0.0026297818542318505
2_trans_2203.csv,1,1,1,0.9998150248614072,0.9998150248614072,1.0365011554790706e-33,9.33300895489051e-05,9.164504904392801e-05
2_trans_2216.csv,1,3,0,0.8903333013341099,0.10746111844280869,3.841277298608932e-17,0.8903333013341099,0.002205580223081405
2_trans_1079.csv,1,1,1,0.6816580884125188,0.6816580884125188,8.757965327641665e-08,0.26836751562977246,0.04997430837805534
2_trans_1051.csv,1,1,1,0.9999999983322247,0.9999999983322247,2.3115965220520616e-50,1.6140217482284617e-09,5.3753442190650046e-11
2_trans_265.csv,1,1,1,0.9999999981946905,0.9999999981946905,5.7231875059400673e-39,5.660139953006229e-11,1.7487081494314067e-09
2_trans_1737.csv,1,1,1,0.9999999997743585,0.9999999997743585,4.192309678102524e-50,3.837220739180652e-11,1.8726936064854355e-10
2_trans_1086.csv,1,1,1,0.9999999993961708,0.9999999993961708,2.500330194503525e-45,4.08254470211343e-10,1.955745877851589e-10
2_trans_2000.csv,1,1,1,0.9999999802486108,0.9999999802486108,1.346487929266666e-44,1.7192082576516504e-08,2.559306678554327e-09
2_trans_2772.csv,1,1,1,0.999999991308142,0.999999991308142,3.7090048912375867e-48,7.726772909860478e-09,9.650851858104027e-10
2_trans_729.csv,1,1,1,0.997573263167847,0.997573263167847,1.9690732252985632e-26,0.0014910950795821417,0.0009356417525708674
2_trans_2014.csv,1,1,1,0.9867061379108576,0.9867061379108576,6.019386424736613e-16,0.0002795166064932082,0.013014345482648546
2_trans_1535.csv,4,4,1,0.5822366360770018,0.41733095369095907,6.69149420165662e-11,0.0004324101651241905,0.5822366360770018
2_trans_2982.csv,4,4,1,0.9666845137292943,0.00028197046711237513,0.03301516939834741,1.8346405245807214e-05,0.9666845137292943
2_trans_1521.csv,1,1,1,0.9999562328190602,0.9999562328190602,8.259441669827435e-34,1.4462226933096597e-08,4.375271871272403e-05
2_trans_2799.csv,1,1,1,0.7725037423518767,0.7725037423518767,1.911174869841568e-22,0.2274514493459069,4.480830221634672e-05
2_trans_2160.csv,4,4,1,0.39784347794512254,0.2541803136456841,7.477444415157654e-12,0.34797620840171595,0.39784347794512254
2_trans_1327.csv,1,1,1,0.9999527366742698,0.9999527366742698,1.0094255850766944e-30,3.1508983968909576e-09,4.726017483165502e-05
2_trans_1333.csv,1,1,1,0.9987732940406636,0.9987732940406636,6.819733575203539e-33,1.3203456613027758e-07,0.00122657392477022
2_trans_107.csv,3,3,1,0.9456886171496315,0.025708621309493335,6.658715134294887e-15,0.9456886171496315,0.028602761540868406
2_trans_1455.csv,1,1,1,0.999998075689407,0.999998075689407,1.2560587331726759e-36,1.81116241521218e-06,1.1314817777979956e-07
2_trans_38.csv,1,1,1,0.9999969333451059,0.9999969333451059,3.694897124418704e-23,6.0697033546830695e-09,3.0605851906738493e-06
2_trans_2821.csv,2,2,1,0.9999471658701968,2.33719065249176e-07,0.9999471658701968,8.857656224722263e-08,5.251183417557804e-05
2_trans_10.csv,1,1,1,0.9652868241707606,0.9652868241707606,6.240776823816853e-25,7.094446068410484e-05,0.03464223136855519
2_trans_2404.csv,1,1,1,0.9977554517348531,0.9977554517348531,1.428606134858491e-17,0.0005728455872605142,0.0016717026778864583
2_trans_339.csv,1,1,1,0.9704732017943645,0.9704732017943645,4.059084926478269e-18,0.029525426888970925,1.3713166645018967e-06
2_trans_1125.csv,1,1,1,0.9999999999841049,0.9999999999841049,2.1663187587898577e-56,1.2471026918121504e-14,1.5882583972918333e-11
2_trans_477.csv,1,1,1,0.9999999996647704,0.9999999996647704,3.057831650543072e-62,5.554336584649857e-12,3.2967523461797213e-10
2_trans_1657.csv,1,1,1,0.9999905348688315,0.9999905348688315,4.3851661753235485e-27,7.201417081049691e-06,2.2637140872656325e-06
2_trans_463.csv,1,1,1,0.9999982900901249,0.9999982900901249,1.904341839292777e-38,1.7030807435168425e-06,6.829131610040582e-09
2_trans_305.csv,1,1,1,0.9998432235708028,0.9998432235708028,1.6073216921524017e-30,6.14916996212095e-07,0.00015616151220104174
2_trans_1680.csv,1,1,1,0.9999972386023189,0.9999972386023189,1.261372161328301e-33,3.0526875673631e-08,2.730870805290226e-06
2_trans_2400.csv,1,1,1,0.999978108077426,0.999978108077426,2.143623130002297e-37,2.1761148011747492e-05,1.3077456223719112e-07
2_trans_301.csv,1,1,1,0.9912427987145639,0.9912427987145639,1.0944225604418762e-21,2.069780053654077e-08,0.008757180587635475
2_trans_467.csv,1,1,1,0.9999943713195074,0.9999943713195074,1.0482165103094937e-40,1.5382794278186607e-10,5.62852666465945e-06
2_trans_1653.csv,1,1,1,0.8928099883190421,0.8928099883190421,4.684895989928914e-28,0.10718254364896793,7.468031989937181e-06
2_trans_1647.csv,1,1,1,0.9999999909344747,0.9999999909344747,1.293113574870539e-53,8.928165117691087e-09,1.3736031084684082e-10
2_trans_2428.csv,1,1,1,0.9999999227223353,0.9999999227223353,2.358886405710256e-48,7.72105432883811e-08,6.712146891682754e-11
2_trans_842.csv,1,1,1,0.9940514849674413,0.9940514849674413,5.896798605761728e-25,4.6959045237610344e-07,0.0059480454421062
2_trans_856.csv,1,1,1,0.9107569863326322,0.9107569863326322,1.4311416699575415e-20,0.0891375513899684,0.00010546227739938873
2_trans_2825.csv,2,2,1,0.7459285346989175,3.450449107749781e-05,0.7459285346989175,7.495963002782662e-05,0.2539620011799772
2_trans_2831.csv,2,2,1,0.9998072571384602,6.025695505744432e-08,0.9998072571384602,3.1988031113923465e-08,0.0001926506165535183
2_trans_2602.csv,3,1,0,0.8581017500696883,0.8581017500696883,1.704764456786045e-13,0.14177076269948094,0.00012748723066024594
2_trans_1479.csv,1,1,1,0.9998491227411496,0.9998491227411496,1.326586281815773e-31,4.303307009136784e-08,0.0001508342257803663
2_trans_895.csv,1,1,1,0.9999999976320482,0.9999999976320482,1.2921838661429013e-42,9.736252379128737e-11,2.270589365519763e-09
2_trans_2170.csv,1,1,1,0.9999948817724063,0.9999948817724063,2.6570195941931807e-41,5.916246244948471e-09,5.1123113474842495e-06
2_trans_1451.csv,4,4,1,0.78377920044845,0.2047722151703768,7.979466300822907e-09,0.011448576401706939,0.78377920044845
2_trans_103.csv,4,1,0,0.5613161013691871,0.5613161013691871,2.31748679120299e-16,4.370243045295471e-05,0.4386401962003597
2_trans_1337.csv,4,4,1,0.7953778090354555,0.20166668630290469,1.1733344197846087e-09,0.0029555034883053267,0.7953778090354555
2_trans_671.csv,1,1,1,0.9999981826778985,0.9999981826778985,1.3077954302140186e-33,1.0644158623936303e-08,1.806677942909587e-06
2_trans_1445.csv,1,1,1,0.8284351083815932,0.8284351083815932,1.5635160206354365e-16,9.294532097010672e-05,0.17147194629743667
2_trans_922.csv,1,1,1,0.9999826940329933,0.9999826940329933,1.746765350762945e-41,4.803591090120629e-10,1.7305486647461127e-05
2_trans_2010.csv,4,4,1,0.9291851706326004,0.0641371825070735,5.9281470962361146e-08,0.006677587578855043,0.9291851706326004
2_trans_2004.csv,3,1,0,0.8596748225563517,0.8596748225563517,2.7141245992298264e-15,0.13908023876783726,0.0012449386758082795
2_trans_711.csv,1,1,1,0.7787907097403076,0.7787907097403076,1.9207017908391672e-17,0.2169307287021438,0.0042785615575486645
2_trans_1.csv,3,1,0,0.6834301556488995,0.6834301556488995,3.545571072101664e-09,0.18471202525780617,0.13185781554772324
2_trans_1257.csv,1,1,1,0.9999999596309429,0.9999999596309429,5.622745617438159e-50,4.025029928953256e-08,1.187579671686939e-10
2_trans_2986.csv,2,2,1,0.9995112876061059,2.0602819875480496e-07,0.9995112876061059,5.444082594852479e-07,0.00048796195743569466
2_trans_2038.csv,3,3,1,0.6537580258373948,0.346238074524416,7.251477928464786e-22,0.6537580258373948,3.899638189248574e-06
2_trans_705.csv,1,1,1,0.6865557718100305,0.6865557718100305,3.7990119191374814e-10,0.0036062719893883836,0.3098379558206798
2_trans_1531.csv,1,1,1,0.9999999870967987,0.9999999870967987,3.0383505635274944e-44,4.487821507423809e-12,1.2898713478983837e-08
2_trans_1096.csv,1,1,1,0.9511549016657572,0.9511549016657572,2.280427147795878e-35,0.0488450782390318,2.009521103953263e-08
2_trans_2212.csv,1,1,1,0.9999989149748116,0.9999989149748116,2.222107341503168e-33,1.4111275039760265e-11,1.0850110770262055e-06
2_trans_2206.csv,1,1,1,0.9999984543820499,0.9999984543820499,9.08341135450727e-37,1.542060253829385e-06,3.5576961171840277e-09
2_trans_1733.csv,1,1,1,0.9973249065276961,0.9973249065276961,6.060080037282985e-36,0.002674516110497291,5.773618065978655e-07
2_trans_261.csv,1,1,1,0.9939242343337442,0.9939242343337442,3.465390099203969e-25,0.003932875654785854,0.0021428900114697762
2_trans_1055.csv,1,1,1,0.9983636043003401,0.9983636043003401,2.9391527250427033e-29,1.134667695452922e-07,0.0016362822328905024
2_trans_1732.csv,1,1,1,0.9999990908272437,0.9999990908272437,7.154960270459637e-43,8.971962111743069e-07,1.1976545147765828e-08
2_trans_1040.csv,1,1,1,0.9994997741387207,0.9994997741387207,1.5679931514561323e-22,0.00046745114174073164,3.2774719538373086e-05
2_trans_1726.csv,1,1,1,0.9999998572659701,0.9999998572659701,6.224849586768487e-44,1.1148503007457925e-07,3.1248999900672176e-08
2_trans_2207.csv,1,1,1,0.9999988446203225,0.9999988446203225,5.985882974469525e-41,9.756588569633683e-07,1.7972082058646865e-07
2_trans_248.csv,1,1,1,0.9721390965915397,0.9721390965915397,2.4274132976385557e-27,9.136394912756417e-05,0.027769539459332592
2_trans_2575.csv,1,1,1,0.9999999921410895,0.9999999921410895,5.537269316369401e-46,7.278954001639158e-09,5.799564856955568e-10
2_trans_2213.csv,1,1,1,0.9999991165877885,0.9999991165877885,1.978585523439042e-40,8.116980293858002e-07,7.171418211156793e-08
2_trans_1929.csv,1,4,0,0.7979130996673481,0.2020178945136796,7.15090380822887e-15,6.900581896517623e-05,0.7979130996673481
2_trans_1915.csv,1,1,1,0.9999922519451556,0.9999922519451556,9.501030274925176e-36,6.130674750708805e-06,1.6173800937662538e-06
2_trans_1256.csv,3,3,1,0.9702803084985377,0.02956846568002617,7.397447241798083e-17,0.9702803084985377,0.0001512258214359933
2_trans_1530.csv,1,1,1,0.9994934622867596,0.9994934622867596,1.3339880644661152e-34,0.0005065267847475992,1.0928492758241198e-08
2_trans_1524.csv,1,1,1,0.999998448887056,0.999998448887056,7.464666208761457e-45,5.1254714957304975e-09,1.5459874725722696e-06
2_trans_2993.csv,4,2,0,0.8479279724175053,0.0014888960474419835,0.8479279724175053,0.0011511598213493097,0.14943197171370348
2_trans_2005.csv,1,1,1,0.9999999231770508,0.9999999231770508,9.876796361962724e-43,7.404137942314157e-08,2.781569938697484e-09
2_trans_1518.csv,1,1,1,0.9999945104700522,0.9999945104700522,4.434492374819116e-36,1.9951757015936344e-06,3.494354246220317e-06
2_trans_1281.csv,1,1,1,0.9993150584221785,0.9993150584221785,3.172090308926051e-17,9.282322890396268e-06,0.0006756592549310527
2_trans_664.csv,1,1,1,0.9999985597986937,0.9999985597986937,2.0470481629913457e-46,3.1727817680374034e-12,1.440198133503605e-06
2_trans_102.csv,1,1,1,0.9999999887214787,0.9999999887214787,1.0823021853360553e-40,1.1231852343743655e-08,4.666892785966323e-11
2_trans_2171.csv,1,1,1,0.9999998381442532,0.9999998381442532,1.1318074327325758e-36,7.532265931316981e-08,8.653308767183118e-08
2_trans_1493.csv,1,1,1,0.7994196594008879,0.7994196594008879,1.2866172950691703e-16,0.15482716049359907,0.04575318010551275
2_trans_29.csv,1,1,1,0.9986508404996352,0.9986508404996352,3.577455752888523e-23,4.008811996849062e-06,0.0013451506883681071
2_trans_472.csv,1,1,1,0.9999941293260807,0.9999941293260807,1.804088180430055e-40,5.844077214924346e-09,5.8648298422558715e-06
2_trans_300.csv,1,1,1,0.8867841668725625,0.8867841668725625,4.7229028799829505e-09,0.0014738364811636253,0.11174199192337102
2_trans_1134.csv,1,2,0,0.8920467848917268,0.009865448605486063,0.8920467848917268,0.0019438794295878843,0.09614388707319921
2_trans_2373.csv,1,1,1,0.9988730506371,0.9988730506371,1.5084759167910644e-28,5.208466988334188e-09,0.001126944154433282
2_trans_2415.csv,1,1,1,0.9872400965672927,0.9872400965672927,5.108620385088752e-19,0.0001430020005419554,0.01261690143216541
2_trans_1685.csv,3,1,0,0.675965456177084,0.675965456177084,2.1921167751024693e-12,0.15064339811021005,0.17339114571051378
2_trans_2398.csv,1,1,1,0.9999999448537019,0.9999999448537019,2.810709839503576e-46,3.934042532637348e-08,1.580587271316794e-08
2_trans_1687.csv,1,1,1,0.9997474109927611,0.9997474109927611,5.9152438818608395e-28,0.00025196393657861936,6.250706602310348e-07
2_trans_1693.csv,1,1,1,0.9999993827377913,0.9999993827377913,5.744755667455993e-38,2.816483703178971e-10,6.169805602986457e-07
2_trans_2371.csv,1,1,1,0.9996770725190025,0.9996770725190025,1.773041269978788e-25,0.000294176664650068,2.8750816347283945e-05
2_trans_2365.csv,1,1,1,0.9411986954397034,0.9411986954397034,5.297849908896456e-15,3.2234146597130436e-06,0.05879808114563157
2_trans_316.csv,1,1,1,0.9999110619766557,0.9999110619766557,5.698092242799816e-27,8.786408401062452e-05,1.0739393336666902e-06
2_trans_470.csv,1,1,1,0.9821404241070447,0.9821404241070447,2.696565744381935e-25,0.0017164145849065831,0.01614316130804878
2_trans_2359.csv,1,1,1,0.9636378850321276,0.9636378850321276,2.580649616433172e-17,0.03289900540043453,0.003463109567437929
2_trans_464.csv,1,1,1,0.9999633489366331,0.9999633489366331,7.754166773190546e-29,3.611674827411345e-05,5.343150927949965e-07
2_trans_1136.csv,1,1,1,0.9999998265819111,0.9999998265819111,8.944800135974719e-46,4.174211252167745e-09,1.6924387785204744e-07
2_trans_1485.csv,1,1,1,0.9548082822992011,0.9548082822992011,2.0789494431190354e-13,0.002772619379356493,0.04241909832123454
2_trans_2198.csv,1,1,1,0.9998836007192539,0.9998836007192539,5.9558361562374794e-24,1.4274247364282722e-06,0.00011497185600956412
2_trans_17.csv,3,3,1,0.5871871378598076,0.4108067465793971,6.519658945233585e-16,0.5871871378598076,0.002006115560794599
2_trans_1491.csv,1,1,1,0.9999997017787469,0.9999997017787469,1.7085988950987114e-45,2.305953129017783e-07,6.762594030831265e-08
2_trans_128.csv,4,4,1,0.947753891838079,0.051942255793287394,7.23902355941281e-05,0.00023146213303939394,0.947753891838079
2_trans_2601.csv,1,1,1,0.9962776297322313,0.9962776297322313,5.678233710204515e-26,2.51165282119592e-07,0.00372211910248667
2_trans_1446.csv,1,1,1,0.9971570054522717,0.9971570054522717,2.1643807624136874e-27,0.0028316032410247117,1.1391306703778553e-05
2_trans_1320.csv,1,1,1,0.9999986474822927,0.9999986474822927,1.3548897954850497e-37,6.925051099494772e-07,6.600125974039162e-07
2_trans_2946.csv,4,4,1,0.8376827630690088,0.007915990711774231,0.1446117286974792,0.00978951752173763,0.8376827630690088
2_trans_1283.csv,1,1,1,0.999375729751952,0.999375729751952,1.1771939025902206e-25,6.739459943518031e-06,0.0006175307881044759
2_trans_909.csv,1,1,1,0.9843175209772135,0.9843175209772135,4.823564058404845e-16,0.0007810227729551757,0.01490145624983095
2_trans_2749.csv,1,1,1,0.9619203996165097,0.9619203996165097,1.7363743418012468e-24,0.03646999803517026,0.0016096023483201127
2_trans_1095.csv,1,1,1,0.9999962938011643,0.9999962938011643,1.083110012212656e-31,4.111969359569228e-07,3.295001899848426e-06
2_trans_1081.csv,4,4,1,0.9754772312293701,0.021477277015525785,9.0304232468289e-06,0.003036461331857343,0.9754772312293701
2_trans_1056.csv,1,1,1,0.9998672783388036,0.9998672783388036,1.0258000297523988e-24,1.7547252961237794e-06,0.0001309669359002368
2_trans_504.csv,1,1,1,0.9032941499404274,0.9032941499404274,4.2454356723977686e-14,0.0934890906799057,0.003216759379624258
2_trans_2239.csv,1,1,1,0.9885536081527795,0.9885536081527795,2.444214696129473e-12,7.459042921567026e-05,0.011371801415560776
2_trans_510.csv,1,1,1,0.46848992409555984,0.46848992409555984,9.143440636226073e-08,0.31410226457916873,0.21740771989086494
2_trans_276.csv,1,1,1,0.9998260596465014,0.9998260596465014,1.9259154729889926e-33,0.0001710301948550132,2.9101586435688704e-06
2_trans_1725.csv,1,1,1,0.999996883726708,0.999996883726708,1.1432576434504457e-34,2.7062121988259194e-06,4.1006109309198624e-07
2_trans_511.csv,1,1,1,0.9999999786719704,0.9999999786719704,2.3385896948465246e-43,1.1741103564193152e-09,2.015391929169041e-08
2_trans_2238.csv,1,3,0,0.8967828690998064,0.09882420634353191,9.627796968582015e-11,0.8967828690998064,0.004392924460383827
2_trans_1731.csv,1,1,1,0.9999998548531128,0.9999998548531128,5.314223745642418e-52,1.4514504790579298e-07,1.8391858059972456e-12
2_trans_2562.csv,1,1,1,0.9999091089786121,0.9999091089786121,5.240689489940045e-30,9.08591208891373e-05,3.190049874632084e-08
2_trans_1080.csv,1,1,1,0.9999873580789487,0.9999873580789487,4.291298614864134e-37,1.2640656628209536e-05,1.2644229867498764e-09
2_trans_1902.csv,3,1,0,0.8829624947001069,0.8829624947001069,4.260036909394527e-15,0.11298039736931963,0.004057107930569128
2_trans_288.csv,1,1,1,0.9134555100722132,0.9134555100722132,2.439554772001674e-10,0.07857403875952138,0.007970450924309879
2_trans_1527.csv,1,1,1,0.9999931034008357,0.9999931034008357,2.3630199597170363e-38,1.3762501405603128e-09,6.8952229141427475e-06
2_trans_2984.csv,2,2,1,0.9992278424532116,1.0838358502391183e-08,0.9992278424532116,6.381019493279473e-08,0.0007720828982348792
2_trans_2760.csv,1,1,1,0.9999998968761701,0.9999998968761701,3.7496791232967735e-46,1.0261910081411928e-07,5.047290363718839e-10
2_trans_2953.csv,4,4,1,0.8321609103116498,0.06860758651027835,0.061137755689850214,0.038093747488221516,0.8321609103116498
2_trans_1296.csv,1,4,0,0.5048150225137706,0.46848976483916854,5.67142649758226e-09,0.0266952069756343,0.5048150225137706
2_trans_1335.csv,1,1,1,0.9999999243784967,0.9999999243784967,3.0980753177957826e-48,5.9042781695368384e-08,1.6578721670592645e-08
2_trans_2628.csv,1,1,1,0.9938239070774832,0.9938239070774832,1.7151504482145448e-26,0.006133598511809236,4.249441070764457e-05
2_trans_1321.csv,1,1,1,0.9999960003985023,0.9999960003985023,6.097365212737201e-43,3.998114755150645e-06,1.4867424587031501e-09
2_trans_883.csv,1,1,1,0.9999999947154099,0.9999999947154099,4.518341577631471e-47,5.060206827869485e-09,2.243832814768028e-10
2_trans_2172.csv,1,1,1,0.6164804179683062,0.6164804179683062,2.3430666277867634e-13,0.05127209722731778,0.3322474848041416
2_trans_897.csv,1,1,1,0.9999999995744677,0.9999999995744677,9.337817488662772e-48,4.0377794852392566e-10,2.1754359771768354e-11
2_trans_129.csv,3,3,1,0.9689250759679806,0.031054872592648417,2.1418104934181036e-14,0.9689250759679806,2.005143934967586e-05
2_trans_2827.csv,2,2,1,0.9984505979109155,1.2985281841729083e-07,0.9984505979109155,1.5539361910109642e-07,0.0015491168426468842
2_trans_16.csv,1,1,1,0.9987802509067859,0.9987802509067859,1.0665577298423505e-27,5.6146053990797036e-08,0.0012196929471602975
2_trans_868.csv,4,4,1,0.7573567348475821,0.14358546325900726,8.646007510239642e-05,0.09897134181830824,0.7573567348475821
2_trans_698.csv,1,1,1,0.999999965361945,0.999999965361945,1.0852587972032896e-37,3.5874876526094555e-12,3.4634467479524785e-08
2_trans_840.csv,1,1,1,0.9999953545385988,0.9999953545385988,1.365883936770276e-38,4.645082249853378e-06,3.7915144568710156e-10
2_trans_1889.csv,1,1,1,0.9993711395261637,0.9993711395261637,4.0724897146592e-25,0.0006010958231408719,2.7764650695357656e-05
2_trans_2358.csv,1,1,1,0.9751471739987657,0.9751471739987657,3.2670635312504584e-18,0.0002290233585468266,0.024623802642687466
2_trans_317.csv,1,1,1,0.9999459261393471,0.9999459261393471,7.109634045638098e-27,1.3409686899234827e-06,5.273289196302509e-05
2_trans_459.csv,1,1,1,0.999984466563747,0.999984466563747,4.7556607655448716e-33,1.3809212453568336e-05,1.7242237994242873e-06
2_trans_1686.csv,1,1,1,0.9999999393066549,0.9999999393066549,1.9262860880104544e-44,1.4430063884888302e-08,4.626328125034412e-08
