scenario,severity,repeat,class_label,class_name,precision,recall,f1,support
relative_gaussian_noise,0.02,0,1,Normal mode,0.9920634920634921,0.17099863201094392,0.29171528588098017,731
relative_gaussian_noise,0.02,0,2,Partial discharge,0.6428571428571429,0.9473684210526315,0.7659574468085106,38
relative_gaussian_noise,0.02,0,3,Low energy discharge,0.06950354609929078,1.0,0.129973474801061,49
relative_gaussian_noise,0.02,0,4,Low-temperature overheating,0.38461538461538464,0.06097560975609756,0.10526315789473684,82
relative_gaussian_noise,0.02,1,1,Normal mode,1.0,0.1600547195622435,0.2759433962264151,731
relative_gaussian_noise,0.02,1,2,Partial discharge,0.6206896551724138,0.9473684210526315,0.75,38
relative_gaussian_noise,0.02,1,3,Low energy discharge,0.06882022471910113,1.0,0.1287779237844941,49
relative_gaussian_noise,0.02,1,4,Low-temperature overheating,0.5384615384615384,0.08536585365853659,0.14736842105263157,82
relative_gaussian_noise,0.02,2,1,Normal mode,1.0,0.1545827633378933,0.2677725118483412,731
relative_gaussian_noise,0.02,2,2,Partial discharge,0.6545454545454545,0.9473684210526315,0.7741935483870968,38
relative_gaussian_noise,0.02,2,3,Low energy discharge,0.06824512534818941,1.0,0.12777053455019557,49
relative_gaussian_noise,0.02,2,4,Low-temperature overheating,0.5,0.08536585365853659,0.14583333333333334,82
relative_gaussian_noise,0.02,3,1,Normal mode,0.9917355371900827,0.16415868673050615,0.28169014084507044,731
relative_gaussian_noise,0.02,3,2,Partial discharge,0.631578947368421,0.9473684210526315,0.7578947368421053,38
relative_gaussian_noise,0.02,3,3,Low energy discharge,0.06853146853146853,1.0,0.12827225130890052,49
relative_gaussian_noise,0.02,3,4,Low-temperature overheating,0.2857142857142857,0.024390243902439025,0.0449438202247191,82
relative_gaussian_noise,0.02,4,1,Normal mode,0.9915254237288136,0.1600547195622435,0.2756183745583039,731
relative_gaussian_noise,0.02,4,2,Partial discharge,0.6428571428571429,0.9473684210526315,0.7659574468085106,38
relative_gaussian_noise,0.02,4,3,Low energy discharge,0.06862745098039216,1.0,0.12844036697247707,49
relative_gaussian_noise,0.02,4,4,Low-temperature overheating,0.6666666666666666,0.0975609756097561,0.1702127659574468,82
relative_gaussian_noise,0.02,5,1,Normal mode,0.9927007299270073,0.18604651162790697,0.31336405529953915,731
relative_gaussian_noise,0.02,5,2,Partial discharge,0.6140350877192983,0.9210526315789473,0.7368421052631579,38
relative_gaussian_noise,0.02,5,3,Low energy discharge,0.06886657101865136,0.9795918367346939,0.128686327077748,49
relative_gaussian_noise,0.02,5,4,Low-temperature overheating,0.3333333333333333,0.036585365853658534,0.06593406593406594,82
relative_gaussian_noise,0.02,6,1,Normal mode,1.0,0.16415868673050615,0.282021151586369,731
relative_gaussian_noise,0.02,6,2,Partial discharge,0.6101694915254238,0.9473684210526315,0.7422680412371134,38
relative_gaussian_noise,0.02,6,3,Low energy discharge,0.06882022471910113,1.0,0.1287779237844941,49
relative_gaussian_noise,0.02,6,4,Low-temperature overheating,0.4444444444444444,0.04878048780487805,0.08791208791208792,82
relative_gaussian_noise,0.02,7,1,Normal mode,1.0,0.16279069767441862,0.28,731
relative_gaussian_noise,0.02,7,2,Partial discharge,0.5806451612903226,0.9473684210526315,0.72,38
relative_gaussian_noise,0.02,7,3,Low energy discharge,0.0676056338028169,0.9795918367346939,0.12648221343873517,49
relative_gaussian_noise,0.02,7,4,Low-temperature overheating,0.6666666666666666,0.07317073170731707,0.13186813186813187,82
relative_gaussian_noise,0.02,8,1,Normal mode,1.0,0.17783857729138167,0.30197444831591175,731
relative_gaussian_noise,0.02,8,2,Partial discharge,0.6545454545454545,0.9473684210526315,0.7741935483870968,38
relative_gaussian_noise,0.02,8,3,Low energy discharge,0.07010014306151645,1.0,0.13101604278074866,49
relative_gaussian_noise,0.02,8,4,Low-temperature overheating,0.3125,0.06097560975609756,0.10204081632653061,82
relative_gaussian_noise,0.02,9,1,Normal mode,1.0,0.15047879616963064,0.2615933412604043,731
relative_gaussian_noise,0.02,9,2,Partial discharge,0.6538461538461539,0.8947368421052632,0.7555555555555555,38
relative_gaussian_noise,0.02,9,3,Low energy discharge,0.0674931129476584,1.0,0.12645161290322582,49
relative_gaussian_noise,0.02,9,4,Low-temperature overheating,0.5,0.07317073170731707,0.1276595744680851,82
relative_gaussian_noise,0.02,10,1,Normal mode,1.0,0.17783857729138167,0.30197444831591175,731
relative_gaussian_noise,0.02,10,2,Partial discharge,0.6545454545454545,0.9473684210526315,0.7741935483870968,38
relative_gaussian_noise,0.02,10,3,Low energy discharge,0.06960227272727272,1.0,0.1301460823373174,49
relative_gaussian_noise,0.02,10,4,Low-temperature overheating,0.36363636363636365,0.04878048780487805,0.08602150537634409,82
relative_gaussian_noise,0.02,11,1,Normal mode,1.0,0.16415868673050615,0.282021151586369,731
relative_gaussian_noise,0.02,11,2,Partial discharge,0.5932203389830508,0.9210526315789473,0.7216494845360825,38
relative_gaussian_noise,0.02,11,3,Low energy discharge,0.06741573033707865,0.9795918367346939,0.12614980289093297,49
relative_gaussian_noise,0.02,11,4,Low-temperature overheating,0.3333333333333333,0.036585365853658534,0.06593406593406594,82
relative_gaussian_noise,0.02,12,1,Normal mode,1.0,0.16279069767441862,0.28,731
relative_gaussian_noise,0.02,12,2,Partial discharge,0.6206896551724138,0.9473684210526315,0.75,38
relative_gaussian_noise,0.02,12,3,Low energy discharge,0.06862745098039216,1.0,0.12844036697247707,49
relative_gaussian_noise,0.02,12,4,Low-temperature overheating,0.3333333333333333,0.036585365853658534,0.06593406593406594,82
relative_gaussian_noise,0.02,13,1,Normal mode,0.9918032786885246,0.16552667578659372,0.283704572098476,731
relative_gaussian_noise,0.02,13,2,Partial discharge,0.6166666666666667,0.9736842105263158,0.7551020408163265,38
relative_gaussian_noise,0.02,13,3,Low energy discharge,0.06818181818181818,0.9795918367346939,0.12749003984063745,49
relative_gaussian_noise,0.02,13,4,Low-temperature overheating,0.6428571428571429,0.10975609756097561,0.1875,82
relative_gaussian_noise,0.02,14,1,Normal mode,0.9911504424778761,0.15321477428180574,0.26540284360189575,731
relative_gaussian_noise,0.02,14,2,Partial discharge,0.631578947368421,0.9473684210526315,0.7578947368421053,38
relative_gaussian_noise,0.02,14,3,Low energy discharge,0.06853146853146853,1.0,0.12827225130890052,49
relative_gaussian_noise,0.02,14,4,Low-temperature overheating,0.4666666666666667,0.08536585365853659,0.14432989690721648,82
relative_gaussian_noise,0.02,15,1,Normal mode,1.0,0.17510259917920656,0.2980209545983702,731
relative_gaussian_noise,0.02,15,2,Partial discharge,0.6428571428571429,0.9473684210526315,0.7659574468085106,38
relative_gaussian_noise,0.02,15,3,Low energy discharge,0.06930693069306931,1.0,0.12962962962962962,49
relative_gaussian_noise,0.02,15,4,Low-temperature overheating,0.4444444444444444,0.04878048780487805,0.08791208791208792,82
relative_gaussian_noise,0.02,16,1,Normal mode,1.0,0.16142270861833105,0.2779740871613663,731
relative_gaussian_noise,0.02,16,2,Partial discharge,0.5967741935483871,0.9736842105263158,0.74,38
relative_gaussian_noise,0.02,16,3,Low energy discharge,0.06741573033707865,0.9795918367346939,0.12614980289093297,49
relative_gaussian_noise,0.02,16,4,Low-temperature overheating,0.375,0.036585365853658534,0.06666666666666667,82
relative_gaussian_noise,0.02,17,1,Normal mode,1.0,0.15321477428180574,0.265717674970344,731
relative_gaussian_noise,0.02,17,2,Partial discharge,0.6545454545454545,0.9473684210526315,0.7741935483870968,38
relative_gaussian_noise,0.02,17,3,Low energy discharge,0.06767955801104972,1.0,0.12677878395860284,49
relative_gaussian_noise,0.02,17,4,Low-temperature overheating,0.3333333333333333,0.036585365853658534,0.06593406593406594,82
relative_gaussian_noise,0.02,18,1,Normal mode,1.0,0.1600547195622435,0.2759433962264151,731
relative_gaussian_noise,0.02,18,2,Partial discharge,0.6481481481481481,0.9210526315789473,0.7608695652173914,38
relative_gaussian_noise,0.02,18,3,Low energy discharge,0.06815020862308763,1.0,0.12760416666666666,49
relative_gaussian_noise,0.02,18,4,Low-temperature overheating,0.5,0.06097560975609756,0.10869565217391304,82
relative_gaussian_noise,0.02,19,1,Normal mode,0.991869918699187,0.16689466484268126,0.2857142857142857,731
relative_gaussian_noise,0.02,19,2,Partial discharge,0.6271186440677966,0.9736842105263158,0.7628865979381443,38
relative_gaussian_noise,0.02,19,3,Low energy discharge,0.06950354609929078,1.0,0.129973474801061,49
relative_gaussian_noise,0.02,19,4,Low-temperature overheating,0.38461538461538464,0.06097560975609756,0.10526315789473684,82
relative_gaussian_noise,0.05,0,1,Normal mode,1.0,0.09165526675786594,0.16791979949874686,731
relative_gaussian_noise,0.05,0,2,Partial discharge,0.5070422535211268,0.9473684210526315,0.6605504587155964,38
relative_gaussian_noise,0.05,0,3,Low energy discharge,0.06472919418758256,1.0,0.12158808933002481,49
relative_gaussian_noise,0.05,0,4,Low-temperature overheating,0.2,0.012195121951219513,0.022988505747126436,82
relative_gaussian_noise,0.05,1,1,Normal mode,1.0,0.08344733242134063,0.15404040404040403,731
relative_gaussian_noise,0.05,1,2,Partial discharge,0.4782608695652174,0.868421052631579,0.616822429906542,38
relative_gaussian_noise,0.05,1,3,Low energy discharge,0.06413612565445026,1.0,0.12054120541205413,49
relative_gaussian_noise,0.05,1,4,Low-temperature overheating,0.3333333333333333,0.024390243902439025,0.045454545454545456,82
relative_gaussian_noise,0.05,2,1,Normal mode,1.0,0.08071135430916553,0.14936708860759493,731
relative_gaussian_noise,0.05,2,2,Partial discharge,0.532258064516129,0.868421052631579,0.66,38
relative_gaussian_noise,0.05,2,3,Low energy discharge,0.06330749354005168,1.0,0.11907654921020656,49
relative_gaussian_noise,0.05,2,4,Low-temperature overheating,0.6,0.036585365853658534,0.06896551724137931,82
relative_gaussian_noise,0.05,3,1,Normal mode,1.0,0.07660738714090287,0.1423125794155019,731
relative_gaussian_noise,0.05,3,2,Partial discharge,0.5142857142857142,0.9473684210526315,0.6666666666666666,38
relative_gaussian_noise,0.05,3,3,Low energy discharge,0.06388526727509779,1.0,0.12009803921568628,49
relative_gaussian_noise,0.05,3,4,Low-temperature overheating,0.42857142857142855,0.036585365853658534,0.06741573033707865,82
relative_gaussian_noise,0.05,4,1,Normal mode,1.0,0.08344733242134063,0.15404040404040403,731
relative_gaussian_noise,0.05,4,2,Partial discharge,0.5454545454545454,0.9473684210526315,0.6923076923076923,38
relative_gaussian_noise,0.05,4,3,Low energy discharge,0.06380208333333333,1.0,0.11995104039167687,49
relative_gaussian_noise,0.05,4,4,Low-temperature overheating,0.4,0.024390243902439025,0.04597701149425287,82
relative_gaussian_noise,0.05,5,1,Normal mode,1.0,0.09028727770177838,0.1656210790464241,731
relative_gaussian_noise,0.05,5,2,Partial discharge,0.5217391304347826,0.9473684210526315,0.6728971962616822,38
relative_gaussian_noise,0.05,5,3,Low energy discharge,0.06282722513089005,0.9795918367346939,0.11808118081180811,49
relative_gaussian_noise,0.05,5,4,Low-temperature overheating,1.0,0.012195121951219513,0.024096385542168676,82
relative_gaussian_noise,0.05,6,1,Normal mode,1.0,0.08207934336525308,0.15170670037926676,731
relative_gaussian_noise,0.05,6,2,Partial discharge,0.5072463768115942,0.9210526315789473,0.6542056074766355,38
relative_gaussian_noise,0.05,6,3,Low energy discharge,0.06380208333333333,1.0,0.11995104039167687,49
relative_gaussian_noise,0.05,6,4,Low-temperature overheating,0.3333333333333333,0.012195121951219513,0.023529411764705882,82
relative_gaussian_noise,0.05,7,1,Normal mode,1.0,0.08618331053351573,0.15869017632241814,731
relative_gaussian_noise,0.05,7,2,Partial discharge,0.5573770491803278,0.8947368421052632,0.6868686868686869,38
relative_gaussian_noise,0.05,7,3,Low energy discharge,0.06347150259067358,1.0,0.11936662606577345,49
relative_gaussian_noise,0.05,7,4,Low-temperature overheating,0.25,0.012195121951219513,0.023255813953488372,82
relative_gaussian_noise,0.05,8,1,Normal mode,1.0,0.1012311901504788,0.18385093167701863,731
relative_gaussian_noise,0.05,8,2,Partial discharge,0.4852941176470588,0.868421052631579,0.6226415094339622,38
relative_gaussian_noise,0.05,8,3,Low energy discharge,0.06481481481481481,1.0,0.12173913043478261,49
relative_gaussian_noise,0.05,8,4,Low-temperature overheating,0.0,0.0,0.0,82
relative_gaussian_noise,0.05,9,1,Normal mode,1.0,0.09028727770177838,0.1656210790464241,731
relative_gaussian_noise,0.05,9,2,Partial discharge,0.5625,0.9473684210526315,0.7058823529411765,38
relative_gaussian_noise,0.05,9,3,Low energy discharge,0.06266318537859007,0.9795918367346939,0.11779141104294479,49
relative_gaussian_noise,0.05,9,4,Low-temperature overheating,0.5,0.024390243902439025,0.046511627906976744,82
relative_gaussian_noise,0.05,10,1,Normal mode,1.0,0.09986320109439124,0.18159203980099503,731
relative_gaussian_noise,0.05,10,2,Partial discharge,0.4857142857142857,0.8947368421052632,0.6296296296296297,38
relative_gaussian_noise,0.05,10,3,Low energy discharge,0.0650730411686587,1.0,0.12219451371571072,49
relative_gaussian_noise,0.05,10,4,Low-temperature overheating,0.5,0.024390243902439025,0.046511627906976744,82
relative_gaussian_noise,0.05,11,1,Normal mode,1.0,0.08755129958960328,0.1610062893081761,731
relative_gaussian_noise,0.05,11,2,Partial discharge,0.5396825396825397,0.8947368421052632,0.6732673267326733,38
relative_gaussian_noise,0.05,11,3,Low energy discharge,0.06363636363636363,1.0,0.11965811965811966,49
relative_gaussian_noise,0.05,11,4,Low-temperature overheating,0.0,0.0,0.0,82
relative_gaussian_noise,0.05,12,1,Normal mode,1.0,0.07934336525307797,0.14702154626108999,731
relative_gaussian_noise,0.05,12,2,Partial discharge,0.5,0.8947368421052632,0.6415094339622641,38
relative_gaussian_noise,0.05,12,3,Low energy discharge,0.06371911573472042,1.0,0.1198044009779951,49
relative_gaussian_noise,0.05,12,4,Low-temperature overheating,0.6,0.036585365853658534,0.06896551724137931,82
relative_gaussian_noise,0.05,13,1,Normal mode,1.0,0.07387140902872777,0.1375796178343949,731
relative_gaussian_noise,0.05,13,2,Partial discharge,0.5223880597014925,0.9210526315789473,0.6666666666666666,38
relative_gaussian_noise,0.05,13,3,Low energy discharge,0.06363636363636363,1.0,0.11965811965811966,49
relative_gaussian_noise,0.05,13,4,Low-temperature overheating,0.3333333333333333,0.036585365853658534,0.06593406593406594,82
relative_gaussian_noise,0.05,14,1,Normal mode,1.0,0.08481532147742818,0.15636822194199243,731
relative_gaussian_noise,0.05,14,2,Partial discharge,0.5076923076923077,0.868421052631579,0.6407766990291263,38
relative_gaussian_noise,0.05,14,3,Low energy discharge,0.0625,0.9795918367346939,0.1175030599755202,49
relative_gaussian_noise,0.05,14,4,Low-temperature overheating,0.4,0.024390243902439025,0.04597701149425287,82
relative_gaussian_noise,0.05,15,1,Normal mode,0.9841269841269841,0.08481532147742818,0.1561712846347607,731
relative_gaussian_noise,0.05,15,2,Partial discharge,0.49295774647887325,0.9210526315789473,0.6422018348623854,38
relative_gaussian_noise,0.05,15,3,Low energy discharge,0.06430446194225722,1.0,0.12083847102342787,49
relative_gaussian_noise,0.05,15,4,Low-temperature overheating,0.5,0.024390243902439025,0.046511627906976744,82
relative_gaussian_noise,0.05,16,1,Normal mode,1.0,0.09439124487004104,0.1725,731
relative_gaussian_noise,0.05,16,2,Partial discharge,0.5294117647058824,0.9473684210526315,0.6792452830188679,38
relative_gaussian_noise,0.05,16,3,Low energy discharge,0.06307490144546649,0.9795918367346939,0.11851851851851852,49
relative_gaussian_noise,0.05,16,4,Low-temperature overheating,0.0,0.0,0.0,82
relative_gaussian_noise,0.05,17,1,Normal mode,1.0,0.07523939808481532,0.13994910941475827,731
relative_gaussian_noise,0.05,17,2,Partial discharge,0.4788732394366197,0.8947368421052632,0.6238532110091743,38
relative_gaussian_noise,0.05,17,3,Low energy discharge,0.0622568093385214,0.9795918367346939,0.11707317073170732,49
relative_gaussian_noise,0.05,17,4,Low-temperature overheating,0.6666666666666666,0.024390243902439025,0.047058823529411764,82
relative_gaussian_noise,0.05,18,1,Normal mode,1.0,0.09028727770177838,0.1656210790464241,731
relative_gaussian_noise,0.05,18,2,Partial discharge,0.546875,0.9210526315789473,0.6862745098039216,38
relative_gaussian_noise,0.05,18,3,Low energy discharge,0.06371911573472042,1.0,0.1198044009779951,49
relative_gaussian_noise,0.05,18,4,Low-temperature overheating,0.0,0.0,0.0,82
relative_gaussian_noise,0.05,19,1,Normal mode,1.0,0.1012311901504788,0.18385093167701863,731
relative_gaussian_noise,0.05,19,2,Partial discharge,0.49295774647887325,0.9210526315789473,0.6422018348623854,38
relative_gaussian_noise,0.05,19,3,Low energy discharge,0.06550802139037433,1.0,0.12296110414052698,49
relative_gaussian_noise,0.05,19,4,Low-temperature overheating,0.2857142857142857,0.024390243902439025,0.0449438202247191,82
relative_gaussian_noise,0.1,0,1,Normal mode,1.0,0.06703146374829001,0.12564102564102564,731
relative_gaussian_noise,0.1,0,2,Partial discharge,0.43037974683544306,0.8947368421052632,0.5811965811965812,38
relative_gaussian_noise,0.1,0,3,Low energy discharge,0.06363636363636363,1.0,0.11965811965811966,49
relative_gaussian_noise,0.1,0,4,Low-temperature overheating,0.0,0.0,0.0,82
relative_gaussian_noise,0.1,1,1,Normal mode,1.0,0.06429548563611491,0.12082262210796915,731
relative_gaussian_noise,0.1,1,2,Partial discharge,0.4430379746835443,0.9210526315789473,0.5982905982905983,38
relative_gaussian_noise,0.1,1,3,Low energy discharge,0.06217616580310881,0.9795918367346939,0.11693057247259439,49
relative_gaussian_noise,0.1,1,4,Low-temperature overheating,0.5,0.012195121951219513,0.023809523809523808,82
relative_gaussian_noise,0.1,2,1,Normal mode,1.0,0.06566347469220246,0.12323491655969192,731
relative_gaussian_noise,0.1,2,2,Partial discharge,0.44594594594594594,0.868421052631579,0.5892857142857143,38
relative_gaussian_noise,0.1,2,3,Low energy discharge,0.06322580645161291,1.0,0.11893203883495146,49
relative_gaussian_noise,0.1,2,4,Low-temperature overheating,0.6666666666666666,0.024390243902439025,0.047058823529411764,82
relative_gaussian_noise,0.1,3,1,Normal mode,1.0,0.06566347469220246,0.12323491655969192,731
relative_gaussian_noise,0.1,3,2,Partial discharge,0.49295774647887325,0.9210526315789473,0.6422018348623854,38
relative_gaussian_noise,0.1,3,3,Low energy discharge,0.06290115532734275,1.0,0.11835748792270531,49
relative_gaussian_noise,0.1,3,4,Low-temperature overheating,0.5,0.012195121951219513,0.023809523809523808,82
relative_gaussian_noise,0.1,4,1,Normal mode,1.0,0.06155950752393981,0.11597938144329897,731
relative_gaussian_noise,0.1,4,2,Partial discharge,0.4473684210526316,0.8947368421052632,0.5964912280701754,38
relative_gaussian_noise,0.1,4,3,Low energy discharge,0.06290115532734275,1.0,0.11835748792270531,49
relative_gaussian_noise,0.1,4,4,Low-temperature overheating,0.0,0.0,0.0,82
relative_gaussian_noise,0.1,5,1,Normal mode,1.0,0.06292749658002736,0.11840411840411841,731
relative_gaussian_noise,0.1,5,2,Partial discharge,0.4657534246575342,0.8947368421052632,0.6126126126126126,38
relative_gaussian_noise,0.1,5,3,Low energy discharge,0.06161745827984596,0.9795918367346939,0.11594202898550725,49
relative_gaussian_noise,0.1,5,4,Low-temperature overheating,0.5,0.012195121951219513,0.023809523809523808,82
relative_gaussian_noise,0.1,6,1,Normal mode,1.0,0.07797537619699042,0.1446700507614213,731
relative_gaussian_noise,0.1,6,2,Partial discharge,0.43037974683544306,0.8947368421052632,0.5811965811965812,38
relative_gaussian_noise,0.1,6,3,Low energy discharge,0.06438896189224705,1.0,0.12098765432098765,49
relative_gaussian_noise,0.1,6,4,Low-temperature overheating,0.0,0.0,0.0,82
relative_gaussian_noise,0.1,7,1,Normal mode,1.0,0.06976744186046512,0.13043478260869565,731
relative_gaussian_noise,0.1,7,2,Partial discharge,0.4925373134328358,0.868421052631579,0.6285714285714286,38
relative_gaussian_noise,0.1,7,3,Low energy discharge,0.06298200514138817,1.0,0.1185006045949214,49
relative_gaussian_noise,0.1,7,4,Low-temperature overheating,0.75,0.036585365853658534,0.06976744186046512,82
relative_gaussian_noise,0.1,8,1,Normal mode,1.0,0.060191518467852256,0.1135483870967742,731
relative_gaussian_noise,0.1,8,2,Partial discharge,0.4533333333333333,0.8947368421052632,0.6017699115044248,38
relative_gaussian_noise,0.1,8,3,Low energy discharge,0.06161745827984596,0.9795918367346939,0.11594202898550725,49
relative_gaussian_noise,0.1,8,4,Low-temperature overheating,0.0,0.0,0.0,82
relative_gaussian_noise,0.1,9,1,Normal mode,1.0,0.07250341997264022,0.13520408163265307,731
relative_gaussian_noise,0.1,9,2,Partial discharge,0.4583333333333333,0.868421052631579,0.6,38
relative_gaussian_noise,0.1,9,3,Low energy discharge,0.06355382619974059,1.0,0.11951219512195121,49
relative_gaussian_noise,0.1,9,4,Low-temperature overheating,0.75,0.036585365853658534,0.06976744186046512,82
relative_gaussian_noise,0.1,10,1,Normal mode,1.0,0.06976744186046512,0.13043478260869565,731
relative_gaussian_noise,0.1,10,2,Partial discharge,0.4473684210526316,0.8947368421052632,0.5964912280701754,38
relative_gaussian_noise,0.1,10,3,Low energy discharge,0.06241872561768531,0.9795918367346939,0.11735941320293398,49
relative_gaussian_noise,0.1,10,4,Low-temperature overheating,0.25,0.012195121951219513,0.023255813953488372,82
relative_gaussian_noise,0.1,11,1,Normal mode,1.0,0.07797537619699042,0.1446700507614213,731
relative_gaussian_noise,0.1,11,2,Partial discharge,0.4931506849315068,0.9473684210526315,0.6486486486486487,38
relative_gaussian_noise,0.1,11,3,Low energy discharge,0.06371911573472042,1.0,0.1198044009779951,49
relative_gaussian_noise,0.1,11,4,Low-temperature overheating,1.0,0.012195121951219513,0.024096385542168676,82
relative_gaussian_noise,0.1,12,1,Normal mode,1.0,0.0533515731874145,0.1012987012987013,731
relative_gaussian_noise,0.1,12,2,Partial discharge,0.4230769230769231,0.868421052631579,0.5689655172413793,38
relative_gaussian_noise,0.1,12,3,Low energy discharge,0.06257982120051085,1.0,0.11778846153846154,49
relative_gaussian_noise,0.1,12,4,Low-temperature overheating,0.0,0.0,0.0,82
relative_gaussian_noise,0.1,13,1,Normal mode,1.0,0.06703146374829001,0.12564102564102564,731
relative_gaussian_noise,0.1,13,2,Partial discharge,0.47761194029850745,0.8421052631578947,0.6095238095238096,38
relative_gaussian_noise,0.1,13,3,Low energy discharge,0.06265984654731457,1.0,0.11793020457280386,49
relative_gaussian_noise,0.1,13,4,Low-temperature overheating,1.0,0.024390243902439025,0.047619047619047616,82
relative_gaussian_noise,0.1,14,1,Normal mode,1.0,0.07113543091655267,0.13282247765006386,731
relative_gaussian_noise,0.1,14,2,Partial discharge,0.4375,0.9210526315789473,0.5932203389830508,38
relative_gaussian_noise,0.1,14,3,Low energy discharge,0.0639686684073107,1.0,0.12024539877300613,49
relative_gaussian_noise,0.1,14,4,Low-temperature overheating,0.5,0.012195121951219513,0.023809523809523808,82
relative_gaussian_noise,0.1,15,1,Normal mode,1.0,0.07250341997264022,0.13520408163265307,731
relative_gaussian_noise,0.1,15,2,Partial discharge,0.44871794871794873,0.9210526315789473,0.603448275862069,38
relative_gaussian_noise,0.1,15,3,Low energy discharge,0.0639686684073107,1.0,0.12024539877300613,49
relative_gaussian_noise,0.1,15,4,Low-temperature overheating,0.0,0.0,0.0,82
relative_gaussian_noise,0.1,16,1,Normal mode,1.0,0.06839945280437756,0.12804097311139565,731
relative_gaussian_noise,0.1,16,2,Partial discharge,0.4473684210526316,0.8947368421052632,0.5964912280701754,38
relative_gaussian_noise,0.1,16,3,Low energy discharge,0.0622568093385214,0.9795918367346939,0.11707317073170732,49
relative_gaussian_noise,0.1,16,4,Low-temperature overheating,0.6666666666666666,0.024390243902439025,0.047058823529411764,82
relative_gaussian_noise,0.1,17,1,Normal mode,1.0,0.06976744186046512,0.13043478260869565,731
relative_gaussian_noise,0.1,17,2,Partial discharge,0.44155844155844154,0.8947368421052632,0.591304347826087,38
relative_gaussian_noise,0.1,17,3,Low energy discharge,0.06371911573472042,1.0,0.1198044009779951,49
relative_gaussian_noise,0.1,17,4,Low-temperature overheating,0.6666666666666666,0.024390243902439025,0.047058823529411764,82
relative_gaussian_noise,0.1,18,1,Normal mode,0.9795918367346939,0.06566347469220246,0.12307692307692308,731
relative_gaussian_noise,0.1,18,2,Partial discharge,0.4788732394366197,0.8947368421052632,0.6238532110091743,38
relative_gaussian_noise,0.1,18,3,Low energy discharge,0.06306306306306306,1.0,0.11864406779661017,49
relative_gaussian_noise,0.1,18,4,Low-temperature overheating,0.3333333333333333,0.012195121951219513,0.023529411764705882,82
relative_gaussian_noise,0.1,19,1,Normal mode,1.0,0.06429548563611491,0.12082262210796915,731
relative_gaussian_noise,0.1,19,2,Partial discharge,0.4666666666666667,0.9210526315789473,0.6194690265486725,38
relative_gaussian_noise,0.1,19,3,Low energy discharge,0.06322580645161291,1.0,0.11893203883495146,49
relative_gaussian_noise,0.1,19,4,Low-temperature overheating,0.3333333333333333,0.012195121951219513,0.023529411764705882,82
random_missing_timestamps,0.05,0,1,Normal mode,0.9834254143646409,0.9740082079343365,0.9786941580756013,731
random_missing_timestamps,0.05,0,2,Partial discharge,0.9210526315789473,0.9210526315789473,0.9210526315789473,38
random_missing_timestamps,0.05,0,3,Low energy discharge,0.851063829787234,0.8163265306122449,0.8333333333333334,49
random_missing_timestamps,0.05,0,4,Low-temperature overheating,0.8131868131868132,0.9024390243902439,0.8554913294797688,82
random_missing_timestamps,0.05,1,1,Normal mode,0.9834254143646409,0.9740082079343365,0.9786941580756013,731
random_missing_timestamps,0.05,1,2,Partial discharge,0.9210526315789473,0.9210526315789473,0.9210526315789473,38
random_missing_timestamps,0.05,1,3,Low energy discharge,0.851063829787234,0.8163265306122449,0.8333333333333334,49
random_missing_timestamps,0.05,1,4,Low-temperature overheating,0.8131868131868132,0.9024390243902439,0.8554913294797688,82
random_missing_timestamps,0.05,2,1,Normal mode,0.9834254143646409,0.9740082079343365,0.9786941580756013,731
random_missing_timestamps,0.05,2,2,Partial discharge,0.9210526315789473,0.9210526315789473,0.9210526315789473,38
random_missing_timestamps,0.05,2,3,Low energy discharge,0.851063829787234,0.8163265306122449,0.8333333333333334,49
random_missing_timestamps,0.05,2,4,Low-temperature overheating,0.8131868131868132,0.9024390243902439,0.8554913294797688,82
random_missing_timestamps,0.05,3,1,Normal mode,0.9834254143646409,0.9740082079343365,0.9786941580756013,731
random_missing_timestamps,0.05,3,2,Partial discharge,0.9210526315789473,0.9210526315789473,0.9210526315789473,38
random_missing_timestamps,0.05,3,3,Low energy discharge,0.851063829787234,0.8163265306122449,0.8333333333333334,49
random_missing_timestamps,0.05,3,4,Low-temperature overheating,0.8131868131868132,0.9024390243902439,0.8554913294797688,82
random_missing_timestamps,0.05,4,1,Normal mode,0.9834254143646409,0.9740082079343365,0.9786941580756013,731
random_missing_timestamps,0.05,4,2,Partial discharge,0.9210526315789473,0.9210526315789473,0.9210526315789473,38
random_missing_timestamps,0.05,4,3,Low energy discharge,0.851063829787234,0.8163265306122449,0.8333333333333334,49
random_missing_timestamps,0.05,4,4,Low-temperature overheating,0.8131868131868132,0.9024390243902439,0.8554913294797688,82
random_missing_timestamps,0.05,5,1,Normal mode,0.9834254143646409,0.9740082079343365,0.9786941580756013,731
random_missing_timestamps,0.05,5,2,Partial discharge,0.9210526315789473,0.9210526315789473,0.9210526315789473,38
random_missing_timestamps,0.05,5,3,Low energy discharge,0.851063829787234,0.8163265306122449,0.8333333333333334,49
random_missing_timestamps,0.05,5,4,Low-temperature overheating,0.8131868131868132,0.9024390243902439,0.8554913294797688,82
random_missing_timestamps,0.05,6,1,Normal mode,0.9834254143646409,0.9740082079343365,0.9786941580756013,731
random_missing_timestamps,0.05,6,2,Partial discharge,0.9210526315789473,0.9210526315789473,0.9210526315789473,38
random_missing_timestamps,0.05,6,3,Low energy discharge,0.851063829787234,0.8163265306122449,0.8333333333333334,49
random_missing_timestamps,0.05,6,4,Low-temperature overheating,0.8131868131868132,0.9024390243902439,0.8554913294797688,82
random_missing_timestamps,0.05,7,1,Normal mode,0.9834254143646409,0.9740082079343365,0.9786941580756013,731
random_missing_timestamps,0.05,7,2,Partial discharge,0.9210526315789473,0.9210526315789473,0.9210526315789473,38
random_missing_timestamps,0.05,7,3,Low energy discharge,0.851063829787234,0.8163265306122449,0.8333333333333334,49
random_missing_timestamps,0.05,7,4,Low-temperature overheating,0.8131868131868132,0.9024390243902439,0.8554913294797688,82
random_missing_timestamps,0.05,8,1,Normal mode,0.9834254143646409,0.9740082079343365,0.9786941580756013,731
random_missing_timestamps,0.05,8,2,Partial discharge,0.9210526315789473,0.9210526315789473,0.9210526315789473,38
random_missing_timestamps,0.05,8,3,Low energy discharge,0.851063829787234,0.8163265306122449,0.8333333333333334,49
random_missing_timestamps,0.05,8,4,Low-temperature overheating,0.8131868131868132,0.9024390243902439,0.8554913294797688,82
random_missing_timestamps,0.05,9,1,Normal mode,0.9834254143646409,0.9740082079343365,0.9786941580756013,731
random_missing_timestamps,0.05,9,2,Partial discharge,0.9210526315789473,0.9210526315789473,0.9210526315789473,38
random_missing_timestamps,0.05,9,3,Low energy discharge,0.851063829787234,0.8163265306122449,0.8333333333333334,49
random_missing_timestamps,0.05,9,4,Low-temperature overheating,0.8131868131868132,0.9024390243902439,0.8554913294797688,82
random_missing_timestamps,0.05,10,1,Normal mode,0.9834254143646409,0.9740082079343365,0.9786941580756013,731
random_missing_timestamps,0.05,10,2,Partial discharge,0.9210526315789473,0.9210526315789473,0.9210526315789473,38
random_missing_timestamps,0.05,10,3,Low energy discharge,0.851063829787234,0.8163265306122449,0.8333333333333334,49
random_missing_timestamps,0.05,10,4,Low-temperature overheating,0.8131868131868132,0.9024390243902439,0.8554913294797688,82
random_missing_timestamps,0.05,11,1,Normal mode,0.9834254143646409,0.9740082079343365,0.9786941580756013,731
random_missing_timestamps,0.05,11,2,Partial discharge,0.9210526315789473,0.9210526315789473,0.9210526315789473,38
random_missing_timestamps,0.05,11,3,Low energy discharge,0.851063829787234,0.8163265306122449,0.8333333333333334,49
random_missing_timestamps,0.05,11,4,Low-temperature overheating,0.8131868131868132,0.9024390243902439,0.8554913294797688,82
random_missing_timestamps,0.05,12,1,Normal mode,0.9834254143646409,0.9740082079343365,0.9786941580756013,731
random_missing_timestamps,0.05,12,2,Partial discharge,0.9210526315789473,0.9210526315789473,0.9210526315789473,38
random_missing_timestamps,0.05,12,3,Low energy discharge,0.851063829787234,0.8163265306122449,0.8333333333333334,49
random_missing_timestamps,0.05,12,4,Low-temperature overheating,0.8131868131868132,0.9024390243902439,0.8554913294797688,82
random_missing_timestamps,0.05,13,1,Normal mode,0.9834254143646409,0.9740082079343365,0.9786941580756013,731
random_missing_timestamps,0.05,13,2,Partial discharge,0.9210526315789473,0.9210526315789473,0.9210526315789473,38
random_missing_timestamps,0.05,13,3,Low energy discharge,0.851063829787234,0.8163265306122449,0.8333333333333334,49
random_missing_timestamps,0.05,13,4,Low-temperature overheating,0.8131868131868132,0.9024390243902439,0.8554913294797688,82
random_missing_timestamps,0.05,14,1,Normal mode,0.9834254143646409,0.9740082079343365,0.9786941580756013,731
random_missing_timestamps,0.05,14,2,Partial discharge,0.9210526315789473,0.9210526315789473,0.9210526315789473,38
random_missing_timestamps,0.05,14,3,Low energy discharge,0.851063829787234,0.8163265306122449,0.8333333333333334,49
random_missing_timestamps,0.05,14,4,Low-temperature overheating,0.8131868131868132,0.9024390243902439,0.8554913294797688,82
random_missing_timestamps,0.05,15,1,Normal mode,0.9834254143646409,0.9740082079343365,0.9786941580756013,731
random_missing_timestamps,0.05,15,2,Partial discharge,0.9210526315789473,0.9210526315789473,0.9210526315789473,38
random_missing_timestamps,0.05,15,3,Low energy discharge,0.851063829787234,0.8163265306122449,0.8333333333333334,49
random_missing_timestamps,0.05,15,4,Low-temperature overheating,0.8131868131868132,0.9024390243902439,0.8554913294797688,82
random_missing_timestamps,0.05,16,1,Normal mode,0.9834254143646409,0.9740082079343365,0.9786941580756013,731
random_missing_timestamps,0.05,16,2,Partial discharge,0.9210526315789473,0.9210526315789473,0.9210526315789473,38
random_missing_timestamps,0.05,16,3,Low energy discharge,0.851063829787234,0.8163265306122449,0.8333333333333334,49
random_missing_timestamps,0.05,16,4,Low-temperature overheating,0.8131868131868132,0.9024390243902439,0.8554913294797688,82
random_missing_timestamps,0.05,17,1,Normal mode,0.9834254143646409,0.9740082079343365,0.9786941580756013,731
random_missing_timestamps,0.05,17,2,Partial discharge,0.9210526315789473,0.9210526315789473,0.9210526315789473,38
random_missing_timestamps,0.05,17,3,Low energy discharge,0.851063829787234,0.8163265306122449,0.8333333333333334,49
random_missing_timestamps,0.05,17,4,Low-temperature overheating,0.8131868131868132,0.9024390243902439,0.8554913294797688,82
random_missing_timestamps,0.05,18,1,Normal mode,0.9834254143646409,0.9740082079343365,0.9786941580756013,731
random_missing_timestamps,0.05,18,2,Partial discharge,0.9210526315789473,0.9210526315789473,0.9210526315789473,38
random_missing_timestamps,0.05,18,3,Low energy discharge,0.851063829787234,0.8163265306122449,0.8333333333333334,49
random_missing_timestamps,0.05,18,4,Low-temperature overheating,0.8131868131868132,0.9024390243902439,0.8554913294797688,82
random_missing_timestamps,0.05,19,1,Normal mode,0.9834254143646409,0.9740082079343365,0.9786941580756013,731
random_missing_timestamps,0.05,19,2,Partial discharge,0.9210526315789473,0.9210526315789473,0.9210526315789473,38
random_missing_timestamps,0.05,19,3,Low energy discharge,0.851063829787234,0.8163265306122449,0.8333333333333334,49
random_missing_timestamps,0.05,19,4,Low-temperature overheating,0.8131868131868132,0.9024390243902439,0.8554913294797688,82
random_missing_timestamps,0.1,0,1,Normal mode,0.9834254143646409,0.9740082079343365,0.9786941580756013,731
random_missing_timestamps,0.1,0,2,Partial discharge,0.9210526315789473,0.9210526315789473,0.9210526315789473,38
random_missing_timestamps,0.1,0,3,Low energy discharge,0.851063829787234,0.8163265306122449,0.8333333333333334,49
random_missing_timestamps,0.1,0,4,Low-temperature overheating,0.8131868131868132,0.9024390243902439,0.8554913294797688,82
random_missing_timestamps,0.1,1,1,Normal mode,0.9834254143646409,0.9740082079343365,0.9786941580756013,731
random_missing_timestamps,0.1,1,2,Partial discharge,0.9210526315789473,0.9210526315789473,0.9210526315789473,38
random_missing_timestamps,0.1,1,3,Low energy discharge,0.851063829787234,0.8163265306122449,0.8333333333333334,49
random_missing_timestamps,0.1,1,4,Low-temperature overheating,0.8131868131868132,0.9024390243902439,0.8554913294797688,82
random_missing_timestamps,0.1,2,1,Normal mode,0.9834254143646409,0.9740082079343365,0.9786941580756013,731
random_missing_timestamps,0.1,2,2,Partial discharge,0.9210526315789473,0.9210526315789473,0.9210526315789473,38
random_missing_timestamps,0.1,2,3,Low energy discharge,0.851063829787234,0.8163265306122449,0.8333333333333334,49
random_missing_timestamps,0.1,2,4,Low-temperature overheating,0.8131868131868132,0.9024390243902439,0.8554913294797688,82
random_missing_timestamps,0.1,3,1,Normal mode,0.9834254143646409,0.9740082079343365,0.9786941580756013,731
random_missing_timestamps,0.1,3,2,Partial discharge,0.9210526315789473,0.9210526315789473,0.9210526315789473,38
random_missing_timestamps,0.1,3,3,Low energy discharge,0.851063829787234,0.8163265306122449,0.8333333333333334,49
random_missing_timestamps,0.1,3,4,Low-temperature overheating,0.8131868131868132,0.9024390243902439,0.8554913294797688,82
random_missing_timestamps,0.1,4,1,Normal mode,0.9834254143646409,0.9740082079343365,0.9786941580756013,731
random_missing_timestamps,0.1,4,2,Partial discharge,0.9210526315789473,0.9210526315789473,0.9210526315789473,38
random_missing_timestamps,0.1,4,3,Low energy discharge,0.851063829787234,0.8163265306122449,0.8333333333333334,49
random_missing_timestamps,0.1,4,4,Low-temperature overheating,0.8131868131868132,0.9024390243902439,0.8554913294797688,82
random_missing_timestamps,0.1,5,1,Normal mode,0.9834254143646409,0.9740082079343365,0.9786941580756013,731
random_missing_timestamps,0.1,5,2,Partial discharge,0.9210526315789473,0.9210526315789473,0.9210526315789473,38
random_missing_timestamps,0.1,5,3,Low energy discharge,0.851063829787234,0.8163265306122449,0.8333333333333334,49
random_missing_timestamps,0.1,5,4,Low-temperature overheating,0.8131868131868132,0.9024390243902439,0.8554913294797688,82
random_missing_timestamps,0.1,6,1,Normal mode,0.9834254143646409,0.9740082079343365,0.9786941580756013,731
random_missing_timestamps,0.1,6,2,Partial discharge,0.9210526315789473,0.9210526315789473,0.9210526315789473,38
random_missing_timestamps,0.1,6,3,Low energy discharge,0.851063829787234,0.8163265306122449,0.8333333333333334,49
random_missing_timestamps,0.1,6,4,Low-temperature overheating,0.8131868131868132,0.9024390243902439,0.8554913294797688,82
random_missing_timestamps,0.1,7,1,Normal mode,0.9834254143646409,0.9740082079343365,0.9786941580756013,731
random_missing_timestamps,0.1,7,2,Partial discharge,0.9210526315789473,0.9210526315789473,0.9210526315789473,38
random_missing_timestamps,0.1,7,3,Low energy discharge,0.851063829787234,0.8163265306122449,0.8333333333333334,49
random_missing_timestamps,0.1,7,4,Low-temperature overheating,0.8131868131868132,0.9024390243902439,0.8554913294797688,82
random_missing_timestamps,0.1,8,1,Normal mode,0.9834254143646409,0.9740082079343365,0.9786941580756013,731
random_missing_timestamps,0.1,8,2,Partial discharge,0.9210526315789473,0.9210526315789473,0.9210526315789473,38
random_missing_timestamps,0.1,8,3,Low energy discharge,0.851063829787234,0.8163265306122449,0.8333333333333334,49
random_missing_timestamps,0.1,8,4,Low-temperature overheating,0.8131868131868132,0.9024390243902439,0.8554913294797688,82
random_missing_timestamps,0.1,9,1,Normal mode,0.9834254143646409,0.9740082079343365,0.9786941580756013,731
random_missing_timestamps,0.1,9,2,Partial discharge,0.9210526315789473,0.9210526315789473,0.9210526315789473,38
random_missing_timestamps,0.1,9,3,Low energy discharge,0.851063829787234,0.8163265306122449,0.8333333333333334,49
random_missing_timestamps,0.1,9,4,Low-temperature overheating,0.8131868131868132,0.9024390243902439,0.8554913294797688,82
random_missing_timestamps,0.1,10,1,Normal mode,0.9834254143646409,0.9740082079343365,0.9786941580756013,731
random_missing_timestamps,0.1,10,2,Partial discharge,0.9210526315789473,0.9210526315789473,0.9210526315789473,38
random_missing_timestamps,0.1,10,3,Low energy discharge,0.851063829787234,0.8163265306122449,0.8333333333333334,49
random_missing_timestamps,0.1,10,4,Low-temperature overheating,0.8131868131868132,0.9024390243902439,0.8554913294797688,82
random_missing_timestamps,0.1,11,1,Normal mode,0.9834254143646409,0.9740082079343365,0.9786941580756013,731
random_missing_timestamps,0.1,11,2,Partial discharge,0.9210526315789473,0.9210526315789473,0.9210526315789473,38
random_missing_timestamps,0.1,11,3,Low energy discharge,0.851063829787234,0.8163265306122449,0.8333333333333334,49
random_missing_timestamps,0.1,11,4,Low-temperature overheating,0.8131868131868132,0.9024390243902439,0.8554913294797688,82
random_missing_timestamps,0.1,12,1,Normal mode,0.9834254143646409,0.9740082079343365,0.9786941580756013,731
random_missing_timestamps,0.1,12,2,Partial discharge,0.9210526315789473,0.9210526315789473,0.9210526315789473,38
random_missing_timestamps,0.1,12,3,Low energy discharge,0.851063829787234,0.8163265306122449,0.8333333333333334,49
random_missing_timestamps,0.1,12,4,Low-temperature overheating,0.8131868131868132,0.9024390243902439,0.8554913294797688,82
random_missing_timestamps,0.1,13,1,Normal mode,0.9834254143646409,0.9740082079343365,0.9786941580756013,731
random_missing_timestamps,0.1,13,2,Partial discharge,0.9210526315789473,0.9210526315789473,0.9210526315789473,38
random_missing_timestamps,0.1,13,3,Low energy discharge,0.851063829787234,0.8163265306122449,0.8333333333333334,49
random_missing_timestamps,0.1,13,4,Low-temperature overheating,0.8131868131868132,0.9024390243902439,0.8554913294797688,82
random_missing_timestamps,0.1,14,1,Normal mode,0.9834254143646409,0.9740082079343365,0.9786941580756013,731
random_missing_timestamps,0.1,14,2,Partial discharge,0.9210526315789473,0.9210526315789473,0.9210526315789473,38
random_missing_timestamps,0.1,14,3,Low energy discharge,0.851063829787234,0.8163265306122449,0.8333333333333334,49
random_missing_timestamps,0.1,14,4,Low-temperature overheating,0.8131868131868132,0.9024390243902439,0.8554913294797688,82
random_missing_timestamps,0.1,15,1,Normal mode,0.9834254143646409,0.9740082079343365,0.9786941580756013,731
random_missing_timestamps,0.1,15,2,Partial discharge,0.9210526315789473,0.9210526315789473,0.9210526315789473,38
random_missing_timestamps,0.1,15,3,Low energy discharge,0.851063829787234,0.8163265306122449,0.8333333333333334,49
random_missing_timestamps,0.1,15,4,Low-temperature overheating,0.8131868131868132,0.9024390243902439,0.8554913294797688,82
random_missing_timestamps,0.1,16,1,Normal mode,0.9834254143646409,0.9740082079343365,0.9786941580756013,731
random_missing_timestamps,0.1,16,2,Partial discharge,0.9210526315789473,0.9210526315789473,0.9210526315789473,38
random_missing_timestamps,0.1,16,3,Low energy discharge,0.851063829787234,0.8163265306122449,0.8333333333333334,49
random_missing_timestamps,0.1,16,4,Low-temperature overheating,0.8131868131868132,0.9024390243902439,0.8554913294797688,82
random_missing_timestamps,0.1,17,1,Normal mode,0.9834254143646409,0.9740082079343365,0.9786941580756013,731
random_missing_timestamps,0.1,17,2,Partial discharge,0.9210526315789473,0.9210526315789473,0.9210526315789473,38
random_missing_timestamps,0.1,17,3,Low energy discharge,0.851063829787234,0.8163265306122449,0.8333333333333334,49
random_missing_timestamps,0.1,17,4,Low-temperature overheating,0.8131868131868132,0.9024390243902439,0.8554913294797688,82
random_missing_timestamps,0.1,18,1,Normal mode,0.9834254143646409,0.9740082079343365,0.9786941580756013,731
random_missing_timestamps,0.1,18,2,Partial discharge,0.9210526315789473,0.9210526315789473,0.9210526315789473,38
random_missing_timestamps,0.1,18,3,Low energy discharge,0.851063829787234,0.8163265306122449,0.8333333333333334,49
random_missing_timestamps,0.1,18,4,Low-temperature overheating,0.8131868131868132,0.9024390243902439,0.8554913294797688,82
random_missing_timestamps,0.1,19,1,Normal mode,0.9834254143646409,0.9740082079343365,0.9786941580756013,731
random_missing_timestamps,0.1,19,2,Partial discharge,0.9210526315789473,0.9210526315789473,0.9210526315789473,38
random_missing_timestamps,0.1,19,3,Low energy discharge,0.851063829787234,0.8163265306122449,0.8333333333333334,49
random_missing_timestamps,0.1,19,4,Low-temperature overheating,0.8131868131868132,0.9024390243902439,0.8554913294797688,82
random_missing_timestamps,0.2,0,1,Normal mode,0.9834254143646409,0.9740082079343365,0.9786941580756013,731
random_missing_timestamps,0.2,0,2,Partial discharge,0.9210526315789473,0.9210526315789473,0.9210526315789473,38
random_missing_timestamps,0.2,0,3,Low energy discharge,0.851063829787234,0.8163265306122449,0.8333333333333334,49
random_missing_timestamps,0.2,0,4,Low-temperature overheating,0.8131868131868132,0.9024390243902439,0.8554913294797688,82
random_missing_timestamps,0.2,1,1,Normal mode,0.9834254143646409,0.9740082079343365,0.9786941580756013,731
random_missing_timestamps,0.2,1,2,Partial discharge,0.9210526315789473,0.9210526315789473,0.9210526315789473,38
random_missing_timestamps,0.2,1,3,Low energy discharge,0.851063829787234,0.8163265306122449,0.8333333333333334,49
random_missing_timestamps,0.2,1,4,Low-temperature overheating,0.8131868131868132,0.9024390243902439,0.8554913294797688,82
random_missing_timestamps,0.2,2,1,Normal mode,0.9834254143646409,0.9740082079343365,0.9786941580756013,731
random_missing_timestamps,0.2,2,2,Partial discharge,0.9210526315789473,0.9210526315789473,0.9210526315789473,38
random_missing_timestamps,0.2,2,3,Low energy discharge,0.851063829787234,0.8163265306122449,0.8333333333333334,49
random_missing_timestamps,0.2,2,4,Low-temperature overheating,0.8131868131868132,0.9024390243902439,0.8554913294797688,82
random_missing_timestamps,0.2,3,1,Normal mode,0.9834254143646409,0.9740082079343365,0.9786941580756013,731
random_missing_timestamps,0.2,3,2,Partial discharge,0.9210526315789473,0.9210526315789473,0.9210526315789473,38
random_missing_timestamps,0.2,3,3,Low energy discharge,0.851063829787234,0.8163265306122449,0.8333333333333334,49
random_missing_timestamps,0.2,3,4,Low-temperature overheating,0.8131868131868132,0.9024390243902439,0.8554913294797688,82
random_missing_timestamps,0.2,4,1,Normal mode,0.9834254143646409,0.9740082079343365,0.9786941580756013,731
random_missing_timestamps,0.2,4,2,Partial discharge,0.9210526315789473,0.9210526315789473,0.9210526315789473,38
random_missing_timestamps,0.2,4,3,Low energy discharge,0.851063829787234,0.8163265306122449,0.8333333333333334,49
random_missing_timestamps,0.2,4,4,Low-temperature overheating,0.8131868131868132,0.9024390243902439,0.8554913294797688,82
random_missing_timestamps,0.2,5,1,Normal mode,0.9834254143646409,0.9740082079343365,0.9786941580756013,731
random_missing_timestamps,0.2,5,2,Partial discharge,0.9210526315789473,0.9210526315789473,0.9210526315789473,38
random_missing_timestamps,0.2,5,3,Low energy discharge,0.851063829787234,0.8163265306122449,0.8333333333333334,49
random_missing_timestamps,0.2,5,4,Low-temperature overheating,0.8131868131868132,0.9024390243902439,0.8554913294797688,82
random_missing_timestamps,0.2,6,1,Normal mode,0.9834254143646409,0.9740082079343365,0.9786941580756013,731
random_missing_timestamps,0.2,6,2,Partial discharge,0.9210526315789473,0.9210526315789473,0.9210526315789473,38
random_missing_timestamps,0.2,6,3,Low energy discharge,0.851063829787234,0.8163265306122449,0.8333333333333334,49
random_missing_timestamps,0.2,6,4,Low-temperature overheating,0.8131868131868132,0.9024390243902439,0.8554913294797688,82
random_missing_timestamps,0.2,7,1,Normal mode,0.9834254143646409,0.9740082079343365,0.9786941580756013,731
random_missing_timestamps,0.2,7,2,Partial discharge,0.9210526315789473,0.9210526315789473,0.9210526315789473,38
random_missing_timestamps,0.2,7,3,Low energy discharge,0.851063829787234,0.8163265306122449,0.8333333333333334,49
random_missing_timestamps,0.2,7,4,Low-temperature overheating,0.8131868131868132,0.9024390243902439,0.8554913294797688,82
random_missing_timestamps,0.2,8,1,Normal mode,0.9834254143646409,0.9740082079343365,0.9786941580756013,731
random_missing_timestamps,0.2,8,2,Partial discharge,0.9210526315789473,0.9210526315789473,0.9210526315789473,38
random_missing_timestamps,0.2,8,3,Low energy discharge,0.851063829787234,0.8163265306122449,0.8333333333333334,49
random_missing_timestamps,0.2,8,4,Low-temperature overheating,0.8131868131868132,0.9024390243902439,0.8554913294797688,82
random_missing_timestamps,0.2,9,1,Normal mode,0.9834254143646409,0.9740082079343365,0.9786941580756013,731
random_missing_timestamps,0.2,9,2,Partial discharge,0.9210526315789473,0.9210526315789473,0.9210526315789473,38
random_missing_timestamps,0.2,9,3,Low energy discharge,0.851063829787234,0.8163265306122449,0.8333333333333334,49
random_missing_timestamps,0.2,9,4,Low-temperature overheating,0.8131868131868132,0.9024390243902439,0.8554913294797688,82
random_missing_timestamps,0.2,10,1,Normal mode,0.9834254143646409,0.9740082079343365,0.9786941580756013,731
random_missing_timestamps,0.2,10,2,Partial discharge,0.9210526315789473,0.9210526315789473,0.9210526315789473,38
random_missing_timestamps,0.2,10,3,Low energy discharge,0.851063829787234,0.8163265306122449,0.8333333333333334,49
random_missing_timestamps,0.2,10,4,Low-temperature overheating,0.8131868131868132,0.9024390243902439,0.8554913294797688,82
random_missing_timestamps,0.2,11,1,Normal mode,0.9834254143646409,0.9740082079343365,0.9786941580756013,731
random_missing_timestamps,0.2,11,2,Partial discharge,0.9210526315789473,0.9210526315789473,0.9210526315789473,38
random_missing_timestamps,0.2,11,3,Low energy discharge,0.851063829787234,0.8163265306122449,0.8333333333333334,49
random_missing_timestamps,0.2,11,4,Low-temperature overheating,0.8131868131868132,0.9024390243902439,0.8554913294797688,82
random_missing_timestamps,0.2,12,1,Normal mode,0.9834254143646409,0.9740082079343365,0.9786941580756013,731
random_missing_timestamps,0.2,12,2,Partial discharge,0.9210526315789473,0.9210526315789473,0.9210526315789473,38
random_missing_timestamps,0.2,12,3,Low energy discharge,0.851063829787234,0.8163265306122449,0.8333333333333334,49
random_missing_timestamps,0.2,12,4,Low-temperature overheating,0.8131868131868132,0.9024390243902439,0.8554913294797688,82
random_missing_timestamps,0.2,13,1,Normal mode,0.9834254143646409,0.9740082079343365,0.9786941580756013,731
random_missing_timestamps,0.2,13,2,Partial discharge,0.9210526315789473,0.9210526315789473,0.9210526315789473,38
random_missing_timestamps,0.2,13,3,Low energy discharge,0.851063829787234,0.8163265306122449,0.8333333333333334,49
random_missing_timestamps,0.2,13,4,Low-temperature overheating,0.8131868131868132,0.9024390243902439,0.8554913294797688,82
random_missing_timestamps,0.2,14,1,Normal mode,0.9834254143646409,0.9740082079343365,0.9786941580756013,731
random_missing_timestamps,0.2,14,2,Partial discharge,0.9210526315789473,0.9210526315789473,0.9210526315789473,38
random_missing_timestamps,0.2,14,3,Low energy discharge,0.851063829787234,0.8163265306122449,0.8333333333333334,49
random_missing_timestamps,0.2,14,4,Low-temperature overheating,0.8131868131868132,0.9024390243902439,0.8554913294797688,82
random_missing_timestamps,0.2,15,1,Normal mode,0.9834254143646409,0.9740082079343365,0.9786941580756013,731
random_missing_timestamps,0.2,15,2,Partial discharge,0.9210526315789473,0.9210526315789473,0.9210526315789473,38
random_missing_timestamps,0.2,15,3,Low energy discharge,0.851063829787234,0.8163265306122449,0.8333333333333334,49
random_missing_timestamps,0.2,15,4,Low-temperature overheating,0.8131868131868132,0.9024390243902439,0.8554913294797688,82
random_missing_timestamps,0.2,16,1,Normal mode,0.9834254143646409,0.9740082079343365,0.9786941580756013,731
random_missing_timestamps,0.2,16,2,Partial discharge,0.9210526315789473,0.9210526315789473,0.9210526315789473,38
random_missing_timestamps,0.2,16,3,Low energy discharge,0.851063829787234,0.8163265306122449,0.8333333333333334,49
random_missing_timestamps,0.2,16,4,Low-temperature overheating,0.8131868131868132,0.9024390243902439,0.8554913294797688,82
random_missing_timestamps,0.2,17,1,Normal mode,0.9834254143646409,0.9740082079343365,0.9786941580756013,731
random_missing_timestamps,0.2,17,2,Partial discharge,0.9210526315789473,0.9210526315789473,0.9210526315789473,38
random_missing_timestamps,0.2,17,3,Low energy discharge,0.851063829787234,0.8163265306122449,0.8333333333333334,49
random_missing_timestamps,0.2,17,4,Low-temperature overheating,0.8131868131868132,0.9024390243902439,0.8554913294797688,82
random_missing_timestamps,0.2,18,1,Normal mode,0.9834254143646409,0.9740082079343365,0.9786941580756013,731
random_missing_timestamps,0.2,18,2,Partial discharge,0.9210526315789473,0.9210526315789473,0.9210526315789473,38
random_missing_timestamps,0.2,18,3,Low energy discharge,0.851063829787234,0.8163265306122449,0.8333333333333334,49
random_missing_timestamps,0.2,18,4,Low-temperature overheating,0.8131868131868132,0.9024390243902439,0.8554913294797688,82
random_missing_timestamps,0.2,19,1,Normal mode,0.9834254143646409,0.9740082079343365,0.9786941580756013,731
random_missing_timestamps,0.2,19,2,Partial discharge,0.9210526315789473,0.9210526315789473,0.9210526315789473,38
random_missing_timestamps,0.2,19,3,Low energy discharge,0.851063829787234,0.8163265306122449,0.8333333333333334,49
random_missing_timestamps,0.2,19,4,Low-temperature overheating,0.8131868131868132,0.9024390243902439,0.8554913294797688,82
contiguous_gap,0.05,0,1,Normal mode,0.9834254143646409,0.9740082079343365,0.9786941580756013,731
contiguous_gap,0.05,0,2,Partial discharge,0.9210526315789473,0.9210526315789473,0.9210526315789473,38
contiguous_gap,0.05,0,3,Low energy discharge,0.851063829787234,0.8163265306122449,0.8333333333333334,49
contiguous_gap,0.05,0,4,Low-temperature overheating,0.8131868131868132,0.9024390243902439,0.8554913294797688,82
contiguous_gap,0.05,1,1,Normal mode,0.9834254143646409,0.9740082079343365,0.9786941580756013,731
contiguous_gap,0.05,1,2,Partial discharge,0.9210526315789473,0.9210526315789473,0.9210526315789473,38
contiguous_gap,0.05,1,3,Low energy discharge,0.851063829787234,0.8163265306122449,0.8333333333333334,49
contiguous_gap,0.05,1,4,Low-temperature overheating,0.8131868131868132,0.9024390243902439,0.8554913294797688,82
contiguous_gap,0.05,2,1,Normal mode,0.9834254143646409,0.9740082079343365,0.9786941580756013,731
contiguous_gap,0.05,2,2,Partial discharge,0.9210526315789473,0.9210526315789473,0.9210526315789473,38
contiguous_gap,0.05,2,3,Low energy discharge,0.851063829787234,0.8163265306122449,0.8333333333333334,49
contiguous_gap,0.05,2,4,Low-temperature overheating,0.8131868131868132,0.9024390243902439,0.8554913294797688,82
contiguous_gap,0.05,3,1,Normal mode,0.9834254143646409,0.9740082079343365,0.9786941580756013,731
contiguous_gap,0.05,3,2,Partial discharge,0.9210526315789473,0.9210526315789473,0.9210526315789473,38
contiguous_gap,0.05,3,3,Low energy discharge,0.851063829787234,0.8163265306122449,0.8333333333333334,49
contiguous_gap,0.05,3,4,Low-temperature overheating,0.8131868131868132,0.9024390243902439,0.8554913294797688,82
contiguous_gap,0.05,4,1,Normal mode,0.9834254143646409,0.9740082079343365,0.9786941580756013,731
contiguous_gap,0.05,4,2,Partial discharge,0.9210526315789473,0.9210526315789473,0.9210526315789473,38
contiguous_gap,0.05,4,3,Low energy discharge,0.851063829787234,0.8163265306122449,0.8333333333333334,49
contiguous_gap,0.05,4,4,Low-temperature overheating,0.8131868131868132,0.9024390243902439,0.8554913294797688,82
contiguous_gap,0.05,5,1,Normal mode,0.9834254143646409,0.9740082079343365,0.9786941580756013,731
contiguous_gap,0.05,5,2,Partial discharge,0.9210526315789473,0.9210526315789473,0.9210526315789473,38
contiguous_gap,0.05,5,3,Low energy discharge,0.851063829787234,0.8163265306122449,0.8333333333333334,49
contiguous_gap,0.05,5,4,Low-temperature overheating,0.8131868131868132,0.9024390243902439,0.8554913294797688,82
contiguous_gap,0.05,6,1,Normal mode,0.9834254143646409,0.9740082079343365,0.9786941580756013,731
contiguous_gap,0.05,6,2,Partial discharge,0.9210526315789473,0.9210526315789473,0.9210526315789473,38
contiguous_gap,0.05,6,3,Low energy discharge,0.851063829787234,0.8163265306122449,0.8333333333333334,49
contiguous_gap,0.05,6,4,Low-temperature overheating,0.8131868131868132,0.9024390243902439,0.8554913294797688,82
contiguous_gap,0.05,7,1,Normal mode,0.9834254143646409,0.9740082079343365,0.9786941580756013,731
contiguous_gap,0.05,7,2,Partial discharge,0.9210526315789473,0.9210526315789473,0.9210526315789473,38
contiguous_gap,0.05,7,3,Low energy discharge,0.851063829787234,0.8163265306122449,0.8333333333333334,49
contiguous_gap,0.05,7,4,Low-temperature overheating,0.8131868131868132,0.9024390243902439,0.8554913294797688,82
contiguous_gap,0.05,8,1,Normal mode,0.9834254143646409,0.9740082079343365,0.9786941580756013,731
contiguous_gap,0.05,8,2,Partial discharge,0.9210526315789473,0.9210526315789473,0.9210526315789473,38
contiguous_gap,0.05,8,3,Low energy discharge,0.851063829787234,0.8163265306122449,0.8333333333333334,49
contiguous_gap,0.05,8,4,Low-temperature overheating,0.8131868131868132,0.9024390243902439,0.8554913294797688,82
contiguous_gap,0.05,9,1,Normal mode,0.9834254143646409,0.9740082079343365,0.9786941580756013,731
contiguous_gap,0.05,9,2,Partial discharge,0.9210526315789473,0.9210526315789473,0.9210526315789473,38
contiguous_gap,0.05,9,3,Low energy discharge,0.851063829787234,0.8163265306122449,0.8333333333333334,49
contiguous_gap,0.05,9,4,Low-temperature overheating,0.8131868131868132,0.9024390243902439,0.8554913294797688,82
contiguous_gap,0.05,10,1,Normal mode,0.983402489626556,0.9726402188782489,0.9779917469050894,731
contiguous_gap,0.05,10,2,Partial discharge,0.9210526315789473,0.9210526315789473,0.9210526315789473,38
contiguous_gap,0.05,10,3,Low energy discharge,0.851063829787234,0.8163265306122449,0.8333333333333334,49
contiguous_gap,0.05,10,4,Low-temperature overheating,0.8043478260869565,0.9024390243902439,0.8505747126436781,82
contiguous_gap,0.05,11,1,Normal mode,0.9834254143646409,0.9740082079343365,0.9786941580756013,731
contiguous_gap,0.05,11,2,Partial discharge,0.9210526315789473,0.9210526315789473,0.9210526315789473,38
contiguous_gap,0.05,11,3,Low energy discharge,0.851063829787234,0.8163265306122449,0.8333333333333334,49
contiguous_gap,0.05,11,4,Low-temperature overheating,0.8131868131868132,0.9024390243902439,0.8554913294797688,82
contiguous_gap,0.05,12,1,Normal mode,0.9834254143646409,0.9740082079343365,0.9786941580756013,731
contiguous_gap,0.05,12,2,Partial discharge,0.9210526315789473,0.9210526315789473,0.9210526315789473,38
contiguous_gap,0.05,12,3,Low energy discharge,0.851063829787234,0.8163265306122449,0.8333333333333334,49
contiguous_gap,0.05,12,4,Low-temperature overheating,0.8131868131868132,0.9024390243902439,0.8554913294797688,82
contiguous_gap,0.05,13,1,Normal mode,0.9834254143646409,0.9740082079343365,0.9786941580756013,731
contiguous_gap,0.05,13,2,Partial discharge,0.9210526315789473,0.9210526315789473,0.9210526315789473,38
contiguous_gap,0.05,13,3,Low energy discharge,0.851063829787234,0.8163265306122449,0.8333333333333334,49
contiguous_gap,0.05,13,4,Low-temperature overheating,0.8131868131868132,0.9024390243902439,0.8554913294797688,82
contiguous_gap,0.05,14,1,Normal mode,0.9834254143646409,0.9740082079343365,0.9786941580756013,731
contiguous_gap,0.05,14,2,Partial discharge,0.9210526315789473,0.9210526315789473,0.9210526315789473,38
contiguous_gap,0.05,14,3,Low energy discharge,0.851063829787234,0.8163265306122449,0.8333333333333334,49
contiguous_gap,0.05,14,4,Low-temperature overheating,0.8131868131868132,0.9024390243902439,0.8554913294797688,82
contiguous_gap,0.05,15,1,Normal mode,0.9834254143646409,0.9740082079343365,0.9786941580756013,731
contiguous_gap,0.05,15,2,Partial discharge,0.9210526315789473,0.9210526315789473,0.9210526315789473,38
contiguous_gap,0.05,15,3,Low energy discharge,0.851063829787234,0.8163265306122449,0.8333333333333334,49
contiguous_gap,0.05,15,4,Low-temperature overheating,0.8131868131868132,0.9024390243902439,0.8554913294797688,82
contiguous_gap,0.05,16,1,Normal mode,0.9834254143646409,0.9740082079343365,0.9786941580756013,731
contiguous_gap,0.05,16,2,Partial discharge,0.9210526315789473,0.9210526315789473,0.9210526315789473,38
contiguous_gap,0.05,16,3,Low energy discharge,0.851063829787234,0.8163265306122449,0.8333333333333334,49
contiguous_gap,0.05,16,4,Low-temperature overheating,0.8131868131868132,0.9024390243902439,0.8554913294797688,82
contiguous_gap,0.05,17,1,Normal mode,0.9834254143646409,0.9740082079343365,0.9786941580756013,731
contiguous_gap,0.05,17,2,Partial discharge,0.9210526315789473,0.9210526315789473,0.9210526315789473,38
contiguous_gap,0.05,17,3,Low energy discharge,0.851063829787234,0.8163265306122449,0.8333333333333334,49
contiguous_gap,0.05,17,4,Low-temperature overheating,0.8131868131868132,0.9024390243902439,0.8554913294797688,82
contiguous_gap,0.05,18,1,Normal mode,0.9834254143646409,0.9740082079343365,0.9786941580756013,731
contiguous_gap,0.05,18,2,Partial discharge,0.9210526315789473,0.9210526315789473,0.9210526315789473,38
contiguous_gap,0.05,18,3,Low energy discharge,0.851063829787234,0.8163265306122449,0.8333333333333334,49
contiguous_gap,0.05,18,4,Low-temperature overheating,0.8131868131868132,0.9024390243902439,0.8554913294797688,82
contiguous_gap,0.05,19,1,Normal mode,0.9834254143646409,0.9740082079343365,0.9786941580756013,731
contiguous_gap,0.05,19,2,Partial discharge,0.9210526315789473,0.9210526315789473,0.9210526315789473,38
contiguous_gap,0.05,19,3,Low energy discharge,0.851063829787234,0.8163265306122449,0.8333333333333334,49
contiguous_gap,0.05,19,4,Low-temperature overheating,0.8131868131868132,0.9024390243902439,0.8554913294797688,82
contiguous_gap,0.1,0,1,Normal mode,0.983448275862069,0.9753761969904241,0.9793956043956044,731
contiguous_gap,0.1,0,2,Partial discharge,0.9210526315789473,0.9210526315789473,0.9210526315789473,38
contiguous_gap,0.1,0,3,Low energy discharge,0.8695652173913043,0.8163265306122449,0.8421052631578947,49
contiguous_gap,0.1,0,4,Low-temperature overheating,0.8131868131868132,0.9024390243902439,0.8554913294797688,82
contiguous_gap,0.1,1,1,Normal mode,0.983402489626556,0.9726402188782489,0.9779917469050894,731
contiguous_gap,0.1,1,2,Partial discharge,0.9210526315789473,0.9210526315789473,0.9210526315789473,38
contiguous_gap,0.1,1,3,Low energy discharge,0.851063829787234,0.8163265306122449,0.8333333333333334,49
contiguous_gap,0.1,1,4,Low-temperature overheating,0.8043478260869565,0.9024390243902439,0.8505747126436781,82
contiguous_gap,0.1,2,1,Normal mode,0.9834254143646409,0.9740082079343365,0.9786941580756013,731
contiguous_gap,0.1,2,2,Partial discharge,0.9210526315789473,0.9210526315789473,0.9210526315789473,38
contiguous_gap,0.1,2,3,Low energy discharge,0.851063829787234,0.8163265306122449,0.8333333333333334,49
contiguous_gap,0.1,2,4,Low-temperature overheating,0.8131868131868132,0.9024390243902439,0.8554913294797688,82
contiguous_gap,0.1,3,1,Normal mode,0.9834254143646409,0.9740082079343365,0.9786941580756013,731
contiguous_gap,0.1,3,2,Partial discharge,0.9210526315789473,0.9210526315789473,0.9210526315789473,38
contiguous_gap,0.1,3,3,Low energy discharge,0.851063829787234,0.8163265306122449,0.8333333333333334,49
contiguous_gap,0.1,3,4,Low-temperature overheating,0.8131868131868132,0.9024390243902439,0.8554913294797688,82
contiguous_gap,0.1,4,1,Normal mode,0.9834254143646409,0.9740082079343365,0.9786941580756013,731
contiguous_gap,0.1,4,2,Partial discharge,0.9459459459459459,0.9210526315789473,0.9333333333333333,38
contiguous_gap,0.1,4,3,Low energy discharge,0.851063829787234,0.8163265306122449,0.8333333333333334,49
contiguous_gap,0.1,4,4,Low-temperature overheating,0.8152173913043478,0.9146341463414634,0.8620689655172413,82
contiguous_gap,0.1,5,1,Normal mode,0.9834254143646409,0.9740082079343365,0.9786941580756013,731
contiguous_gap,0.1,5,2,Partial discharge,0.9210526315789473,0.9210526315789473,0.9210526315789473,38
contiguous_gap,0.1,5,3,Low energy discharge,0.851063829787234,0.8163265306122449,0.8333333333333334,49
contiguous_gap,0.1,5,4,Low-temperature overheating,0.8131868131868132,0.9024390243902439,0.8554913294797688,82
contiguous_gap,0.1,6,1,Normal mode,0.9834254143646409,0.9740082079343365,0.9786941580756013,731
contiguous_gap,0.1,6,2,Partial discharge,0.9210526315789473,0.9210526315789473,0.9210526315789473,38
contiguous_gap,0.1,6,3,Low energy discharge,0.851063829787234,0.8163265306122449,0.8333333333333334,49
contiguous_gap,0.1,6,4,Low-temperature overheating,0.8131868131868132,0.9024390243902439,0.8554913294797688,82
contiguous_gap,0.1,7,1,Normal mode,0.9834254143646409,0.9740082079343365,0.9786941580756013,731
contiguous_gap,0.1,7,2,Partial discharge,0.9459459459459459,0.9210526315789473,0.9333333333333333,38
contiguous_gap,0.1,7,3,Low energy discharge,0.851063829787234,0.8163265306122449,0.8333333333333334,49
contiguous_gap,0.1,7,4,Low-temperature overheating,0.8152173913043478,0.9146341463414634,0.8620689655172413,82
contiguous_gap,0.1,8,1,Normal mode,0.9834254143646409,0.9740082079343365,0.9786941580756013,731
contiguous_gap,0.1,8,2,Partial discharge,0.9210526315789473,0.9210526315789473,0.9210526315789473,38
contiguous_gap,0.1,8,3,Low energy discharge,0.851063829787234,0.8163265306122449,0.8333333333333334,49
contiguous_gap,0.1,8,4,Low-temperature overheating,0.8131868131868132,0.9024390243902439,0.8554913294797688,82
contiguous_gap,0.1,9,1,Normal mode,0.9834254143646409,0.9740082079343365,0.9786941580756013,731
contiguous_gap,0.1,9,2,Partial discharge,0.9210526315789473,0.9210526315789473,0.9210526315789473,38
contiguous_gap,0.1,9,3,Low energy discharge,0.8695652173913043,0.8163265306122449,0.8421052631578947,49
contiguous_gap,0.1,9,4,Low-temperature overheating,0.8043478260869565,0.9024390243902439,0.8505747126436781,82
contiguous_gap,0.1,10,1,Normal mode,0.983448275862069,0.9753761969904241,0.9793956043956044,731
contiguous_gap,0.1,10,2,Partial discharge,0.9210526315789473,0.9210526315789473,0.9210526315789473,38
contiguous_gap,0.1,10,3,Low energy discharge,0.8695652173913043,0.8163265306122449,0.8421052631578947,49
contiguous_gap,0.1,10,4,Low-temperature overheating,0.8131868131868132,0.9024390243902439,0.8554913294797688,82
contiguous_gap,0.1,11,1,Normal mode,0.9834254143646409,0.9740082079343365,0.9786941580756013,731
contiguous_gap,0.1,11,2,Partial discharge,0.9210526315789473,0.9210526315789473,0.9210526315789473,38
contiguous_gap,0.1,11,3,Low energy discharge,0.851063829787234,0.8163265306122449,0.8333333333333334,49
contiguous_gap,0.1,11,4,Low-temperature overheating,0.8131868131868132,0.9024390243902439,0.8554913294797688,82
contiguous_gap,0.1,12,1,Normal mode,0.9834254143646409,0.9740082079343365,0.9786941580756013,731
contiguous_gap,0.1,12,2,Partial discharge,0.9210526315789473,0.9210526315789473,0.9210526315789473,38
contiguous_gap,0.1,12,3,Low energy discharge,0.851063829787234,0.8163265306122449,0.8333333333333334,49
contiguous_gap,0.1,12,4,Low-temperature overheating,0.8131868131868132,0.9024390243902439,0.8554913294797688,82
contiguous_gap,0.1,13,1,Normal mode,0.9834254143646409,0.9740082079343365,0.9786941580756013,731
contiguous_gap,0.1,13,2,Partial discharge,0.9210526315789473,0.9210526315789473,0.9210526315789473,38
contiguous_gap,0.1,13,3,Low energy discharge,0.851063829787234,0.8163265306122449,0.8333333333333334,49
contiguous_gap,0.1,13,4,Low-temperature overheating,0.8131868131868132,0.9024390243902439,0.8554913294797688,82
contiguous_gap,0.1,14,1,Normal mode,0.9834254143646409,0.9740082079343365,0.9786941580756013,731
contiguous_gap,0.1,14,2,Partial discharge,0.9210526315789473,0.9210526315789473,0.9210526315789473,38
contiguous_gap,0.1,14,3,Low energy discharge,0.8333333333333334,0.8163265306122449,0.8247422680412371,49
contiguous_gap,0.1,14,4,Low-temperature overheating,0.8111111111111111,0.8902439024390244,0.8488372093023255,82
contiguous_gap,0.1,15,1,Normal mode,0.983402489626556,0.9726402188782489,0.9779917469050894,731
contiguous_gap,0.1,15,2,Partial discharge,0.9210526315789473,0.9210526315789473,0.9210526315789473,38
contiguous_gap,0.1,15,3,Low energy discharge,0.8333333333333334,0.8163265306122449,0.8247422680412371,49
contiguous_gap,0.1,15,4,Low-temperature overheating,0.8021978021978022,0.8902439024390244,0.8439306358381503,82
contiguous_gap,0.1,16,1,Normal mode,0.983448275862069,0.9753761969904241,0.9793956043956044,731
contiguous_gap,0.1,16,2,Partial discharge,0.9210526315789473,0.9210526315789473,0.9210526315789473,38
contiguous_gap,0.1,16,3,Low energy discharge,0.8695652173913043,0.8163265306122449,0.8421052631578947,49
contiguous_gap,0.1,16,4,Low-temperature overheating,0.8131868131868132,0.9024390243902439,0.8554913294797688,82
contiguous_gap,0.1,17,1,Normal mode,0.9834254143646409,0.9740082079343365,0.9786941580756013,731
contiguous_gap,0.1,17,2,Partial discharge,0.9210526315789473,0.9210526315789473,0.9210526315789473,38
contiguous_gap,0.1,17,3,Low energy discharge,0.851063829787234,0.8163265306122449,0.8333333333333334,49
contiguous_gap,0.1,17,4,Low-temperature overheating,0.8131868131868132,0.9024390243902439,0.8554913294797688,82
contiguous_gap,0.1,18,1,Normal mode,0.983448275862069,0.9753761969904241,0.9793956043956044,731
contiguous_gap,0.1,18,2,Partial discharge,0.9459459459459459,0.9210526315789473,0.9333333333333333,38
contiguous_gap,0.1,18,3,Low energy discharge,0.8695652173913043,0.8163265306122449,0.8421052631578947,49
contiguous_gap,0.1,18,4,Low-temperature overheating,0.8152173913043478,0.9146341463414634,0.8620689655172413,82
contiguous_gap,0.1,19,1,Normal mode,0.983448275862069,0.9753761969904241,0.9793956043956044,731
contiguous_gap,0.1,19,2,Partial discharge,0.9210526315789473,0.9210526315789473,0.9210526315789473,38
contiguous_gap,0.1,19,3,Low energy discharge,0.8695652173913043,0.8163265306122449,0.8421052631578947,49
contiguous_gap,0.1,19,4,Low-temperature overheating,0.8131868131868132,0.9024390243902439,0.8554913294797688,82
contiguous_gap,0.2,0,1,Normal mode,0.983448275862069,0.9753761969904241,0.9793956043956044,731
contiguous_gap,0.2,0,2,Partial discharge,0.9210526315789473,0.9210526315789473,0.9210526315789473,38
contiguous_gap,0.2,0,3,Low energy discharge,0.8695652173913043,0.8163265306122449,0.8421052631578947,49
contiguous_gap,0.2,0,4,Low-temperature overheating,0.8131868131868132,0.9024390243902439,0.8554913294797688,82
contiguous_gap,0.2,1,1,Normal mode,0.9847856154910097,0.9740082079343365,0.9793672627235214,731
contiguous_gap,0.2,1,2,Partial discharge,0.9210526315789473,0.9210526315789473,0.9210526315789473,38
contiguous_gap,0.2,1,3,Low energy discharge,0.8541666666666666,0.8367346938775511,0.845360824742268,49
contiguous_gap,0.2,1,4,Low-temperature overheating,0.8131868131868132,0.9024390243902439,0.8554913294797688,82
contiguous_gap,0.2,2,1,Normal mode,0.9834254143646409,0.9740082079343365,0.9786941580756013,731
contiguous_gap,0.2,2,2,Partial discharge,0.9210526315789473,0.9210526315789473,0.9210526315789473,38
contiguous_gap,0.2,2,3,Low energy discharge,0.851063829787234,0.8163265306122449,0.8333333333333334,49
contiguous_gap,0.2,2,4,Low-temperature overheating,0.8021978021978022,0.8902439024390244,0.8439306358381503,82
contiguous_gap,0.2,3,1,Normal mode,0.9820936639118457,0.9753761969904241,0.9787234042553191,731
contiguous_gap,0.2,3,2,Partial discharge,0.9210526315789473,0.9210526315789473,0.9210526315789473,38
contiguous_gap,0.2,3,3,Low energy discharge,0.8666666666666667,0.7959183673469388,0.8297872340425532,49
contiguous_gap,0.2,3,4,Low-temperature overheating,0.8131868131868132,0.9024390243902439,0.8554913294797688,82
contiguous_gap,0.2,4,1,Normal mode,0.9847645429362881,0.9726402188782489,0.9786648313833448,731
contiguous_gap,0.2,4,2,Partial discharge,0.9210526315789473,0.9210526315789473,0.9210526315789473,38
contiguous_gap,0.2,4,3,Low energy discharge,0.8367346938775511,0.8367346938775511,0.8367346938775511,49
contiguous_gap,0.2,4,4,Low-temperature overheating,0.8021978021978022,0.8902439024390244,0.8439306358381503,82
contiguous_gap,0.2,5,1,Normal mode,0.983448275862069,0.9753761969904241,0.9793956043956044,731
contiguous_gap,0.2,5,2,Partial discharge,0.9210526315789473,0.9210526315789473,0.9210526315789473,38
contiguous_gap,0.2,5,3,Low energy discharge,0.8695652173913043,0.8163265306122449,0.8421052631578947,49
contiguous_gap,0.2,5,4,Low-temperature overheating,0.8131868131868132,0.9024390243902439,0.8554913294797688,82
contiguous_gap,0.2,6,1,Normal mode,0.9848066298342542,0.9753761969904241,0.9800687285223367,731
contiguous_gap,0.2,6,2,Partial discharge,0.9210526315789473,0.9210526315789473,0.9210526315789473,38
contiguous_gap,0.2,6,3,Low energy discharge,0.8478260869565217,0.7959183673469388,0.8210526315789474,49
contiguous_gap,0.2,6,4,Low-temperature overheating,0.8152173913043478,0.9146341463414634,0.8620689655172413,82
contiguous_gap,0.2,7,1,Normal mode,0.983402489626556,0.9726402188782489,0.9779917469050894,731
contiguous_gap,0.2,7,2,Partial discharge,0.9444444444444444,0.8947368421052632,0.918918918918919,38
contiguous_gap,0.2,7,3,Low energy discharge,0.851063829787234,0.8163265306122449,0.8333333333333334,49
contiguous_gap,0.2,7,4,Low-temperature overheating,0.7978723404255319,0.9146341463414634,0.8522727272727273,82
contiguous_gap,0.2,8,1,Normal mode,0.983402489626556,0.9726402188782489,0.9779917469050894,731
contiguous_gap,0.2,8,2,Partial discharge,0.9210526315789473,0.9210526315789473,0.9210526315789473,38
contiguous_gap,0.2,8,3,Low energy discharge,0.851063829787234,0.8163265306122449,0.8333333333333334,49
contiguous_gap,0.2,8,4,Low-temperature overheating,0.8043478260869565,0.9024390243902439,0.8505747126436781,82
contiguous_gap,0.2,9,1,Normal mode,0.9820441988950276,0.9726402188782489,0.977319587628866,731
contiguous_gap,0.2,9,2,Partial discharge,0.918918918918919,0.8947368421052632,0.9066666666666666,38
contiguous_gap,0.2,9,3,Low energy discharge,0.8666666666666667,0.7959183673469388,0.8297872340425532,49
contiguous_gap,0.2,9,4,Low-temperature overheating,0.7872340425531915,0.9024390243902439,0.8409090909090909,82
contiguous_gap,0.2,10,1,Normal mode,0.9833795013850416,0.9712722298221614,0.9772883688919477,731
contiguous_gap,0.2,10,2,Partial discharge,0.9210526315789473,0.9210526315789473,0.9210526315789473,38
contiguous_gap,0.2,10,3,Low energy discharge,0.8478260869565217,0.7959183673469388,0.8210526315789474,49
contiguous_gap,0.2,10,4,Low-temperature overheating,0.7872340425531915,0.9024390243902439,0.8409090909090909,82
contiguous_gap,0.2,11,1,Normal mode,0.983402489626556,0.9726402188782489,0.9779917469050894,731
contiguous_gap,0.2,11,2,Partial discharge,0.9459459459459459,0.9210526315789473,0.9333333333333333,38
contiguous_gap,0.2,11,3,Low energy discharge,0.851063829787234,0.8163265306122449,0.8333333333333334,49
contiguous_gap,0.2,11,4,Low-temperature overheating,0.8064516129032258,0.9146341463414634,0.8571428571428571,82
contiguous_gap,0.2,12,1,Normal mode,0.9847856154910097,0.9740082079343365,0.9793672627235214,731
contiguous_gap,0.2,12,2,Partial discharge,0.918918918918919,0.8947368421052632,0.9066666666666666,38
contiguous_gap,0.2,12,3,Low energy discharge,0.8367346938775511,0.8367346938775511,0.8367346938775511,49
contiguous_gap,0.2,12,4,Low-temperature overheating,0.8131868131868132,0.9024390243902439,0.8554913294797688,82
contiguous_gap,0.2,13,1,Normal mode,0.9834710743801653,0.9767441860465116,0.9800960878517502,731
contiguous_gap,0.2,13,2,Partial discharge,0.9210526315789473,0.9210526315789473,0.9210526315789473,38
contiguous_gap,0.2,13,3,Low energy discharge,0.8888888888888888,0.8163265306122449,0.851063829787234,49
contiguous_gap,0.2,13,4,Low-temperature overheating,0.8131868131868132,0.9024390243902439,0.8554913294797688,82
contiguous_gap,0.2,14,1,Normal mode,0.983448275862069,0.9753761969904241,0.9793956043956044,731
contiguous_gap,0.2,14,2,Partial discharge,0.9210526315789473,0.9210526315789473,0.9210526315789473,38
contiguous_gap,0.2,14,3,Low energy discharge,0.851063829787234,0.8163265306122449,0.8333333333333334,49
contiguous_gap,0.2,14,4,Low-temperature overheating,0.8111111111111111,0.8902439024390244,0.8488372093023255,82
contiguous_gap,0.2,15,1,Normal mode,0.9820689655172414,0.9740082079343365,0.978021978021978,731
contiguous_gap,0.2,15,2,Partial discharge,0.9210526315789473,0.9210526315789473,0.9210526315789473,38
contiguous_gap,0.2,15,3,Low energy discharge,0.8478260869565217,0.7959183673469388,0.8210526315789474,49
contiguous_gap,0.2,15,4,Low-temperature overheating,0.8131868131868132,0.9024390243902439,0.8554913294797688,82
contiguous_gap,0.2,16,1,Normal mode,0.9820936639118457,0.9753761969904241,0.9787234042553191,731
contiguous_gap,0.2,16,2,Partial discharge,0.9210526315789473,0.9210526315789473,0.9210526315789473,38
contiguous_gap,0.2,16,3,Low energy discharge,0.8666666666666667,0.7959183673469388,0.8297872340425532,49
contiguous_gap,0.2,16,4,Low-temperature overheating,0.8131868131868132,0.9024390243902439,0.8554913294797688,82
contiguous_gap,0.2,17,1,Normal mode,0.9820689655172414,0.9740082079343365,0.978021978021978,731
contiguous_gap,0.2,17,2,Partial discharge,0.918918918918919,0.8947368421052632,0.9066666666666666,38
contiguous_gap,0.2,17,3,Low energy discharge,0.8666666666666667,0.7959183673469388,0.8297872340425532,49
contiguous_gap,0.2,17,4,Low-temperature overheating,0.7956989247311828,0.9024390243902439,0.8457142857142858,82
contiguous_gap,0.2,18,1,Normal mode,0.9847856154910097,0.9740082079343365,0.9793672627235214,731
contiguous_gap,0.2,18,2,Partial discharge,0.918918918918919,0.8947368421052632,0.9066666666666666,38
contiguous_gap,0.2,18,3,Low energy discharge,0.8541666666666666,0.8367346938775511,0.845360824742268,49
contiguous_gap,0.2,18,4,Low-temperature overheating,0.8043478260869565,0.9024390243902439,0.8505747126436781,82
contiguous_gap,0.2,19,1,Normal mode,0.9834254143646409,0.9740082079343365,0.9786941580756013,731
contiguous_gap,0.2,19,2,Partial discharge,0.9210526315789473,0.9210526315789473,0.9210526315789473,38
contiguous_gap,0.2,19,3,Low energy discharge,0.851063829787234,0.8163265306122449,0.8333333333333334,49
contiguous_gap,0.2,19,4,Low-temperature overheating,0.8131868131868132,0.9024390243902439,0.8554913294797688,82
linear_sensor_drift,0.05,0,1,Normal mode,0.984743411927878,0.9712722298221614,0.977961432506887,731
linear_sensor_drift,0.05,0,2,Partial discharge,0.9210526315789473,0.9210526315789473,0.9210526315789473,38
linear_sensor_drift,0.05,0,3,Low energy discharge,0.8541666666666666,0.8367346938775511,0.845360824742268,49
linear_sensor_drift,0.05,0,4,Low-temperature overheating,0.7956989247311828,0.9024390243902439,0.8457142857142858,82
linear_sensor_drift,0.05,1,1,Normal mode,0.983402489626556,0.9726402188782489,0.9779917469050894,731
linear_sensor_drift,0.05,1,2,Partial discharge,0.9210526315789473,0.9210526315789473,0.9210526315789473,38
linear_sensor_drift,0.05,1,3,Low energy discharge,0.7884615384615384,0.8367346938775511,0.8118811881188119,49
linear_sensor_drift,0.05,1,4,Low-temperature overheating,0.8275862068965517,0.8780487804878049,0.8520710059171598,82
linear_sensor_drift,0.05,2,1,Normal mode,0.983402489626556,0.9726402188782489,0.9779917469050894,731
linear_sensor_drift,0.05,2,2,Partial discharge,0.8974358974358975,0.9210526315789473,0.9090909090909091,38
linear_sensor_drift,0.05,2,3,Low energy discharge,0.8333333333333334,0.8163265306122449,0.8247422680412371,49
linear_sensor_drift,0.05,2,4,Low-temperature overheating,0.8,0.8780487804878049,0.8372093023255814,82
linear_sensor_drift,0.05,3,1,Normal mode,0.9834710743801653,0.9767441860465116,0.9800960878517502,731
linear_sensor_drift,0.05,3,2,Partial discharge,0.9210526315789473,0.9210526315789473,0.9210526315789473,38
linear_sensor_drift,0.05,3,3,Low energy discharge,0.8478260869565217,0.7959183673469388,0.8210526315789474,49
linear_sensor_drift,0.05,3,4,Low-temperature overheating,0.8111111111111111,0.8902439024390244,0.8488372093023255,82
linear_sensor_drift,0.05,4,1,Normal mode,0.9834254143646409,0.9740082079343365,0.9786941580756013,731
linear_sensor_drift,0.05,4,2,Partial discharge,0.9210526315789473,0.9210526315789473,0.9210526315789473,38
linear_sensor_drift,0.05,4,3,Low energy discharge,0.8125,0.7959183673469388,0.8041237113402062,49
linear_sensor_drift,0.05,4,4,Low-temperature overheating,0.8,0.8780487804878049,0.8372093023255814,82
linear_sensor_drift,0.05,5,1,Normal mode,0.9875173370319001,0.9740082079343365,0.9807162534435262,731
linear_sensor_drift,0.05,5,2,Partial discharge,0.9210526315789473,0.9210526315789473,0.9210526315789473,38
linear_sensor_drift,0.05,5,3,Low energy discharge,0.86,0.8775510204081632,0.8686868686868687,49
linear_sensor_drift,0.05,5,4,Low-temperature overheating,0.8131868131868132,0.9024390243902439,0.8554913294797688,82
linear_sensor_drift,0.05,6,1,Normal mode,0.9861111111111112,0.9712722298221614,0.9786354238456237,731
linear_sensor_drift,0.05,6,2,Partial discharge,0.9459459459459459,0.9210526315789473,0.9333333333333333,38
linear_sensor_drift,0.05,6,3,Low energy discharge,0.8541666666666666,0.8367346938775511,0.845360824742268,49
linear_sensor_drift,0.05,6,4,Low-temperature overheating,0.8,0.926829268292683,0.8587570621468926,82
linear_sensor_drift,0.05,7,1,Normal mode,0.9819694868238558,0.9685362517099864,0.9752066115702479,731
linear_sensor_drift,0.05,7,2,Partial discharge,0.9210526315789473,0.9210526315789473,0.9210526315789473,38
linear_sensor_drift,0.05,7,3,Low energy discharge,0.8163265306122449,0.8163265306122449,0.8163265306122449,49
linear_sensor_drift,0.05,7,4,Low-temperature overheating,0.7934782608695652,0.8902439024390244,0.8390804597701149,82
linear_sensor_drift,0.05,8,1,Normal mode,0.984743411927878,0.9712722298221614,0.977961432506887,731
linear_sensor_drift,0.05,8,2,Partial discharge,0.9459459459459459,0.9210526315789473,0.9333333333333333,38
linear_sensor_drift,0.05,8,3,Low energy discharge,0.8571428571428571,0.8571428571428571,0.8571428571428571,49
linear_sensor_drift,0.05,8,4,Low-temperature overheating,0.8064516129032258,0.9146341463414634,0.8571428571428571,82
linear_sensor_drift,0.05,9,1,Normal mode,0.9834710743801653,0.9767441860465116,0.9800960878517502,731
linear_sensor_drift,0.05,9,2,Partial discharge,0.9210526315789473,0.9210526315789473,0.9210526315789473,38
linear_sensor_drift,0.05,9,3,Low energy discharge,0.8913043478260869,0.8367346938775511,0.8631578947368421,49
linear_sensor_drift,0.05,9,4,Low-temperature overheating,0.8111111111111111,0.8902439024390244,0.8488372093023255,82
linear_sensor_drift,0.05,10,1,Normal mode,0.983402489626556,0.9726402188782489,0.9779917469050894,731
linear_sensor_drift,0.05,10,2,Partial discharge,0.9210526315789473,0.9210526315789473,0.9210526315789473,38
linear_sensor_drift,0.05,10,3,Low energy discharge,0.8571428571428571,0.8571428571428571,0.8571428571428571,49
linear_sensor_drift,0.05,10,4,Low-temperature overheating,0.8111111111111111,0.8902439024390244,0.8488372093023255,82
linear_sensor_drift,0.05,11,1,Normal mode,0.9820936639118457,0.9753761969904241,0.9787234042553191,731
linear_sensor_drift,0.05,11,2,Partial discharge,0.9210526315789473,0.9210526315789473,0.9210526315789473,38
linear_sensor_drift,0.05,11,3,Low energy discharge,0.8695652173913043,0.8163265306122449,0.8421052631578947,49
linear_sensor_drift,0.05,11,4,Low-temperature overheating,0.8111111111111111,0.8902439024390244,0.8488372093023255,82
linear_sensor_drift,0.05,12,1,Normal mode,0.981994459833795,0.9699042407660738,0.9759119064005506,731
linear_sensor_drift,0.05,12,2,Partial discharge,0.9459459459459459,0.9210526315789473,0.9333333333333333,38
linear_sensor_drift,0.05,12,3,Low energy discharge,0.8163265306122449,0.8163265306122449,0.8163265306122449,49
linear_sensor_drift,0.05,12,4,Low-temperature overheating,0.8043478260869565,0.9024390243902439,0.8505747126436781,82
linear_sensor_drift,0.05,13,1,Normal mode,0.9833795013850416,0.9712722298221614,0.9772883688919477,731
linear_sensor_drift,0.05,13,2,Partial discharge,0.9210526315789473,0.9210526315789473,0.9210526315789473,38
linear_sensor_drift,0.05,13,3,Low energy discharge,0.8571428571428571,0.8571428571428571,0.8571428571428571,49
linear_sensor_drift,0.05,13,4,Low-temperature overheating,0.7912087912087912,0.8780487804878049,0.8323699421965318,82
linear_sensor_drift,0.05,14,1,Normal mode,0.983402489626556,0.9726402188782489,0.9779917469050894,731
linear_sensor_drift,0.05,14,2,Partial discharge,0.9210526315789473,0.9210526315789473,0.9210526315789473,38
linear_sensor_drift,0.05,14,3,Low energy discharge,0.8367346938775511,0.8367346938775511,0.8367346938775511,49
linear_sensor_drift,0.05,14,4,Low-temperature overheating,0.8111111111111111,0.8902439024390244,0.8488372093023255,82
linear_sensor_drift,0.05,15,1,Normal mode,0.9820193637621023,0.9712722298221614,0.9766162310866575,731
linear_sensor_drift,0.05,15,2,Partial discharge,0.9210526315789473,0.9210526315789473,0.9210526315789473,38
linear_sensor_drift,0.05,15,3,Low energy discharge,0.8163265306122449,0.8163265306122449,0.8163265306122449,49
linear_sensor_drift,0.05,15,4,Low-temperature overheating,0.7888888888888889,0.8658536585365854,0.8255813953488372,82
linear_sensor_drift,0.05,16,1,Normal mode,0.981994459833795,0.9699042407660738,0.9759119064005506,731
linear_sensor_drift,0.05,16,2,Partial discharge,0.9459459459459459,0.9210526315789473,0.9333333333333333,38
linear_sensor_drift,0.05,16,3,Low energy discharge,0.8085106382978723,0.7755102040816326,0.7916666666666666,49
linear_sensor_drift,0.05,16,4,Low-temperature overheating,0.7872340425531915,0.9024390243902439,0.8409090909090909,82
linear_sensor_drift,0.05,17,1,Normal mode,0.9874651810584958,0.9699042407660738,0.9786059351276742,731
linear_sensor_drift,0.05,17,2,Partial discharge,0.8974358974358975,0.9210526315789473,0.9090909090909091,38
linear_sensor_drift,0.05,17,3,Low energy discharge,0.8571428571428571,0.8571428571428571,0.8571428571428571,49
linear_sensor_drift,0.05,17,4,Low-temperature overheating,0.7872340425531915,0.9024390243902439,0.8409090909090909,82
linear_sensor_drift,0.05,18,1,Normal mode,0.9874826147426982,0.9712722298221614,0.9793103448275862,731
linear_sensor_drift,0.05,18,2,Partial discharge,0.9459459459459459,0.9210526315789473,0.9333333333333333,38
linear_sensor_drift,0.05,18,3,Low energy discharge,0.86,0.8775510204081632,0.8686868686868687,49
linear_sensor_drift,0.05,18,4,Low-temperature overheating,0.7872340425531915,0.9024390243902439,0.8409090909090909,82
linear_sensor_drift,0.05,19,1,Normal mode,0.9820193637621023,0.9712722298221614,0.9766162310866575,731
linear_sensor_drift,0.05,19,2,Partial discharge,0.9210526315789473,0.9210526315789473,0.9210526315789473,38
linear_sensor_drift,0.05,19,3,Low energy discharge,0.851063829787234,0.8163265306122449,0.8333333333333334,49
linear_sensor_drift,0.05,19,4,Low-temperature overheating,0.7934782608695652,0.8902439024390244,0.8390804597701149,82
linear_sensor_drift,0.1,0,1,Normal mode,0.9793103448275862,0.9712722298221614,0.9752747252747253,731
linear_sensor_drift,0.1,0,2,Partial discharge,0.9210526315789473,0.9210526315789473,0.9210526315789473,38
linear_sensor_drift,0.1,0,3,Low energy discharge,0.8604651162790697,0.7551020408163265,0.8043478260869565,49
linear_sensor_drift,0.1,0,4,Low-temperature overheating,0.7659574468085106,0.8780487804878049,0.8181818181818182,82
linear_sensor_drift,0.1,1,1,Normal mode,0.9779005524861878,0.9685362517099864,0.9731958762886598,731
linear_sensor_drift,0.1,1,2,Partial discharge,0.9230769230769231,0.9473684210526315,0.935064935064935,38
linear_sensor_drift,0.1,1,3,Low energy discharge,0.78,0.7959183673469388,0.7878787878787878,49
linear_sensor_drift,0.1,1,4,Low-temperature overheating,0.7931034482758621,0.8414634146341463,0.8165680473372781,82
linear_sensor_drift,0.1,2,1,Normal mode,0.9819193324061196,0.9658002735978112,0.9737931034482759,731
linear_sensor_drift,0.1,2,2,Partial discharge,0.9210526315789473,0.9210526315789473,0.9210526315789473,38
linear_sensor_drift,0.1,2,3,Low energy discharge,0.82,0.8367346938775511,0.8282828282828283,49
linear_sensor_drift,0.1,2,4,Low-temperature overheating,0.7741935483870968,0.8780487804878049,0.8228571428571428,82
linear_sensor_drift,0.1,3,1,Normal mode,0.983402489626556,0.9726402188782489,0.9779917469050894,731
linear_sensor_drift,0.1,3,2,Partial discharge,0.9230769230769231,0.9473684210526315,0.935064935064935,38
linear_sensor_drift,0.1,3,3,Low energy discharge,0.8297872340425532,0.7959183673469388,0.8125,49
linear_sensor_drift,0.1,3,4,Low-temperature overheating,0.7912087912087912,0.8780487804878049,0.8323699421965318,82
linear_sensor_drift,0.1,4,1,Normal mode,0.977961432506887,0.9712722298221614,0.9746053534660261,731
linear_sensor_drift,0.1,4,2,Partial discharge,0.918918918918919,0.8947368421052632,0.9066666666666666,38
linear_sensor_drift,0.1,4,3,Low energy discharge,0.8260869565217391,0.7755102040816326,0.8,49
linear_sensor_drift,0.1,4,4,Low-temperature overheating,0.7802197802197802,0.8658536585365854,0.8208092485549133,82
linear_sensor_drift,0.1,5,1,Normal mode,0.9766483516483516,0.9726402188782489,0.9746401644962303,731
linear_sensor_drift,0.1,5,2,Partial discharge,0.918918918918919,0.8947368421052632,0.9066666666666666,38
linear_sensor_drift,0.1,5,3,Low energy discharge,0.8571428571428571,0.7346938775510204,0.7912087912087912,49
linear_sensor_drift,0.1,5,4,Low-temperature overheating,0.7526881720430108,0.8536585365853658,0.8,82
linear_sensor_drift,0.1,6,1,Normal mode,0.9778393351800554,0.9658002735978112,0.9717825189263593,731
linear_sensor_drift,0.1,6,2,Partial discharge,0.8974358974358975,0.9210526315789473,0.9090909090909091,38
linear_sensor_drift,0.1,6,3,Low energy discharge,0.8222222222222222,0.7551020408163265,0.7872340425531915,49
linear_sensor_drift,0.1,6,4,Low-temperature overheating,0.7553191489361702,0.8658536585365854,0.8068181818181818,82
linear_sensor_drift,0.1,7,1,Normal mode,0.9766483516483516,0.9726402188782489,0.9746401644962303,731
linear_sensor_drift,0.1,7,2,Partial discharge,0.9210526315789473,0.9210526315789473,0.9210526315789473,38
linear_sensor_drift,0.1,7,3,Low energy discharge,0.782608695652174,0.7346938775510204,0.7578947368421053,49
linear_sensor_drift,0.1,7,4,Low-temperature overheating,0.7840909090909091,0.8414634146341463,0.8117647058823529,82
linear_sensor_drift,0.1,8,1,Normal mode,0.9847009735744089,0.9685362517099864,0.976551724137931,731
linear_sensor_drift,0.1,8,2,Partial discharge,0.8947368421052632,0.8947368421052632,0.8947368421052632,38
linear_sensor_drift,0.1,8,3,Low energy discharge,0.803921568627451,0.8367346938775511,0.82,49
linear_sensor_drift,0.1,8,4,Low-temperature overheating,0.782608695652174,0.8780487804878049,0.8275862068965517,82
linear_sensor_drift,0.1,9,1,Normal mode,0.9834254143646409,0.9740082079343365,0.9786941580756013,731
linear_sensor_drift,0.1,9,2,Partial discharge,0.8974358974358975,0.9210526315789473,0.9090909090909091,38
linear_sensor_drift,0.1,9,3,Low energy discharge,0.8043478260869565,0.7551020408163265,0.7789473684210526,49
linear_sensor_drift,0.1,9,4,Low-temperature overheating,0.7912087912087912,0.8780487804878049,0.8323699421965318,82
linear_sensor_drift,0.1,10,1,Normal mode,0.9793388429752066,0.9726402188782489,0.9759780370624571,731
linear_sensor_drift,0.1,10,2,Partial discharge,0.9210526315789473,0.9210526315789473,0.9210526315789473,38
linear_sensor_drift,0.1,10,3,Low energy discharge,0.8222222222222222,0.7551020408163265,0.7872340425531915,49
linear_sensor_drift,0.1,10,4,Low-temperature overheating,0.8021978021978022,0.8902439024390244,0.8439306358381503,82
linear_sensor_drift,0.1,11,1,Normal mode,0.9834254143646409,0.9740082079343365,0.9786941580756013,731
linear_sensor_drift,0.1,11,2,Partial discharge,0.9444444444444444,0.8947368421052632,0.918918918918919,38
linear_sensor_drift,0.1,11,3,Low energy discharge,0.8367346938775511,0.8367346938775511,0.8367346938775511,49
linear_sensor_drift,0.1,11,4,Low-temperature overheating,0.8131868131868132,0.9024390243902439,0.8554913294797688,82
linear_sensor_drift,0.1,12,1,Normal mode,0.979253112033195,0.9685362517099864,0.9738651994497937,731
linear_sensor_drift,0.1,12,2,Partial discharge,0.8947368421052632,0.8947368421052632,0.8947368421052632,38
linear_sensor_drift,0.1,12,3,Low energy discharge,0.8043478260869565,0.7551020408163265,0.7789473684210526,49
linear_sensor_drift,0.1,12,4,Low-temperature overheating,0.7526881720430108,0.8536585365853658,0.8,82
linear_sensor_drift,0.1,13,1,Normal mode,0.9807162534435262,0.9740082079343365,0.9773507206588882,731
linear_sensor_drift,0.1,13,2,Partial discharge,0.9210526315789473,0.9210526315789473,0.9210526315789473,38
linear_sensor_drift,0.1,13,3,Low energy discharge,0.8125,0.7959183673469388,0.8041237113402062,49
linear_sensor_drift,0.1,13,4,Low-temperature overheating,0.8181818181818182,0.8780487804878049,0.8470588235294118,82
linear_sensor_drift,0.1,14,1,Normal mode,0.9765840220385675,0.9699042407660738,0.9732326698695951,731
linear_sensor_drift,0.1,14,2,Partial discharge,0.9459459459459459,0.9210526315789473,0.9333333333333333,38
linear_sensor_drift,0.1,14,3,Low energy discharge,0.875,0.7142857142857143,0.7865168539325843,49
linear_sensor_drift,0.1,14,4,Low-temperature overheating,0.7628865979381443,0.9024390243902439,0.8268156424581006,82
linear_sensor_drift,0.1,15,1,Normal mode,0.9792243767313019,0.9671682626538988,0.9731589814177564,731
linear_sensor_drift,0.1,15,2,Partial discharge,0.9230769230769231,0.9473684210526315,0.935064935064935,38
linear_sensor_drift,0.1,15,3,Low energy discharge,0.8478260869565217,0.7959183673469388,0.8210526315789474,49
linear_sensor_drift,0.1,15,4,Low-temperature overheating,0.7526881720430108,0.8536585365853658,0.8,82
linear_sensor_drift,0.1,16,1,Normal mode,0.9793956043956044,0.9753761969904241,0.9773817683344757,731
linear_sensor_drift,0.1,16,2,Partial discharge,0.9210526315789473,0.9210526315789473,0.9210526315789473,38
linear_sensor_drift,0.1,16,3,Low energy discharge,0.8,0.7346938775510204,0.7659574468085106,49
linear_sensor_drift,0.1,16,4,Low-temperature overheating,0.8202247191011236,0.8902439024390244,0.8538011695906432,82
linear_sensor_drift,0.1,17,1,Normal mode,0.9806362378976486,0.9699042407660738,0.9752407152682255,731
linear_sensor_drift,0.1,17,2,Partial discharge,0.9210526315789473,0.9210526315789473,0.9210526315789473,38
linear_sensor_drift,0.1,17,3,Low energy discharge,0.8372093023255814,0.7346938775510204,0.782608695652174,49
linear_sensor_drift,0.1,17,4,Low-temperature overheating,0.7604166666666666,0.8902439024390244,0.8202247191011236,82
linear_sensor_drift,0.1,18,1,Normal mode,0.9847222222222223,0.9699042407660738,0.9772570640937285,731
linear_sensor_drift,0.1,18,2,Partial discharge,0.9230769230769231,0.9473684210526315,0.935064935064935,38
linear_sensor_drift,0.1,18,3,Low energy discharge,0.851063829787234,0.8163265306122449,0.8333333333333334,49
linear_sensor_drift,0.1,18,4,Low-temperature overheating,0.776595744680851,0.8902439024390244,0.8295454545454546,82
linear_sensor_drift,0.1,19,1,Normal mode,0.9793103448275862,0.9712722298221614,0.9752747252747253,731
linear_sensor_drift,0.1,19,2,Partial discharge,0.9459459459459459,0.9210526315789473,0.9333333333333333,38
linear_sensor_drift,0.1,19,3,Low energy discharge,0.7959183673469388,0.7959183673469388,0.7959183673469388,49
linear_sensor_drift,0.1,19,4,Low-temperature overheating,0.7865168539325843,0.8536585365853658,0.8187134502923976,82
linear_sensor_drift,0.2,0,1,Normal mode,0.9723756906077348,0.9630642954856361,0.9676975945017182,731
linear_sensor_drift,0.2,0,2,Partial discharge,0.8918918918918919,0.868421052631579,0.88,38
linear_sensor_drift,0.2,0,3,Low energy discharge,0.7857142857142857,0.673469387755102,0.7252747252747253,49
linear_sensor_drift,0.2,0,4,Low-temperature overheating,0.7010309278350515,0.8292682926829268,0.7597765363128491,82
linear_sensor_drift,0.2,1,1,Normal mode,0.9724517906336089,0.9658002735978112,0.9691146190803019,731
linear_sensor_drift,0.2,1,2,Partial discharge,0.9090909090909091,0.7894736842105263,0.8450704225352113,38
linear_sensor_drift,0.2,1,3,Low energy discharge,0.782608695652174,0.7346938775510204,0.7578947368421053,49
linear_sensor_drift,0.2,1,4,Low-temperature overheating,0.6842105263157895,0.7926829268292683,0.7344632768361582,82
linear_sensor_drift,0.2,2,1,Normal mode,0.966804979253112,0.9562243502051984,0.9614855570839065,731
linear_sensor_drift,0.2,2,2,Partial discharge,0.9166666666666666,0.868421052631579,0.8918918918918919,38
linear_sensor_drift,0.2,2,3,Low energy discharge,0.7391304347826086,0.6938775510204082,0.7157894736842105,49
linear_sensor_drift,0.2,2,4,Low-temperature overheating,0.6947368421052632,0.8048780487804879,0.7457627118644068,82
linear_sensor_drift,0.2,3,1,Normal mode,0.9698630136986301,0.9685362517099864,0.9691991786447639,731
linear_sensor_drift,0.2,3,2,Partial discharge,0.8888888888888888,0.8421052631578947,0.8648648648648649,38
linear_sensor_drift,0.2,3,3,Low energy discharge,0.8372093023255814,0.7346938775510204,0.782608695652174,49
linear_sensor_drift,0.2,3,4,Low-temperature overheating,0.7142857142857143,0.7926829268292683,0.7514450867052023,82
linear_sensor_drift,0.2,4,1,Normal mode,0.9747545582047685,0.9507523939808481,0.9626038781163435,731
linear_sensor_drift,0.2,4,2,Partial discharge,0.8780487804878049,0.9473684210526315,0.9113924050632911,38
linear_sensor_drift,0.2,4,3,Low energy discharge,0.7037037037037037,0.7755102040816326,0.7378640776699029,49
linear_sensor_drift,0.2,4,4,Low-temperature overheating,0.717391304347826,0.8048780487804879,0.7586206896551724,82
linear_sensor_drift,0.2,5,1,Normal mode,0.9751724137931035,0.9671682626538988,0.9711538461538461,731
linear_sensor_drift,0.2,5,2,Partial discharge,0.8918918918918919,0.868421052631579,0.88,38
linear_sensor_drift,0.2,5,3,Low energy discharge,0.7659574468085106,0.7346938775510204,0.75,49
linear_sensor_drift,0.2,5,4,Low-temperature overheating,0.7472527472527473,0.8292682926829268,0.7861271676300579,82
linear_sensor_drift,0.2,6,1,Normal mode,0.9697802197802198,0.9658002735978112,0.9677861549006168,731
linear_sensor_drift,0.2,6,2,Partial discharge,0.9473684210526315,0.9473684210526315,0.9473684210526315,38
linear_sensor_drift,0.2,6,3,Low energy discharge,0.85,0.6938775510204082,0.7640449438202247,49
linear_sensor_drift,0.2,6,4,Low-temperature overheating,0.7127659574468085,0.8170731707317073,0.7613636363636364,82
linear_sensor_drift,0.2,7,1,Normal mode,0.9733893557422969,0.9507523939808481,0.9619377162629758,731
linear_sensor_drift,0.2,7,2,Partial discharge,0.8857142857142857,0.8157894736842105,0.8493150684931506,38
linear_sensor_drift,0.2,7,3,Low energy discharge,0.6727272727272727,0.7551020408163265,0.7115384615384616,49
linear_sensor_drift,0.2,7,4,Low-temperature overheating,0.6770833333333334,0.7926829268292683,0.7303370786516854,82
linear_sensor_drift,0.2,8,1,Normal mode,0.970873786407767,0.957592339261286,0.9641873278236914,731
linear_sensor_drift,0.2,8,2,Partial discharge,0.8918918918918919,0.868421052631579,0.88,38
linear_sensor_drift,0.2,8,3,Low energy discharge,0.7755102040816326,0.7755102040816326,0.7755102040816326,49
linear_sensor_drift,0.2,8,4,Low-temperature overheating,0.7204301075268817,0.8170731707317073,0.7657142857142857,82
linear_sensor_drift,0.2,9,1,Normal mode,0.9721448467966574,0.9548563611491108,0.9634230503795721,731
linear_sensor_drift,0.2,9,2,Partial discharge,0.8918918918918919,0.868421052631579,0.88,38
linear_sensor_drift,0.2,9,3,Low energy discharge,0.717391304347826,0.673469387755102,0.6947368421052632,49
linear_sensor_drift,0.2,9,4,Low-temperature overheating,0.7070707070707071,0.8536585365853658,0.7734806629834254,82
linear_sensor_drift,0.2,10,1,Normal mode,0.9709944751381215,0.9616963064295485,0.9663230240549828,731
linear_sensor_drift,0.2,10,2,Partial discharge,0.8717948717948718,0.8947368421052632,0.8831168831168831,38
linear_sensor_drift,0.2,10,3,Low energy discharge,0.7380952380952381,0.6326530612244898,0.6813186813186813,49
linear_sensor_drift,0.2,10,4,Low-temperature overheating,0.7052631578947368,0.8170731707317073,0.7570621468926554,82
linear_sensor_drift,0.2,11,1,Normal mode,0.9778085991678225,0.9644322845417237,0.9710743801652892,731
linear_sensor_drift,0.2,11,2,Partial discharge,0.9428571428571428,0.868421052631579,0.9041095890410958,38
linear_sensor_drift,0.2,11,3,Low energy discharge,0.7777777777777778,0.7142857142857143,0.7446808510638298,49
linear_sensor_drift,0.2,11,4,Low-temperature overheating,0.7171717171717171,0.8658536585365854,0.7845303867403315,82
linear_sensor_drift,0.2,12,1,Normal mode,0.9803646563814866,0.9562243502051984,0.9681440443213296,731
linear_sensor_drift,0.2,12,2,Partial discharge,0.875,0.9210526315789473,0.8974358974358975,38
linear_sensor_drift,0.2,12,3,Low energy discharge,0.7551020408163265,0.7551020408163265,0.7551020408163265,49
linear_sensor_drift,0.2,12,4,Low-temperature overheating,0.7142857142857143,0.8536585365853658,0.7777777777777778,82
linear_sensor_drift,0.2,13,1,Normal mode,0.9722222222222222,0.957592339261286,0.9648518263266712,731
linear_sensor_drift,0.2,13,2,Partial discharge,0.8947368421052632,0.8947368421052632,0.8947368421052632,38
linear_sensor_drift,0.2,13,3,Low energy discharge,0.7083333333333334,0.6938775510204082,0.7010309278350515,49
linear_sensor_drift,0.2,13,4,Low-temperature overheating,0.7021276595744681,0.8048780487804879,0.75,82
linear_sensor_drift,0.2,14,1,Normal mode,0.9722222222222222,0.957592339261286,0.9648518263266712,731
linear_sensor_drift,0.2,14,2,Partial discharge,0.9393939393939394,0.8157894736842105,0.8732394366197183,38
linear_sensor_drift,0.2,14,3,Low energy discharge,0.7115384615384616,0.7551020408163265,0.7326732673267327,49
linear_sensor_drift,0.2,14,4,Low-temperature overheating,0.7263157894736842,0.8414634146341463,0.7796610169491526,82
linear_sensor_drift,0.2,15,1,Normal mode,0.9762237762237762,0.9548563611491108,0.9654218533886584,731
linear_sensor_drift,0.2,15,2,Partial discharge,0.9459459459459459,0.9210526315789473,0.9333333333333333,38
linear_sensor_drift,0.2,15,3,Low energy discharge,0.7346938775510204,0.7346938775510204,0.7346938775510204,49
linear_sensor_drift,0.2,15,4,Low-temperature overheating,0.7171717171717171,0.8658536585365854,0.7845303867403315,82
linear_sensor_drift,0.2,16,1,Normal mode,0.9735376044568245,0.9562243502051984,0.9648033126293996,731
linear_sensor_drift,0.2,16,2,Partial discharge,0.8333333333333334,0.9210526315789473,0.875,38
linear_sensor_drift,0.2,16,3,Low energy discharge,0.673469387755102,0.673469387755102,0.673469387755102,49
linear_sensor_drift,0.2,16,4,Low-temperature overheating,0.7252747252747253,0.8048780487804879,0.7630057803468208,82
linear_sensor_drift,0.2,17,1,Normal mode,0.9642365887207703,0.9589603283173734,0.9615912208504801,731
linear_sensor_drift,0.2,17,2,Partial discharge,0.8648648648648649,0.8421052631578947,0.8533333333333334,38
linear_sensor_drift,0.2,17,3,Low energy discharge,0.7111111111111111,0.6530612244897959,0.6808510638297872,49
linear_sensor_drift,0.2,17,4,Low-temperature overheating,0.6593406593406593,0.7317073170731707,0.6936416184971098,82
linear_sensor_drift,0.2,18,1,Normal mode,0.9764216366158114,0.9630642954856361,0.9696969696969697,731
linear_sensor_drift,0.2,18,2,Partial discharge,0.9473684210526315,0.9473684210526315,0.9473684210526315,38
linear_sensor_drift,0.2,18,3,Low energy discharge,0.7272727272727273,0.6530612244897959,0.6881720430107527,49
linear_sensor_drift,0.2,18,4,Low-temperature overheating,0.7525773195876289,0.8902439024390244,0.8156424581005587,82
linear_sensor_drift,0.2,19,1,Normal mode,0.9739368998628258,0.9712722298221614,0.9726027397260274,731
linear_sensor_drift,0.2,19,2,Partial discharge,0.918918918918919,0.8947368421052632,0.9066666666666666,38
linear_sensor_drift,0.2,19,3,Low energy discharge,0.8043478260869565,0.7551020408163265,0.7789473684210526,49
linear_sensor_drift,0.2,19,4,Low-temperature overheating,0.7613636363636364,0.8170731707317073,0.788235294117647,82
